2026-07-11T11:08:14,007 [main] INFO  a.f.a.t.Tool$ - # APALACHE version: 0.56.1 | build: 70cdaf4
2026-07-11T11:08:14,017 [main] INFO  a.f.a.t.t.o.ServerCmd - Starting checker server on port 8822...
2026-07-11T11:08:17,704 [zio-default-async-5] INFO  a.f.a.i.p.PassChainExecutor - PASS #0: SanyParser
2026-07-11T11:08:18,646 [zio-default-async-5] DEBUG a.f.a.i.p.PassChainExecutor - PASS #0: SanyParser [OK]
2026-07-11T11:08:18,647 [zio-default-async-5] INFO  a.f.a.i.p.PassChainExecutor - PASS #1: TypeCheckerSnowcat
2026-07-11T11:08:18,647 [zio-default-async-5] INFO  a.f.a.t.p.t.EtcTypeCheckerPassImpl -  > Running Snowcat .::.
2026-07-11T11:08:24,776 [zio-default-async-5] INFO  a.f.a.t.p.t.EtcTypeCheckerPassImpl -  > Your types are purrfect!
2026-07-11T11:08:24,776 [zio-default-async-5] INFO  a.f.a.t.p.t.EtcTypeCheckerPassImpl -  > All expressions are typed
2026-07-11T11:08:24,777 [zio-default-async-5] DEBUG a.f.a.i.p.PassChainExecutor - PASS #1: TypeCheckerSnowcat [OK]
2026-07-11T11:08:24,777 [zio-default-async-5] INFO  a.f.a.i.p.PassChainExecutor - PASS #2: ConfigurationPass
2026-07-11T11:08:24,782 [zio-default-async-5] INFO  a.f.a.t.p.p.ConfigurationPassImpl -   > Set the initialization predicate to q::init
2026-07-11T11:08:24,782 [zio-default-async-5] INFO  a.f.a.t.p.p.ConfigurationPassImpl -   > Set the transition predicate to q::step
2026-07-11T11:08:24,783 [zio-default-async-5] INFO  a.f.a.t.p.p.ConfigurationPassImpl -   > Set a temporal property to q::temporalProps
2026-07-11T11:08:24,789 [zio-default-async-5] DEBUG a.f.a.i.p.PassChainExecutor - PASS #2: ConfigurationPass [OK]
2026-07-11T11:08:24,789 [zio-default-async-5] INFO  a.f.a.i.p.PassChainExecutor - PASS #3: DesugarerPass
2026-07-11T11:08:24,789 [zio-default-async-5] INFO  a.f.a.t.p.p.DesugarerPassImpl -   > Desugaring...
2026-07-11T11:08:24,805 [zio-default-async-5] DEBUG a.f.a.i.p.PassChainExecutor - PASS #3: DesugarerPass [OK]
2026-07-11T11:08:24,805 [zio-default-async-5] INFO  a.f.a.i.p.PassChainExecutor - PASS #4: InlinePass
2026-07-11T11:08:24,806 [zio-default-async-5] INFO  a.f.a.t.p.p.InlinePassImpl - Leaving only relevant operators: CInitPrimed, q::init, q::initPrimed, q::step, q::temporalProps
2026-07-11T11:08:24,887 [zio-default-async-5] DEBUG a.f.a.i.p.PassChainExecutor - PASS #4: InlinePass [OK]
2026-07-11T11:08:24,887 [zio-default-async-5] INFO  a.f.a.i.p.PassChainExecutor - PASS #5: TemporalPass
2026-07-11T11:08:24,888 [zio-default-async-5] INFO  a.f.a.t.p.p.TemporalPassImpl -   > Rewriting temporal operators...
2026-07-11T11:08:24,894 [zio-default-async-5] INFO  a.f.a.t.p.p.TemporalPassImpl -   > Found 1 temporal properties
2026-07-11T11:08:24,894 [zio-default-async-5] INFO  a.f.a.t.p.p.TemporalPassImpl -   > Adding logic for loop finding
2026-07-11T11:08:24,933 [zio-default-async-5] DEBUG a.f.a.i.p.PassChainExecutor - PASS #5: TemporalPass [OK]
2026-07-11T11:08:24,933 [zio-default-async-5] INFO  a.f.a.i.p.PassChainExecutor - PASS #6: InlinePass
2026-07-11T11:08:24,933 [zio-default-async-5] INFO  a.f.a.t.p.p.InlinePassImpl - Leaving only relevant operators: CInitPrimed, q::init, q::initPrimed, q::step, q::temporalProps
2026-07-11T11:08:24,947 [zio-default-async-5] DEBUG a.f.a.i.p.PassChainExecutor - PASS #6: InlinePass [OK]
2026-07-11T11:08:24,947 [zio-default-async-5] INFO  a.f.a.i.p.PassChainExecutor - PASS #7: PrimingPass
2026-07-11T11:08:24,949 [zio-default-async-5] INFO  a.f.a.t.p.a.PrimingPassImpl -   > Introducing q::initPrimed for q::init'
2026-07-11T11:08:24,950 [zio-default-async-5] DEBUG a.f.a.i.p.PassChainExecutor - PASS #7: PrimingPass [OK]
2026-07-11T11:08:24,950 [zio-default-async-5] INFO  a.f.a.i.p.PassChainExecutor - PASS #8: VCGen
2026-07-11T11:08:24,950 [zio-default-async-5] INFO  a.f.a.t.b.p.VCGenPassImpl -   > Producing verification conditions from the invariant q::temporalProps
2026-07-11T11:08:24,952 [zio-default-async-5] INFO  a.f.a.t.b.VCGenerator -   > VCGen produced 1 verification condition(s)
2026-07-11T11:08:24,954 [zio-default-async-5] DEBUG a.f.a.i.p.PassChainExecutor - PASS #8: VCGen [OK]
2026-07-11T11:08:24,954 [zio-default-async-5] INFO  a.f.a.i.p.PassChainExecutor - PASS #9: PreprocessingPass
2026-07-11T11:08:24,954 [zio-default-async-5] INFO  a.f.a.t.p.p.PreproPassImpl -   > Before preprocessing: unique renaming
2026-07-11T11:08:24,960 [zio-default-async-5] INFO  a.f.a.t.p.p.PreproPassImpl -  > Applying standard transformations:
2026-07-11T11:08:24,961 [zio-default-async-5] INFO  a.f.a.t.p.p.PreproPassImpl -   > PrimePropagation
2026-07-11T11:08:24,963 [zio-default-async-5] INFO  a.f.a.t.p.p.PreproPassImpl -   > Desugarer
2026-07-11T11:08:24,972 [zio-default-async-5] INFO  a.f.a.t.p.p.PreproPassImpl -   > UniqueRenamer
2026-07-11T11:08:24,982 [zio-default-async-5] INFO  a.f.a.t.p.p.PreproPassImpl -   > Normalizer
2026-07-11T11:08:24,991 [zio-default-async-5] INFO  a.f.a.t.p.p.PreproPassImpl -   > Keramelizer
2026-07-11T11:08:25,018 [zio-default-async-5] INFO  a.f.a.t.p.p.PreproPassImpl -   > After preprocessing: UniqueRenamer
2026-07-11T11:08:25,033 [zio-default-async-5] DEBUG a.f.a.i.p.PassChainExecutor - PASS #9: PreprocessingPass [OK]
2026-07-11T11:08:25,034 [zio-default-async-5] INFO  a.f.a.i.p.PassChainExecutor - PASS #10: TransitionFinderPass
2026-07-11T11:08:25,059 [zio-default-async-5] INFO  a.f.a.t.p.a.TransitionPassImpl -   > Found 1 initializing transitions
2026-07-11T11:08:25,104 [zio-default-async-5] INFO  a.f.a.t.p.a.TransitionPassImpl -   > Found 22 transitions
2026-07-11T11:08:25,105 [zio-default-async-5] INFO  a.f.a.t.p.a.TransitionPassImpl -   > No constant initializer
2026-07-11T11:08:25,106 [zio-default-async-5] INFO  a.f.a.t.p.a.TransitionPassImpl -   > Applying unique renaming
2026-07-11T11:08:25,132 [zio-default-async-5] DEBUG a.f.a.i.p.PassChainExecutor - PASS #10: TransitionFinderPass [OK]
2026-07-11T11:08:25,132 [zio-default-async-5] INFO  a.f.a.i.p.PassChainExecutor - PASS #11: OptimizationPass
2026-07-11T11:08:25,137 [zio-default-async-5] INFO  a.f.a.t.p.p.OptPassImpl -  > Applying optimizations:
2026-07-11T11:08:25,138 [zio-default-async-5] INFO  a.f.a.t.p.p.OptPassImpl -   > ConstSimplifier
2026-07-11T11:08:25,196 [zio-default-async-5] INFO  a.f.a.t.p.p.OptPassImpl -   > ExprOptimizer
2026-07-11T11:08:25,219 [zio-default-async-5] INFO  a.f.a.t.p.p.OptPassImpl -   > SetMembershipSimplifier
2026-07-11T11:08:25,228 [zio-default-async-5] INFO  a.f.a.t.p.p.OptPassImpl -   > ConstSimplifier
2026-07-11T11:08:25,276 [zio-default-async-5] DEBUG a.f.a.i.p.PassChainExecutor - PASS #11: OptimizationPass [OK]
2026-07-11T11:08:25,276 [zio-default-async-5] INFO  a.f.a.i.p.PassChainExecutor - PASS #12: AnalysisPass
2026-07-11T11:08:25,279 [zio-default-async-5] INFO  a.f.a.t.b.p.AnalysisPassImpl -  > Marking skolemizable existentials and sets to be expanded...
2026-07-11T11:08:25,279 [zio-default-async-5] INFO  a.f.a.t.b.p.AnalysisPassImpl -   > Skolemization
2026-07-11T11:08:25,283 [zio-default-async-5] INFO  a.f.a.t.b.p.AnalysisPassImpl -   > Expansion
2026-07-11T11:08:25,296 [zio-default-async-5] INFO  a.f.a.t.b.p.AnalysisPassImpl -   > Remove unused let-in defs
2026-07-11T11:08:25,308 [zio-default-async-5] INFO  a.f.a.t.b.p.AnalysisPassImpl -  > Running analyzers...
2026-07-11T11:08:25,318 [zio-default-async-5] INFO  a.f.a.t.b.p.AnalysisPassImpl -   > Introduced expression grades
2026-07-11T11:08:25,318 [zio-default-async-5] DEBUG a.f.a.i.p.PassChainExecutor - PASS #12: AnalysisPass [OK]
2026-07-11T11:08:25,318 [zio-default-async-5] INFO  a.f.a.i.p.PassChainExecutor - PASS #13: BoundedChecker
2026-07-11T11:08:25,341 [zio-default-async-5] DEBUG a.f.a.t.b.s.Z3SolverContext - Creating Z3 solver context 0
2026-07-11T11:08:25,582 [zio-default-async-5] DEBUG a.f.a.t.b.t.TransitionExecutorImpl - Step #0, transition #0
2026-07-11T11:08:25,582 [zio-default-async-5] DEBUG a.f.a.t.b.t.TransitionExecutorImpl - Translating to SMT
2026-07-11T11:08:25,660 [zio-default-async-5] DEBUG a.f.a.t.b.SeqModelChecker - Step 0: Transition #0. Is it enabled?
2026-07-11T11:08:25,663 [zio-default-async-5] DEBUG a.f.a.t.b.SeqModelChecker - Step 0: Transition #0 is enabled
2026-07-11T11:08:25,664 [zio-default-async-5] INFO  a.f.a.t.b.SeqModelChecker - State 0: Checking 1 state invariants
2026-07-11T11:08:25,665 [zio-default-async-5] DEBUG a.f.a.t.b.SeqModelChecker - State 0: Checking state invariant 0
2026-07-11T11:08:25,673 [zio-default-async-5] INFO  a.f.a.t.b.SeqModelChecker - State 0: state invariant 0 holds.
2026-07-11T11:08:25,676 [zio-default-async-5] INFO  a.f.a.t.b.t.TransitionExecutorImpl - Step 0: picking a transition out of 1 transition(s)
2026-07-11T11:08:25,678 [zio-default-async-5] DEBUG a.f.a.t.b.t.TransitionExecutorImpl - Step #1, transition #0
2026-07-11T11:08:25,678 [zio-default-async-5] DEBUG a.f.a.t.b.t.TransitionExecutorImpl - Translating to SMT
2026-07-11T11:08:25,717 [zio-default-async-5] DEBUG a.f.a.t.b.SeqModelChecker - Step 1: Transition #0. Is it enabled?
2026-07-11T11:08:25,718 [zio-default-async-5] DEBUG a.f.a.t.b.SeqModelChecker - Step 1: Transition #0 is enabled
2026-07-11T11:08:25,719 [zio-default-async-5] INFO  a.f.a.t.b.SeqModelChecker - State 1: Checking 1 state invariants
2026-07-11T11:08:25,719 [zio-default-async-5] DEBUG a.f.a.t.b.SeqModelChecker - State 1: Checking state invariant 0
2026-07-11T11:08:25,728 [zio-default-async-5] INFO  a.f.a.t.b.SeqModelChecker - State 1: state invariant 0 holds.
2026-07-11T11:08:25,729 [zio-default-async-5] DEBUG a.f.a.t.b.t.TransitionExecutorImpl - Step #1, transition #1
2026-07-11T11:08:25,729 [zio-default-async-5] DEBUG a.f.a.t.b.t.TransitionExecutorImpl - Translating to SMT
2026-07-11T11:08:25,749 [zio-default-async-5] DEBUG a.f.a.t.b.SeqModelChecker - Step 1: Transition #1. Is it enabled?
2026-07-11T11:08:25,750 [zio-default-async-5] DEBUG a.f.a.t.b.SeqModelChecker - Step 1: Transition #1 is enabled
2026-07-11T11:08:25,750 [zio-default-async-5] INFO  a.f.a.t.b.SeqModelChecker - State 1: Checking 1 state invariants
2026-07-11T11:08:25,750 [zio-default-async-5] DEBUG a.f.a.t.b.SeqModelChecker - State 1: Checking state invariant 0
2026-07-11T11:08:25,757 [zio-default-async-5] INFO  a.f.a.t.b.SeqModelChecker - State 1: state invariant 0 holds.
2026-07-11T11:08:25,758 [zio-default-async-5] DEBUG a.f.a.t.b.t.TransitionExecutorImpl - Step #1, transition #2
2026-07-11T11:08:25,758 [zio-default-async-5] DEBUG a.f.a.t.b.t.TransitionExecutorImpl - Translating to SMT
2026-07-11T11:08:25,782 [zio-default-async-5] DEBUG a.f.a.t.b.SeqModelChecker - Step 1: Transition #2. Is it enabled?
2026-07-11T11:08:25,783 [zio-default-async-5] INFO  a.f.a.t.b.SeqModelChecker - Step 1: Transition #2 is disabled
2026-07-11T11:08:25,784 [zio-default-async-5] DEBUG a.f.a.t.b.t.TransitionExecutorImpl - Step #1, transition #3
2026-07-11T11:08:25,784 [zio-default-async-5] DEBUG a.f.a.t.b.t.TransitionExecutorImpl - Translating to SMT
2026-07-11T11:08:25,804 [zio-default-async-5] DEBUG a.f.a.t.b.SeqModelChecker - Step 1: Transition #3. Is it enabled?
2026-07-11T11:08:25,805 [zio-default-async-5] INFO  a.f.a.t.b.SeqModelChecker - Step 1: Transition #3 is disabled
2026-07-11T11:08:25,806 [zio-default-async-5] DEBUG a.f.a.t.b.t.TransitionExecutorImpl - Step #1, transition #4
2026-07-11T11:08:25,806 [zio-default-async-5] DEBUG a.f.a.t.b.t.TransitionExecutorImpl - Translating to SMT
2026-07-11T11:08:25,877 [zio-default-async-5] DEBUG a.f.a.t.b.SeqModelChecker - Step 1: Transition #4. Is it enabled?
2026-07-11T11:08:25,881 [zio-default-async-5] INFO  a.f.a.t.b.SeqModelChecker - Step 1: Transition #4 is disabled
2026-07-11T11:08:25,882 [zio-default-async-5] DEBUG a.f.a.t.b.t.TransitionExecutorImpl - Step #1, transition #5
2026-07-11T11:08:25,882 [zio-default-async-5] DEBUG a.f.a.t.b.t.TransitionExecutorImpl - Translating to SMT
2026-07-11T11:08:25,937 [zio-default-async-5] DEBUG a.f.a.t.b.SeqModelChecker - Step 1: Transition #5. Is it enabled?
2026-07-11T11:08:25,940 [zio-default-async-5] INFO  a.f.a.t.b.SeqModelChecker - Step 1: Transition #5 is disabled
2026-07-11T11:08:25,941 [zio-default-async-5] DEBUG a.f.a.t.b.t.TransitionExecutorImpl - Step #1, transition #6
2026-07-11T11:08:25,941 [zio-default-async-5] DEBUG a.f.a.t.b.t.TransitionExecutorImpl - Translating to SMT
2026-07-11T11:08:25,984 [zio-default-async-5] DEBUG a.f.a.t.b.SeqModelChecker - Step 1: Transition #6. Is it enabled?
2026-07-11T11:08:25,988 [zio-default-async-5] INFO  a.f.a.t.b.SeqModelChecker - Step 1: Transition #6 is disabled
2026-07-11T11:08:25,990 [zio-default-async-5] DEBUG a.f.a.t.b.t.TransitionExecutorImpl - Step #1, transition #7
2026-07-11T11:08:25,990 [zio-default-async-5] DEBUG a.f.a.t.b.t.TransitionExecutorImpl - Translating to SMT
2026-07-11T11:08:26,029 [zio-default-async-5] DEBUG a.f.a.t.b.SeqModelChecker - Step 1: Transition #7. Is it enabled?
2026-07-11T11:08:26,032 [zio-default-async-5] INFO  a.f.a.t.b.SeqModelChecker - Step 1: Transition #7 is disabled
2026-07-11T11:08:26,032 [zio-default-async-5] DEBUG a.f.a.t.b.t.TransitionExecutorImpl - Step #1, transition #8
2026-07-11T11:08:26,033 [zio-default-async-5] DEBUG a.f.a.t.b.t.TransitionExecutorImpl - Translating to SMT
2026-07-11T11:08:26,074 [zio-default-async-5] DEBUG a.f.a.t.b.SeqModelChecker - Step 1: Transition #8. Is it enabled?
2026-07-11T11:08:26,077 [zio-default-async-5] DEBUG a.f.a.t.b.SeqModelChecker - Step 1: Transition #8 is enabled
2026-07-11T11:08:26,077 [zio-default-async-5] INFO  a.f.a.t.b.SeqModelChecker - State 1: Checking 1 state invariants
2026-07-11T11:08:26,078 [zio-default-async-5] DEBUG a.f.a.t.b.SeqModelChecker - State 1: Checking state invariant 0
2026-07-11T11:08:26,096 [zio-default-async-5] INFO  a.f.a.t.b.SeqModelChecker - State 1: state invariant 0 holds.
2026-07-11T11:08:26,097 [zio-default-async-5] DEBUG a.f.a.t.b.t.TransitionExecutorImpl - Step #1, transition #9
2026-07-11T11:08:26,097 [zio-default-async-5] DEBUG a.f.a.t.b.t.TransitionExecutorImpl - Translating to SMT
2026-07-11T11:08:26,133 [zio-default-async-5] DEBUG a.f.a.t.b.SeqModelChecker - Step 1: Transition #9. Is it enabled?
2026-07-11T11:08:26,135 [zio-default-async-5] DEBUG a.f.a.t.b.SeqModelChecker - Step 1: Transition #9 is enabled
2026-07-11T11:08:26,135 [zio-default-async-5] INFO  a.f.a.t.b.SeqModelChecker - State 1: Checking 1 state invariants
2026-07-11T11:08:26,135 [zio-default-async-5] DEBUG a.f.a.t.b.SeqModelChecker - State 1: Checking state invariant 0
2026-07-11T11:08:26,154 [zio-default-async-5] INFO  a.f.a.t.b.SeqModelChecker - State 1: state invariant 0 holds.
2026-07-11T11:08:26,155 [zio-default-async-5] DEBUG a.f.a.t.b.t.TransitionExecutorImpl - Step #1, transition #10
2026-07-11T11:08:26,155 [zio-default-async-5] DEBUG a.f.a.t.b.t.TransitionExecutorImpl - Translating to SMT
2026-07-11T11:08:26,187 [zio-default-async-5] DEBUG a.f.a.t.b.SeqModelChecker - Step 1: Transition #10. Is it enabled?
2026-07-11T11:08:26,189 [zio-default-async-5] INFO  a.f.a.t.b.SeqModelChecker - Step 1: Transition #10 is disabled
2026-07-11T11:08:26,190 [zio-default-async-5] DEBUG a.f.a.t.b.t.TransitionExecutorImpl - Step #1, transition #11
2026-07-11T11:08:26,190 [zio-default-async-5] DEBUG a.f.a.t.b.t.TransitionExecutorImpl - Translating to SMT
2026-07-11T11:08:26,210 [zio-default-async-5] DEBUG a.f.a.t.b.SeqModelChecker - Step 1: Transition #11. Is it enabled?
2026-07-11T11:08:26,211 [zio-default-async-5] INFO  a.f.a.t.b.SeqModelChecker - Step 1: Transition #11 is disabled
2026-07-11T11:08:26,212 [zio-default-async-5] DEBUG a.f.a.t.b.t.TransitionExecutorImpl - Step #1, transition #12
2026-07-11T11:08:26,212 [zio-default-async-5] DEBUG a.f.a.t.b.t.TransitionExecutorImpl - Translating to SMT
2026-07-11T11:08:26,233 [zio-default-async-5] DEBUG a.f.a.t.b.SeqModelChecker - Step 1: Transition #12. Is it enabled?
2026-07-11T11:08:26,235 [zio-default-async-5] INFO  a.f.a.t.b.SeqModelChecker - Step 1: Transition #12 is disabled
2026-07-11T11:08:26,236 [zio-default-async-5] DEBUG a.f.a.t.b.t.TransitionExecutorImpl - Step #1, transition #13
2026-07-11T11:08:26,236 [zio-default-async-5] DEBUG a.f.a.t.b.t.TransitionExecutorImpl - Translating to SMT
2026-07-11T11:08:26,255 [zio-default-async-5] DEBUG a.f.a.t.b.SeqModelChecker - Step 1: Transition #13. Is it enabled?
2026-07-11T11:08:26,257 [zio-default-async-5] INFO  a.f.a.t.b.SeqModelChecker - Step 1: Transition #13 is disabled
2026-07-11T11:08:26,258 [zio-default-async-5] DEBUG a.f.a.t.b.t.TransitionExecutorImpl - Step #1, transition #14
2026-07-11T11:08:26,258 [zio-default-async-5] DEBUG a.f.a.t.b.t.TransitionExecutorImpl - Translating to SMT
2026-07-11T11:08:26,270 [zio-default-async-5] DEBUG a.f.a.t.b.SeqModelChecker - Step 1: Transition #14. Is it enabled?
2026-07-11T11:08:26,272 [zio-default-async-5] INFO  a.f.a.t.b.SeqModelChecker - Step 1: Transition #14 is disabled
2026-07-11T11:08:26,273 [zio-default-async-5] DEBUG a.f.a.t.b.t.TransitionExecutorImpl - Step #1, transition #15
2026-07-11T11:08:26,273 [zio-default-async-5] DEBUG a.f.a.t.b.t.TransitionExecutorImpl - Translating to SMT
2026-07-11T11:08:26,285 [zio-default-async-5] DEBUG a.f.a.t.b.SeqModelChecker - Step 1: Transition #15. Is it enabled?
2026-07-11T11:08:26,287 [zio-default-async-5] INFO  a.f.a.t.b.SeqModelChecker - Step 1: Transition #15 is disabled
2026-07-11T11:08:26,288 [zio-default-async-5] DEBUG a.f.a.t.b.t.TransitionExecutorImpl - Step #1, transition #16
2026-07-11T11:08:26,288 [zio-default-async-5] DEBUG a.f.a.t.b.t.TransitionExecutorImpl - Translating to SMT
2026-07-11T11:08:26,300 [zio-default-async-5] DEBUG a.f.a.t.b.SeqModelChecker - Step 1: Transition #16. Is it enabled?
2026-07-11T11:08:26,303 [zio-default-async-5] INFO  a.f.a.t.b.SeqModelChecker - Step 1: Transition #16 is disabled
2026-07-11T11:08:26,303 [zio-default-async-5] DEBUG a.f.a.t.b.t.TransitionExecutorImpl - Step #1, transition #17
2026-07-11T11:08:26,304 [zio-default-async-5] DEBUG a.f.a.t.b.t.TransitionExecutorImpl - Translating to SMT
2026-07-11T11:08:26,316 [zio-default-async-5] DEBUG a.f.a.t.b.SeqModelChecker - Step 1: Transition #17. Is it enabled?
2026-07-11T11:08:26,319 [zio-default-async-5] INFO  a.f.a.t.b.SeqModelChecker - Step 1: Transition #17 is disabled
2026-07-11T11:08:26,320 [zio-default-async-5] DEBUG a.f.a.t.b.t.TransitionExecutorImpl - Step #1, transition #18
2026-07-11T11:08:26,320 [zio-default-async-5] DEBUG a.f.a.t.b.t.TransitionExecutorImpl - Translating to SMT
2026-07-11T11:08:26,334 [zio-default-async-5] DEBUG a.f.a.t.b.SeqModelChecker - Step 1: Transition #18. Is it enabled?
2026-07-11T11:08:26,336 [zio-default-async-5] INFO  a.f.a.t.b.SeqModelChecker - Step 1: Transition #18 is disabled
2026-07-11T11:08:26,337 [zio-default-async-5] DEBUG a.f.a.t.b.t.TransitionExecutorImpl - Step #1, transition #19
2026-07-11T11:08:26,337 [zio-default-async-5] DEBUG a.f.a.t.b.t.TransitionExecutorImpl - Translating to SMT
2026-07-11T11:08:26,357 [zio-default-async-5] DEBUG a.f.a.t.b.SeqModelChecker - Step 1: Transition #19. Is it enabled?
2026-07-11T11:08:26,359 [zio-default-async-5] INFO  a.f.a.t.b.SeqModelChecker - Step 1: Transition #19 is disabled
2026-07-11T11:08:26,359 [zio-default-async-5] DEBUG a.f.a.t.b.t.TransitionExecutorImpl - Step #1, transition #20
2026-07-11T11:08:26,360 [zio-default-async-5] DEBUG a.f.a.t.b.t.TransitionExecutorImpl - Translating to SMT
2026-07-11T11:08:26,372 [zio-default-async-5] DEBUG a.f.a.t.b.SeqModelChecker - Step 1: Transition #20. Is it enabled?
2026-07-11T11:08:26,374 [zio-default-async-5] INFO  a.f.a.t.b.SeqModelChecker - Step 1: Transition #20 is disabled
2026-07-11T11:08:26,375 [zio-default-async-5] DEBUG a.f.a.t.b.t.TransitionExecutorImpl - Step #1, transition #21
2026-07-11T11:08:26,375 [zio-default-async-5] DEBUG a.f.a.t.b.t.TransitionExecutorImpl - Translating to SMT
2026-07-11T11:08:26,384 [zio-default-async-5] DEBUG a.f.a.t.b.SeqModelChecker - Step 1: Transition #21. Is it enabled?
2026-07-11T11:08:26,386 [zio-default-async-5] INFO  a.f.a.t.b.SeqModelChecker - Step 1: Transition #21 is disabled
2026-07-11T11:08:26,387 [zio-default-async-5] INFO  a.f.a.t.b.t.TransitionExecutorImpl - Step 1: picking a transition out of 4 transition(s)
2026-07-11T11:08:26,408 [zio-default-async-5] DEBUG a.f.a.t.b.t.TransitionExecutorImpl - Step #2, transition #0
2026-07-11T11:08:26,408 [zio-default-async-5] DEBUG a.f.a.t.b.t.TransitionExecutorImpl - Translating to SMT
2026-07-11T11:08:26,417 [zio-default-async-5] DEBUG a.f.a.t.b.SeqModelChecker - Step 2: Transition #0. Is it enabled?
2026-07-11T11:08:26,418 [zio-default-async-5] DEBUG a.f.a.t.b.SeqModelChecker - Step 2: Transition #0 is enabled
2026-07-11T11:08:26,419 [zio-default-async-5] INFO  a.f.a.t.b.SeqModelChecker - State 2: Checking 1 state invariants
2026-07-11T11:08:26,419 [zio-default-async-5] DEBUG a.f.a.t.b.SeqModelChecker - State 2: Checking state invariant 0
2026-07-11T11:08:26,438 [zio-default-async-5] INFO  a.f.a.t.b.SeqModelChecker - State 2: state invariant 0 holds.
2026-07-11T11:08:26,439 [zio-default-async-5] DEBUG a.f.a.t.b.t.TransitionExecutorImpl - Step #2, transition #1
2026-07-11T11:08:26,439 [zio-default-async-5] DEBUG a.f.a.t.b.t.TransitionExecutorImpl - Translating to SMT
2026-07-11T11:08:26,450 [zio-default-async-5] DEBUG a.f.a.t.b.SeqModelChecker - Step 2: Transition #1. Is it enabled?
2026-07-11T11:08:26,451 [zio-default-async-5] DEBUG a.f.a.t.b.SeqModelChecker - Step 2: Transition #1 is enabled
2026-07-11T11:08:26,452 [zio-default-async-5] INFO  a.f.a.t.b.SeqModelChecker - State 2: Checking 1 state invariants
2026-07-11T11:08:26,452 [zio-default-async-5] DEBUG a.f.a.t.b.SeqModelChecker - State 2: Checking state invariant 0
2026-07-11T11:08:26,455 [zio-default-async-5] INFO  a.f.a.t.b.SeqModelChecker - State 2: state invariant 0 holds.
2026-07-11T11:08:26,456 [zio-default-async-5] DEBUG a.f.a.t.b.t.TransitionExecutorImpl - Step #2, transition #2
2026-07-11T11:08:26,457 [zio-default-async-5] DEBUG a.f.a.t.b.t.TransitionExecutorImpl - Translating to SMT
2026-07-11T11:08:26,468 [zio-default-async-5] DEBUG a.f.a.t.b.SeqModelChecker - Step 2: Transition #2. Is it enabled?
2026-07-11T11:08:26,470 [zio-default-async-5] DEBUG a.f.a.t.b.SeqModelChecker - Step 2: Transition #2 is enabled
2026-07-11T11:08:26,471 [zio-default-async-5] INFO  a.f.a.t.b.SeqModelChecker - State 2: Checking 1 state invariants
2026-07-11T11:08:26,471 [zio-default-async-5] DEBUG a.f.a.t.b.SeqModelChecker - State 2: Checking state invariant 0
2026-07-11T11:08:26,495 [zio-default-async-5] INFO  a.f.a.t.b.SeqModelChecker - State 2: state invariant 0 holds.
2026-07-11T11:08:26,496 [zio-default-async-5] DEBUG a.f.a.t.b.t.TransitionExecutorImpl - Step #2, transition #3
2026-07-11T11:08:26,496 [zio-default-async-5] DEBUG a.f.a.t.b.t.TransitionExecutorImpl - Translating to SMT
2026-07-11T11:08:26,506 [zio-default-async-5] DEBUG a.f.a.t.b.SeqModelChecker - Step 2: Transition #3. Is it enabled?
2026-07-11T11:08:26,508 [zio-default-async-5] DEBUG a.f.a.t.b.SeqModelChecker - Step 2: Transition #3 is enabled
2026-07-11T11:08:26,508 [zio-default-async-5] INFO  a.f.a.t.b.SeqModelChecker - State 2: Checking 1 state invariants
2026-07-11T11:08:26,509 [zio-default-async-5] DEBUG a.f.a.t.b.SeqModelChecker - State 2: Checking state invariant 0
2026-07-11T11:08:26,513 [zio-default-async-5] INFO  a.f.a.t.b.SeqModelChecker - State 2: state invariant 0 holds.
2026-07-11T11:08:26,514 [zio-default-async-5] DEBUG a.f.a.t.b.t.TransitionExecutorImpl - Step #2, transition #4
2026-07-11T11:08:26,514 [zio-default-async-5] DEBUG a.f.a.t.b.t.TransitionExecutorImpl - Translating to SMT
2026-07-11T11:08:26,559 [zio-default-async-5] DEBUG a.f.a.t.b.SeqModelChecker - Step 2: Transition #4. Is it enabled?
2026-07-11T11:08:26,562 [zio-default-async-5] DEBUG a.f.a.t.b.SeqModelChecker - Step 2: Transition #4 is enabled
2026-07-11T11:08:26,562 [zio-default-async-5] INFO  a.f.a.t.b.SeqModelChecker - State 2: Checking 1 state invariants
2026-07-11T11:08:26,563 [zio-default-async-5] DEBUG a.f.a.t.b.SeqModelChecker - State 2: Checking state invariant 0
2026-07-11T11:08:26,586 [zio-default-async-5] INFO  a.f.a.t.b.SeqModelChecker - State 2: state invariant 0 holds.
2026-07-11T11:08:26,587 [zio-default-async-5] DEBUG a.f.a.t.b.t.TransitionExecutorImpl - Step #2, transition #5
2026-07-11T11:08:26,587 [zio-default-async-5] DEBUG a.f.a.t.b.t.TransitionExecutorImpl - Translating to SMT
2026-07-11T11:08:26,623 [zio-default-async-5] DEBUG a.f.a.t.b.SeqModelChecker - Step 2: Transition #5. Is it enabled?
2026-07-11T11:08:26,627 [zio-default-async-5] DEBUG a.f.a.t.b.SeqModelChecker - Step 2: Transition #5 is enabled
2026-07-11T11:08:26,627 [zio-default-async-5] INFO  a.f.a.t.b.SeqModelChecker - State 2: Checking 1 state invariants
2026-07-11T11:08:26,627 [zio-default-async-5] DEBUG a.f.a.t.b.SeqModelChecker - State 2: Checking state invariant 0
2026-07-11T11:08:26,650 [zio-default-async-5] INFO  a.f.a.t.b.SeqModelChecker - State 2: state invariant 0 holds.
2026-07-11T11:08:26,651 [zio-default-async-5] DEBUG a.f.a.t.b.t.TransitionExecutorImpl - Step #2, transition #6
2026-07-11T11:08:26,651 [zio-default-async-5] DEBUG a.f.a.t.b.t.TransitionExecutorImpl - Translating to SMT
2026-07-11T11:08:26,678 [zio-default-async-5] DEBUG a.f.a.t.b.SeqModelChecker - Step 2: Transition #6. Is it enabled?
2026-07-11T11:08:26,680 [zio-default-async-5] INFO  a.f.a.t.b.SeqModelChecker - Step 2: Transition #6 is disabled
2026-07-11T11:08:26,681 [zio-default-async-5] DEBUG a.f.a.t.b.t.TransitionExecutorImpl - Step #2, transition #7
2026-07-11T11:08:26,681 [zio-default-async-5] DEBUG a.f.a.t.b.t.TransitionExecutorImpl - Translating to SMT
2026-07-11T11:08:26,707 [zio-default-async-5] DEBUG a.f.a.t.b.SeqModelChecker - Step 2: Transition #7. Is it enabled?
2026-07-11T11:08:26,709 [zio-default-async-5] INFO  a.f.a.t.b.SeqModelChecker - Step 2: Transition #7 is disabled
2026-07-11T11:08:26,710 [zio-default-async-5] DEBUG a.f.a.t.b.t.TransitionExecutorImpl - Step #2, transition #8
2026-07-11T11:08:26,710 [zio-default-async-5] DEBUG a.f.a.t.b.t.TransitionExecutorImpl - Translating to SMT
2026-07-11T11:08:26,743 [zio-default-async-5] DEBUG a.f.a.t.b.SeqModelChecker - Step 2: Transition #8. Is it enabled?
2026-07-11T11:08:26,747 [zio-default-async-5] DEBUG a.f.a.t.b.SeqModelChecker - Step 2: Transition #8 is enabled
2026-07-11T11:08:26,748 [zio-default-async-5] INFO  a.f.a.t.b.SeqModelChecker - State 2: Checking 1 state invariants
2026-07-11T11:08:26,748 [zio-default-async-5] DEBUG a.f.a.t.b.SeqModelChecker - State 2: Checking state invariant 0
2026-07-11T11:08:26,768 [zio-default-async-5] INFO  a.f.a.t.b.SeqModelChecker - State 2: state invariant 0 holds.
2026-07-11T11:08:26,769 [zio-default-async-5] DEBUG a.f.a.t.b.t.TransitionExecutorImpl - Step #2, transition #9
2026-07-11T11:08:26,769 [zio-default-async-5] DEBUG a.f.a.t.b.t.TransitionExecutorImpl - Translating to SMT
2026-07-11T11:08:26,800 [zio-default-async-5] DEBUG a.f.a.t.b.SeqModelChecker - Step 2: Transition #9. Is it enabled?
2026-07-11T11:08:26,805 [zio-default-async-5] DEBUG a.f.a.t.b.SeqModelChecker - Step 2: Transition #9 is enabled
2026-07-11T11:08:26,806 [zio-default-async-5] INFO  a.f.a.t.b.SeqModelChecker - State 2: Checking 1 state invariants
2026-07-11T11:08:26,806 [zio-default-async-5] DEBUG a.f.a.t.b.SeqModelChecker - State 2: Checking state invariant 0
2026-07-11T11:08:26,825 [zio-default-async-5] INFO  a.f.a.t.b.SeqModelChecker - State 2: state invariant 0 holds.
2026-07-11T11:08:26,826 [zio-default-async-5] DEBUG a.f.a.t.b.t.TransitionExecutorImpl - Step #2, transition #10
2026-07-11T11:08:26,826 [zio-default-async-5] DEBUG a.f.a.t.b.t.TransitionExecutorImpl - Translating to SMT
2026-07-11T11:08:26,845 [zio-default-async-5] DEBUG a.f.a.t.b.SeqModelChecker - Step 2: Transition #10. Is it enabled?
2026-07-11T11:08:26,850 [zio-default-async-5] DEBUG a.f.a.t.b.SeqModelChecker - Step 2: Transition #10 is enabled
2026-07-11T11:08:26,850 [zio-default-async-5] INFO  a.f.a.t.b.SeqModelChecker - State 2: Checking 1 state invariants
2026-07-11T11:08:26,851 [zio-default-async-5] DEBUG a.f.a.t.b.SeqModelChecker - State 2: Checking state invariant 0
2026-07-11T11:08:26,866 [zio-default-async-5] INFO  a.f.a.t.b.SeqModelChecker - State 2: state invariant 0 holds.
2026-07-11T11:08:26,868 [zio-default-async-5] DEBUG a.f.a.t.b.t.TransitionExecutorImpl - Step #2, transition #11
2026-07-11T11:08:26,868 [zio-default-async-5] DEBUG a.f.a.t.b.t.TransitionExecutorImpl - Translating to SMT
2026-07-11T11:08:26,882 [zio-default-async-5] DEBUG a.f.a.t.b.SeqModelChecker - Step 2: Transition #11. Is it enabled?
2026-07-11T11:08:26,887 [zio-default-async-5] DEBUG a.f.a.t.b.SeqModelChecker - Step 2: Transition #11 is enabled
2026-07-11T11:08:26,887 [zio-default-async-5] INFO  a.f.a.t.b.SeqModelChecker - State 2: Checking 1 state invariants
2026-07-11T11:08:26,887 [zio-default-async-5] DEBUG a.f.a.t.b.SeqModelChecker - State 2: Checking state invariant 0
2026-07-11T11:08:26,889 [zio-default-async-5] INFO  a.f.a.t.b.SeqModelChecker - State 2: state invariant 0 holds.
2026-07-11T11:08:26,892 [zio-default-async-5] DEBUG a.f.a.t.b.t.TransitionExecutorImpl - Step #2, transition #12
2026-07-11T11:08:26,892 [zio-default-async-5] DEBUG a.f.a.t.b.t.TransitionExecutorImpl - Translating to SMT
2026-07-11T11:08:26,911 [zio-default-async-5] DEBUG a.f.a.t.b.SeqModelChecker - Step 2: Transition #12. Is it enabled?
2026-07-11T11:08:26,919 [zio-default-async-5] INFO  a.f.a.t.b.SeqModelChecker - Step 2: Transition #12 is disabled
2026-07-11T11:08:26,920 [zio-default-async-5] DEBUG a.f.a.t.b.t.TransitionExecutorImpl - Step #2, transition #13
2026-07-11T11:08:26,920 [zio-default-async-5] DEBUG a.f.a.t.b.t.TransitionExecutorImpl - Translating to SMT
2026-07-11T11:08:26,955 [zio-default-async-5] DEBUG a.f.a.t.b.SeqModelChecker - Step 2: Transition #13. Is it enabled?
2026-07-11T11:08:26,961 [zio-default-async-5] INFO  a.f.a.t.b.SeqModelChecker - Step 2: Transition #13 is disabled
2026-07-11T11:08:26,962 [zio-default-async-5] DEBUG a.f.a.t.b.t.TransitionExecutorImpl - Step #2, transition #14
2026-07-11T11:08:26,962 [zio-default-async-5] DEBUG a.f.a.t.b.t.TransitionExecutorImpl - Translating to SMT
2026-07-11T11:08:26,972 [zio-default-async-5] DEBUG a.f.a.t.b.SeqModelChecker - Step 2: Transition #14. Is it enabled?
2026-07-11T11:08:26,976 [zio-default-async-5] DEBUG a.f.a.t.b.SeqModelChecker - Step 2: Transition #14 is enabled
2026-07-11T11:08:26,976 [zio-default-async-5] INFO  a.f.a.t.b.SeqModelChecker - State 2: Checking 1 state invariants
2026-07-11T11:08:26,976 [zio-default-async-5] DEBUG a.f.a.t.b.SeqModelChecker - State 2: Checking state invariant 0
2026-07-11T11:08:26,993 [zio-default-async-5] INFO  a.f.a.t.b.SeqModelChecker - State 2: state invariant 0 holds.
2026-07-11T11:08:26,994 [zio-default-async-5] DEBUG a.f.a.t.b.t.TransitionExecutorImpl - Step #2, transition #15
2026-07-11T11:08:26,994 [zio-default-async-5] DEBUG a.f.a.t.b.t.TransitionExecutorImpl - Translating to SMT
2026-07-11T11:08:27,002 [zio-default-async-5] DEBUG a.f.a.t.b.SeqModelChecker - Step 2: Transition #15. Is it enabled?
2026-07-11T11:08:27,005 [zio-default-async-5] DEBUG a.f.a.t.b.SeqModelChecker - Step 2: Transition #15 is enabled
2026-07-11T11:08:27,006 [zio-default-async-5] INFO  a.f.a.t.b.SeqModelChecker - State 2: Checking 1 state invariants
2026-07-11T11:08:27,006 [zio-default-async-5] DEBUG a.f.a.t.b.SeqModelChecker - State 2: Checking state invariant 0
2026-07-11T11:08:27,010 [zio-default-async-5] INFO  a.f.a.t.b.SeqModelChecker - State 2: state invariant 0 holds.
2026-07-11T11:08:27,010 [zio-default-async-5] DEBUG a.f.a.t.b.t.TransitionExecutorImpl - Step #2, transition #16
2026-07-11T11:08:27,010 [zio-default-async-5] DEBUG a.f.a.t.b.t.TransitionExecutorImpl - Translating to SMT
2026-07-11T11:08:27,018 [zio-default-async-5] DEBUG a.f.a.t.b.SeqModelChecker - Step 2: Transition #16. Is it enabled?
2026-07-11T11:08:27,021 [zio-default-async-5] INFO  a.f.a.t.b.SeqModelChecker - Step 2: Transition #16 is disabled
2026-07-11T11:08:27,022 [zio-default-async-5] DEBUG a.f.a.t.b.t.TransitionExecutorImpl - Step #2, transition #17
2026-07-11T11:08:27,022 [zio-default-async-5] DEBUG a.f.a.t.b.t.TransitionExecutorImpl - Translating to SMT
2026-07-11T11:08:27,030 [zio-default-async-5] DEBUG a.f.a.t.b.SeqModelChecker - Step 2: Transition #17. Is it enabled?
2026-07-11T11:08:27,031 [zio-default-async-5] INFO  a.f.a.t.b.SeqModelChecker - Step 2: Transition #17 is disabled
2026-07-11T11:08:27,032 [zio-default-async-5] DEBUG a.f.a.t.b.t.TransitionExecutorImpl - Step #2, transition #18
2026-07-11T11:08:27,032 [zio-default-async-5] DEBUG a.f.a.t.b.t.TransitionExecutorImpl - Translating to SMT
2026-07-11T11:08:27,043 [zio-default-async-5] DEBUG a.f.a.t.b.SeqModelChecker - Step 2: Transition #18. Is it enabled?
2026-07-11T11:08:27,046 [zio-default-async-5] DEBUG a.f.a.t.b.SeqModelChecker - Step 2: Transition #18 is enabled
2026-07-11T11:08:27,047 [zio-default-async-5] INFO  a.f.a.t.b.SeqModelChecker - State 2: Checking 1 state invariants
2026-07-11T11:08:27,047 [zio-default-async-5] DEBUG a.f.a.t.b.SeqModelChecker - State 2: Checking state invariant 0
2026-07-11T11:08:27,066 [zio-default-async-5] INFO  a.f.a.t.b.SeqModelChecker - State 2: state invariant 0 holds.
2026-07-11T11:08:27,067 [zio-default-async-5] DEBUG a.f.a.t.b.t.TransitionExecutorImpl - Step #2, transition #19
2026-07-11T11:08:27,067 [zio-default-async-5] DEBUG a.f.a.t.b.t.TransitionExecutorImpl - Translating to SMT
2026-07-11T11:08:27,077 [zio-default-async-5] DEBUG a.f.a.t.b.SeqModelChecker - Step 2: Transition #19. Is it enabled?
2026-07-11T11:08:27,079 [zio-default-async-5] DEBUG a.f.a.t.b.SeqModelChecker - Step 2: Transition #19 is enabled
2026-07-11T11:08:27,079 [zio-default-async-5] INFO  a.f.a.t.b.SeqModelChecker - State 2: Checking 1 state invariants
2026-07-11T11:08:27,079 [zio-default-async-5] DEBUG a.f.a.t.b.SeqModelChecker - State 2: Checking state invariant 0
2026-07-11T11:08:27,084 [zio-default-async-5] INFO  a.f.a.t.b.SeqModelChecker - State 2: state invariant 0 holds.
2026-07-11T11:08:27,085 [zio-default-async-5] DEBUG a.f.a.t.b.t.TransitionExecutorImpl - Step #2, transition #20
2026-07-11T11:08:27,085 [zio-default-async-5] DEBUG a.f.a.t.b.t.TransitionExecutorImpl - Translating to SMT
2026-07-11T11:08:27,091 [zio-default-async-5] DEBUG a.f.a.t.b.SeqModelChecker - Step 2: Transition #20. Is it enabled?
2026-07-11T11:08:27,093 [zio-default-async-5] INFO  a.f.a.t.b.SeqModelChecker - Step 2: Transition #20 is disabled
2026-07-11T11:08:27,093 [zio-default-async-5] DEBUG a.f.a.t.b.t.TransitionExecutorImpl - Step #2, transition #21
2026-07-11T11:08:27,093 [zio-default-async-5] DEBUG a.f.a.t.b.t.TransitionExecutorImpl - Translating to SMT
2026-07-11T11:08:27,099 [zio-default-async-5] DEBUG a.f.a.t.b.SeqModelChecker - Step 2: Transition #21. Is it enabled?
2026-07-11T11:08:27,100 [zio-default-async-5] INFO  a.f.a.t.b.SeqModelChecker - Step 2: Transition #21 is disabled
2026-07-11T11:08:27,101 [zio-default-async-5] INFO  a.f.a.t.b.t.TransitionExecutorImpl - Step 2: picking a transition out of 14 transition(s)
2026-07-11T11:08:27,162 [zio-default-async-5] DEBUG a.f.a.t.b.t.TransitionExecutorImpl - Step #3, transition #0
2026-07-11T11:08:27,162 [zio-default-async-5] DEBUG a.f.a.t.b.t.TransitionExecutorImpl - Translating to SMT
2026-07-11T11:08:27,169 [zio-default-async-5] DEBUG a.f.a.t.b.SeqModelChecker - Step 3: Transition #0. Is it enabled?
2026-07-11T11:08:27,179 [zio-default-async-5] DEBUG a.f.a.t.b.SeqModelChecker - Step 3: Transition #0 is enabled
2026-07-11T11:08:27,180 [zio-default-async-5] INFO  a.f.a.t.b.SeqModelChecker - State 3: Checking 1 state invariants
2026-07-11T11:08:27,180 [zio-default-async-5] DEBUG a.f.a.t.b.SeqModelChecker - State 3: Checking state invariant 0
2026-07-11T11:08:27,203 [zio-default-async-5] INFO  a.f.a.t.b.SeqModelChecker - State 3: state invariant 0 holds.
2026-07-11T11:08:27,205 [zio-default-async-5] DEBUG a.f.a.t.b.t.TransitionExecutorImpl - Step #3, transition #1
2026-07-11T11:08:27,205 [zio-default-async-5] DEBUG a.f.a.t.b.t.TransitionExecutorImpl - Translating to SMT
2026-07-11T11:08:27,211 [zio-default-async-5] DEBUG a.f.a.t.b.SeqModelChecker - Step 3: Transition #1. Is it enabled?
2026-07-11T11:08:27,217 [zio-default-async-5] DEBUG a.f.a.t.b.SeqModelChecker - Step 3: Transition #1 is enabled
2026-07-11T11:08:27,217 [zio-default-async-5] INFO  a.f.a.t.b.SeqModelChecker - State 3: Checking 1 state invariants
2026-07-11T11:08:27,217 [zio-default-async-5] DEBUG a.f.a.t.b.SeqModelChecker - State 3: Checking state invariant 0
2026-07-11T11:08:27,220 [zio-default-async-5] INFO  a.f.a.t.b.SeqModelChecker - State 3: state invariant 0 holds.
2026-07-11T11:08:27,221 [zio-default-async-5] DEBUG a.f.a.t.b.t.TransitionExecutorImpl - Step #3, transition #2
2026-07-11T11:08:27,221 [zio-default-async-5] DEBUG a.f.a.t.b.t.TransitionExecutorImpl - Translating to SMT
2026-07-11T11:08:27,229 [zio-default-async-5] DEBUG a.f.a.t.b.SeqModelChecker - Step 3: Transition #2. Is it enabled?
2026-07-11T11:08:27,237 [zio-default-async-5] DEBUG a.f.a.t.b.SeqModelChecker - Step 3: Transition #2 is enabled
2026-07-11T11:08:27,238 [zio-default-async-5] INFO  a.f.a.t.b.SeqModelChecker - State 3: Checking 1 state invariants
2026-07-11T11:08:27,238 [zio-default-async-5] DEBUG a.f.a.t.b.SeqModelChecker - State 3: Checking state invariant 0
2026-07-11T11:08:27,269 [zio-default-async-5] INFO  a.f.a.t.b.SeqModelChecker - State 3: state invariant 0 holds.
2026-07-11T11:08:27,270 [zio-default-async-5] DEBUG a.f.a.t.b.t.TransitionExecutorImpl - Step #3, transition #3
2026-07-11T11:08:27,270 [zio-default-async-5] DEBUG a.f.a.t.b.t.TransitionExecutorImpl - Translating to SMT
2026-07-11T11:08:27,278 [zio-default-async-5] DEBUG a.f.a.t.b.SeqModelChecker - Step 3: Transition #3. Is it enabled?
2026-07-11T11:08:27,281 [zio-default-async-5] DEBUG a.f.a.t.b.SeqModelChecker - Step 3: Transition #3 is enabled
2026-07-11T11:08:27,282 [zio-default-async-5] INFO  a.f.a.t.b.SeqModelChecker - State 3: Checking 1 state invariants
2026-07-11T11:08:27,282 [zio-default-async-5] DEBUG a.f.a.t.b.SeqModelChecker - State 3: Checking state invariant 0
2026-07-11T11:08:27,285 [zio-default-async-5] INFO  a.f.a.t.b.SeqModelChecker - State 3: state invariant 0 holds.
2026-07-11T11:08:27,286 [zio-default-async-5] DEBUG a.f.a.t.b.t.TransitionExecutorImpl - Step #3, transition #4
2026-07-11T11:08:27,286 [zio-default-async-5] DEBUG a.f.a.t.b.t.TransitionExecutorImpl - Translating to SMT
2026-07-11T11:08:27,330 [zio-default-async-5] DEBUG a.f.a.t.b.SeqModelChecker - Step 3: Transition #4. Is it enabled?
2026-07-11T11:08:27,335 [zio-default-async-5] DEBUG a.f.a.t.b.SeqModelChecker - Step 3: Transition #4 is enabled
2026-07-11T11:08:27,335 [zio-default-async-5] INFO  a.f.a.t.b.SeqModelChecker - State 3: Checking 1 state invariants
2026-07-11T11:08:27,336 [zio-default-async-5] DEBUG a.f.a.t.b.SeqModelChecker - State 3: Checking state invariant 0
2026-07-11T11:08:27,355 [zio-default-async-5] INFO  a.f.a.t.b.SeqModelChecker - State 3: state invariant 0 holds.
2026-07-11T11:08:27,356 [zio-default-async-5] DEBUG a.f.a.t.b.t.TransitionExecutorImpl - Step #3, transition #5
2026-07-11T11:08:27,356 [zio-default-async-5] DEBUG a.f.a.t.b.t.TransitionExecutorImpl - Translating to SMT
2026-07-11T11:08:27,379 [zio-default-async-5] DEBUG a.f.a.t.b.SeqModelChecker - Step 3: Transition #5. Is it enabled?
2026-07-11T11:08:27,384 [zio-default-async-5] DEBUG a.f.a.t.b.SeqModelChecker - Step 3: Transition #5 is enabled
2026-07-11T11:08:27,384 [zio-default-async-5] INFO  a.f.a.t.b.SeqModelChecker - State 3: Checking 1 state invariants
2026-07-11T11:08:27,385 [zio-default-async-5] DEBUG a.f.a.t.b.SeqModelChecker - State 3: Checking state invariant 0
2026-07-11T11:08:27,403 [zio-default-async-5] INFO  a.f.a.t.b.SeqModelChecker - State 3: state invariant 0 holds.
2026-07-11T11:08:27,404 [zio-default-async-5] DEBUG a.f.a.t.b.t.TransitionExecutorImpl - Step #3, transition #6
2026-07-11T11:08:27,404 [zio-default-async-5] DEBUG a.f.a.t.b.t.TransitionExecutorImpl - Translating to SMT
2026-07-11T11:08:27,426 [zio-default-async-5] DEBUG a.f.a.t.b.SeqModelChecker - Step 3: Transition #6. Is it enabled?
2026-07-11T11:08:27,432 [zio-default-async-5] DEBUG a.f.a.t.b.SeqModelChecker - Step 3: Transition #6 is enabled
2026-07-11T11:08:27,432 [zio-default-async-5] INFO  a.f.a.t.b.SeqModelChecker - State 3: Checking 1 state invariants
2026-07-11T11:08:27,432 [zio-default-async-5] DEBUG a.f.a.t.b.SeqModelChecker - State 3: Checking state invariant 0
2026-07-11T11:08:27,454 [zio-default-async-5] INFO  a.f.a.t.b.SeqModelChecker - State 3: state invariant 0 holds.
2026-07-11T11:08:27,455 [zio-default-async-5] DEBUG a.f.a.t.b.t.TransitionExecutorImpl - Step #3, transition #7
2026-07-11T11:08:27,455 [zio-default-async-5] DEBUG a.f.a.t.b.t.TransitionExecutorImpl - Translating to SMT
2026-07-11T11:08:27,477 [zio-default-async-5] DEBUG a.f.a.t.b.SeqModelChecker - Step 3: Transition #7. Is it enabled?
2026-07-11T11:08:27,486 [zio-default-async-5] DEBUG a.f.a.t.b.SeqModelChecker - Step 3: Transition #7 is enabled
2026-07-11T11:08:27,487 [zio-default-async-5] INFO  a.f.a.t.b.SeqModelChecker - State 3: Checking 1 state invariants
2026-07-11T11:08:27,487 [zio-default-async-5] DEBUG a.f.a.t.b.SeqModelChecker - State 3: Checking state invariant 0
2026-07-11T11:08:27,505 [zio-default-async-5] INFO  a.f.a.t.b.SeqModelChecker - State 3: state invariant 0 holds.
2026-07-11T11:08:27,507 [zio-default-async-5] DEBUG a.f.a.t.b.t.TransitionExecutorImpl - Step #3, transition #8
2026-07-11T11:08:27,507 [zio-default-async-5] DEBUG a.f.a.t.b.t.TransitionExecutorImpl - Translating to SMT
2026-07-11T11:08:27,530 [zio-default-async-5] DEBUG a.f.a.t.b.SeqModelChecker - Step 3: Transition #8. Is it enabled?
2026-07-11T11:08:27,539 [zio-default-async-5] DEBUG a.f.a.t.b.SeqModelChecker - Step 3: Transition #8 is enabled
2026-07-11T11:08:27,539 [zio-default-async-5] INFO  a.f.a.t.b.SeqModelChecker - State 3: Checking 1 state invariants
2026-07-11T11:08:27,539 [zio-default-async-5] DEBUG a.f.a.t.b.SeqModelChecker - State 3: Checking state invariant 0
2026-07-11T11:08:27,567 [zio-default-async-5] INFO  a.f.a.t.b.SeqModelChecker - State 3: state invariant 0 holds.
2026-07-11T11:08:27,569 [zio-default-async-5] DEBUG a.f.a.t.b.t.TransitionExecutorImpl - Step #3, transition #9
2026-07-11T11:08:27,569 [zio-default-async-5] DEBUG a.f.a.t.b.t.TransitionExecutorImpl - Translating to SMT
2026-07-11T11:08:27,596 [zio-default-async-5] DEBUG a.f.a.t.b.SeqModelChecker - Step 3: Transition #9. Is it enabled?
2026-07-11T11:08:27,611 [zio-default-async-5] DEBUG a.f.a.t.b.SeqModelChecker - Step 3: Transition #9 is enabled
2026-07-11T11:08:27,611 [zio-default-async-5] INFO  a.f.a.t.b.SeqModelChecker - State 3: Checking 1 state invariants
2026-07-11T11:08:27,611 [zio-default-async-5] DEBUG a.f.a.t.b.SeqModelChecker - State 3: Checking state invariant 0
2026-07-11T11:08:27,633 [zio-default-async-5] INFO  a.f.a.t.b.SeqModelChecker - State 3: state invariant 0 holds.
2026-07-11T11:08:27,634 [zio-default-async-5] DEBUG a.f.a.t.b.t.TransitionExecutorImpl - Step #3, transition #10
2026-07-11T11:08:27,634 [zio-default-async-5] DEBUG a.f.a.t.b.t.TransitionExecutorImpl - Translating to SMT
2026-07-11T11:08:27,647 [zio-default-async-5] DEBUG a.f.a.t.b.SeqModelChecker - Step 3: Transition #10. Is it enabled?
2026-07-11T11:08:27,655 [zio-default-async-5] DEBUG a.f.a.t.b.SeqModelChecker - Step 3: Transition #10 is enabled
2026-07-11T11:08:27,656 [zio-default-async-5] INFO  a.f.a.t.b.SeqModelChecker - State 3: Checking 1 state invariants
2026-07-11T11:08:27,656 [zio-default-async-5] DEBUG a.f.a.t.b.SeqModelChecker - State 3: Checking state invariant 0
2026-07-11T11:08:27,678 [zio-default-async-5] INFO  a.f.a.t.b.SeqModelChecker - State 3: state invariant 0 holds.
2026-07-11T11:08:27,679 [zio-default-async-5] DEBUG a.f.a.t.b.t.TransitionExecutorImpl - Step #3, transition #11
2026-07-11T11:08:27,679 [zio-default-async-5] DEBUG a.f.a.t.b.t.TransitionExecutorImpl - Translating to SMT
2026-07-11T11:08:27,691 [zio-default-async-5] DEBUG a.f.a.t.b.SeqModelChecker - Step 3: Transition #11. Is it enabled?
2026-07-11T11:08:27,700 [zio-default-async-5] DEBUG a.f.a.t.b.SeqModelChecker - Step 3: Transition #11 is enabled
2026-07-11T11:08:27,700 [zio-default-async-5] INFO  a.f.a.t.b.SeqModelChecker - State 3: Checking 1 state invariants
2026-07-11T11:08:27,701 [zio-default-async-5] DEBUG a.f.a.t.b.SeqModelChecker - State 3: Checking state invariant 0
2026-07-11T11:08:27,708 [zio-default-async-5] INFO  a.f.a.t.b.SeqModelChecker - State 3: state invariant 0 holds.
2026-07-11T11:08:27,709 [zio-default-async-5] DEBUG a.f.a.t.b.t.TransitionExecutorImpl - Step #3, transition #12
2026-07-11T11:08:27,709 [zio-default-async-5] DEBUG a.f.a.t.b.t.TransitionExecutorImpl - Translating to SMT
2026-07-11T11:08:27,727 [zio-default-async-5] DEBUG a.f.a.t.b.SeqModelChecker - Step 3: Transition #12. Is it enabled?
2026-07-11T11:08:27,738 [zio-default-async-5] DEBUG a.f.a.t.b.SeqModelChecker - Step 3: Transition #12 is enabled
2026-07-11T11:08:27,739 [zio-default-async-5] INFO  a.f.a.t.b.SeqModelChecker - State 3: Checking 1 state invariants
2026-07-11T11:08:27,739 [zio-default-async-5] DEBUG a.f.a.t.b.SeqModelChecker - State 3: Checking state invariant 0
2026-07-11T11:08:27,769 [zio-default-async-5] INFO  a.f.a.t.b.SeqModelChecker - State 3: state invariant 0 holds.
2026-07-11T11:08:27,771 [zio-default-async-5] DEBUG a.f.a.t.b.t.TransitionExecutorImpl - Step #3, transition #13
2026-07-11T11:08:27,772 [zio-default-async-5] DEBUG a.f.a.t.b.t.TransitionExecutorImpl - Translating to SMT
2026-07-11T11:08:27,790 [zio-default-async-5] DEBUG a.f.a.t.b.SeqModelChecker - Step 3: Transition #13. Is it enabled?
2026-07-11T11:08:27,805 [zio-default-async-5] DEBUG a.f.a.t.b.SeqModelChecker - Step 3: Transition #13 is enabled
2026-07-11T11:08:27,805 [zio-default-async-5] INFO  a.f.a.t.b.SeqModelChecker - State 3: Checking 1 state invariants
2026-07-11T11:08:27,805 [zio-default-async-5] DEBUG a.f.a.t.b.SeqModelChecker - State 3: Checking state invariant 0
2026-07-11T11:08:27,824 [zio-default-async-5] INFO  a.f.a.t.b.SeqModelChecker - State 3: state invariant 0 holds.
2026-07-11T11:08:27,826 [zio-default-async-5] DEBUG a.f.a.t.b.t.TransitionExecutorImpl - Step #3, transition #14
2026-07-11T11:08:27,826 [zio-default-async-5] DEBUG a.f.a.t.b.t.TransitionExecutorImpl - Translating to SMT
2026-07-11T11:08:27,851 [zio-default-async-5] DEBUG a.f.a.t.b.SeqModelChecker - Step 3: Transition #14. Is it enabled?
2026-07-11T11:08:27,866 [zio-default-async-5] DEBUG a.f.a.t.b.SeqModelChecker - Step 3: Transition #14 is enabled
2026-07-11T11:08:27,866 [zio-default-async-5] INFO  a.f.a.t.b.SeqModelChecker - State 3: Checking 1 state invariants
2026-07-11T11:08:27,866 [zio-default-async-5] DEBUG a.f.a.t.b.SeqModelChecker - State 3: Checking state invariant 0
2026-07-11T11:08:27,892 [zio-default-async-5] INFO  a.f.a.t.b.SeqModelChecker - State 3: state invariant 0 holds.
2026-07-11T11:08:27,893 [zio-default-async-5] DEBUG a.f.a.t.b.t.TransitionExecutorImpl - Step #3, transition #15
2026-07-11T11:08:27,893 [zio-default-async-5] DEBUG a.f.a.t.b.t.TransitionExecutorImpl - Translating to SMT
2026-07-11T11:08:27,902 [zio-default-async-5] DEBUG a.f.a.t.b.SeqModelChecker - Step 3: Transition #15. Is it enabled?
2026-07-11T11:08:27,916 [zio-default-async-5] DEBUG a.f.a.t.b.SeqModelChecker - Step 3: Transition #15 is enabled
2026-07-11T11:08:27,916 [zio-default-async-5] INFO  a.f.a.t.b.SeqModelChecker - State 3: Checking 1 state invariants
2026-07-11T11:08:27,916 [zio-default-async-5] DEBUG a.f.a.t.b.SeqModelChecker - State 3: Checking state invariant 0
2026-07-11T11:08:27,920 [zio-default-async-5] INFO  a.f.a.t.b.SeqModelChecker - State 3: state invariant 0 holds.
2026-07-11T11:08:27,921 [zio-default-async-5] DEBUG a.f.a.t.b.t.TransitionExecutorImpl - Step #3, transition #16
2026-07-11T11:08:27,921 [zio-default-async-5] DEBUG a.f.a.t.b.t.TransitionExecutorImpl - Translating to SMT
2026-07-11T11:08:27,928 [zio-default-async-5] DEBUG a.f.a.t.b.SeqModelChecker - Step 3: Transition #16. Is it enabled?
2026-07-11T11:08:27,933 [zio-default-async-5] DEBUG a.f.a.t.b.SeqModelChecker - Step 3: Transition #16 is enabled
2026-07-11T11:08:27,933 [zio-default-async-5] INFO  a.f.a.t.b.SeqModelChecker - State 3: Checking 1 state invariants
2026-07-11T11:08:27,933 [zio-default-async-5] DEBUG a.f.a.t.b.SeqModelChecker - State 3: Checking state invariant 0
2026-07-11T11:08:27,955 [zio-default-async-5] INFO  a.f.a.t.b.SeqModelChecker - State 3: state invariant 0 holds.
2026-07-11T11:08:27,956 [zio-default-async-5] DEBUG a.f.a.t.b.t.TransitionExecutorImpl - Step #3, transition #17
2026-07-11T11:08:27,956 [zio-default-async-5] DEBUG a.f.a.t.b.t.TransitionExecutorImpl - Translating to SMT
2026-07-11T11:08:27,963 [zio-default-async-5] DEBUG a.f.a.t.b.SeqModelChecker - Step 3: Transition #17. Is it enabled?
2026-07-11T11:08:27,971 [zio-default-async-5] DEBUG a.f.a.t.b.SeqModelChecker - Step 3: Transition #17 is enabled
2026-07-11T11:08:27,972 [zio-default-async-5] INFO  a.f.a.t.b.SeqModelChecker - State 3: Checking 1 state invariants
2026-07-11T11:08:27,972 [zio-default-async-5] DEBUG a.f.a.t.b.SeqModelChecker - State 3: Checking state invariant 0
2026-07-11T11:08:27,980 [zio-default-async-5] INFO  a.f.a.t.b.SeqModelChecker - State 3: state invariant 0 holds.
2026-07-11T11:08:27,981 [zio-default-async-5] DEBUG a.f.a.t.b.t.TransitionExecutorImpl - Step #3, transition #18
2026-07-11T11:08:27,981 [zio-default-async-5] DEBUG a.f.a.t.b.t.TransitionExecutorImpl - Translating to SMT
2026-07-11T11:08:27,989 [zio-default-async-5] DEBUG a.f.a.t.b.SeqModelChecker - Step 3: Transition #18. Is it enabled?
2026-07-11T11:08:27,995 [zio-default-async-5] DEBUG a.f.a.t.b.SeqModelChecker - Step 3: Transition #18 is enabled
2026-07-11T11:08:27,996 [zio-default-async-5] INFO  a.f.a.t.b.SeqModelChecker - State 3: Checking 1 state invariants
2026-07-11T11:08:27,996 [zio-default-async-5] DEBUG a.f.a.t.b.SeqModelChecker - State 3: Checking state invariant 0
2026-07-11T11:08:28,015 [zio-default-async-5] INFO  a.f.a.t.b.SeqModelChecker - State 3: state invariant 0 holds.
2026-07-11T11:08:28,016 [zio-default-async-5] DEBUG a.f.a.t.b.t.TransitionExecutorImpl - Step #3, transition #19
2026-07-11T11:08:28,016 [zio-default-async-5] DEBUG a.f.a.t.b.t.TransitionExecutorImpl - Translating to SMT
2026-07-11T11:08:28,025 [zio-default-async-5] DEBUG a.f.a.t.b.SeqModelChecker - Step 3: Transition #19. Is it enabled?
2026-07-11T11:08:28,032 [zio-default-async-5] DEBUG a.f.a.t.b.SeqModelChecker - Step 3: Transition #19 is enabled
2026-07-11T11:08:28,032 [zio-default-async-5] INFO  a.f.a.t.b.SeqModelChecker - State 3: Checking 1 state invariants
2026-07-11T11:08:28,032 [zio-default-async-5] DEBUG a.f.a.t.b.SeqModelChecker - State 3: Checking state invariant 0
2026-07-11T11:08:28,037 [zio-default-async-5] INFO  a.f.a.t.b.SeqModelChecker - State 3: state invariant 0 holds.
2026-07-11T11:08:28,038 [zio-default-async-5] DEBUG a.f.a.t.b.t.TransitionExecutorImpl - Step #3, transition #20
2026-07-11T11:08:28,038 [zio-default-async-5] DEBUG a.f.a.t.b.t.TransitionExecutorImpl - Translating to SMT
2026-07-11T11:08:28,044 [zio-default-async-5] DEBUG a.f.a.t.b.SeqModelChecker - Step 3: Transition #20. Is it enabled?
2026-07-11T11:08:28,051 [zio-default-async-5] DEBUG a.f.a.t.b.SeqModelChecker - Step 3: Transition #20 is enabled
2026-07-11T11:08:28,052 [zio-default-async-5] INFO  a.f.a.t.b.SeqModelChecker - State 3: Checking 1 state invariants
2026-07-11T11:08:28,052 [zio-default-async-5] DEBUG a.f.a.t.b.SeqModelChecker - State 3: Checking state invariant 0
2026-07-11T11:08:28,074 [zio-default-async-5] INFO  a.f.a.t.b.SeqModelChecker - State 3: state invariant 0 holds.
2026-07-11T11:08:28,075 [zio-default-async-5] DEBUG a.f.a.t.b.t.TransitionExecutorImpl - Step #3, transition #21
2026-07-11T11:08:28,075 [zio-default-async-5] DEBUG a.f.a.t.b.t.TransitionExecutorImpl - Translating to SMT
2026-07-11T11:08:28,081 [zio-default-async-5] DEBUG a.f.a.t.b.SeqModelChecker - Step 3: Transition #21. Is it enabled?
2026-07-11T11:08:28,089 [zio-default-async-5] DEBUG a.f.a.t.b.SeqModelChecker - Step 3: Transition #21 is enabled
2026-07-11T11:08:28,089 [zio-default-async-5] INFO  a.f.a.t.b.SeqModelChecker - State 3: Checking 1 state invariants
2026-07-11T11:08:28,089 [zio-default-async-5] DEBUG a.f.a.t.b.SeqModelChecker - State 3: Checking state invariant 0
2026-07-11T11:08:28,096 [zio-default-async-5] INFO  a.f.a.t.b.SeqModelChecker - State 3: state invariant 0 holds.
2026-07-11T11:08:28,098 [zio-default-async-5] INFO  a.f.a.t.b.t.TransitionExecutorImpl - Step 3: picking a transition out of 22 transition(s)
2026-07-11T11:08:28,196 [zio-default-async-5] DEBUG a.f.a.t.b.t.TransitionExecutorImpl - Step #4, transition #0
2026-07-11T11:08:28,196 [zio-default-async-5] DEBUG a.f.a.t.b.t.TransitionExecutorImpl - Translating to SMT
2026-07-11T11:08:28,202 [zio-default-async-5] DEBUG a.f.a.t.b.SeqModelChecker - Step 4: Transition #0. Is it enabled?
2026-07-11T11:08:28,226 [zio-default-async-5] DEBUG a.f.a.t.b.SeqModelChecker - Step 4: Transition #0 is enabled
2026-07-11T11:08:28,226 [zio-default-async-5] INFO  a.f.a.t.b.SeqModelChecker - State 4: Checking 1 state invariants
2026-07-11T11:08:28,226 [zio-default-async-5] DEBUG a.f.a.t.b.SeqModelChecker - State 4: Checking state invariant 0
2026-07-11T11:08:28,255 [zio-default-async-5] INFO  a.f.a.t.b.SeqModelChecker - State 4: state invariant 0 holds.
2026-07-11T11:08:28,256 [zio-default-async-5] DEBUG a.f.a.t.b.t.TransitionExecutorImpl - Step #4, transition #1
2026-07-11T11:08:28,257 [zio-default-async-5] DEBUG a.f.a.t.b.t.TransitionExecutorImpl - Translating to SMT
2026-07-11T11:08:28,262 [zio-default-async-5] DEBUG a.f.a.t.b.SeqModelChecker - Step 4: Transition #1. Is it enabled?
2026-07-11T11:08:28,335 [zio-default-async-5] DEBUG a.f.a.t.b.SeqModelChecker - Step 4: Transition #1 is enabled
2026-07-11T11:08:28,336 [zio-default-async-5] INFO  a.f.a.t.b.SeqModelChecker - State 4: Checking 1 state invariants
2026-07-11T11:08:28,336 [zio-default-async-5] DEBUG a.f.a.t.b.SeqModelChecker - State 4: Checking state invariant 0
2026-07-11T11:08:28,338 [zio-default-async-5] INFO  a.f.a.t.b.SeqModelChecker - State 4: state invariant 0 holds.
2026-07-11T11:08:28,339 [zio-default-async-5] DEBUG a.f.a.t.b.t.TransitionExecutorImpl - Step #4, transition #2
2026-07-11T11:08:28,339 [zio-default-async-5] DEBUG a.f.a.t.b.t.TransitionExecutorImpl - Translating to SMT
2026-07-11T11:08:28,346 [zio-default-async-5] DEBUG a.f.a.t.b.SeqModelChecker - Step 4: Transition #2. Is it enabled?
2026-07-11T11:08:28,384 [zio-default-async-5] DEBUG a.f.a.t.b.SeqModelChecker - Step 4: Transition #2 is enabled
2026-07-11T11:08:28,384 [zio-default-async-5] INFO  a.f.a.t.b.SeqModelChecker - State 4: Checking 1 state invariants
2026-07-11T11:08:28,385 [zio-default-async-5] DEBUG a.f.a.t.b.SeqModelChecker - State 4: Checking state invariant 0
2026-07-11T11:08:28,429 [zio-default-async-5] INFO  a.f.a.t.b.SeqModelChecker - State 4: state invariant 0 holds.
2026-07-11T11:08:28,431 [zio-default-async-5] DEBUG a.f.a.t.b.t.TransitionExecutorImpl - Step #4, transition #3
2026-07-11T11:08:28,431 [zio-default-async-5] DEBUG a.f.a.t.b.t.TransitionExecutorImpl - Translating to SMT
2026-07-11T11:08:28,438 [zio-default-async-5] DEBUG a.f.a.t.b.SeqModelChecker - Step 4: Transition #3. Is it enabled?
2026-07-11T11:08:28,457 [zio-default-async-5] DEBUG a.f.a.t.b.SeqModelChecker - Step 4: Transition #3 is enabled
2026-07-11T11:08:28,457 [zio-default-async-5] INFO  a.f.a.t.b.SeqModelChecker - State 4: Checking 1 state invariants
2026-07-11T11:08:28,457 [zio-default-async-5] DEBUG a.f.a.t.b.SeqModelChecker - State 4: Checking state invariant 0
2026-07-11T11:08:28,461 [zio-default-async-5] INFO  a.f.a.t.b.SeqModelChecker - State 4: state invariant 0 holds.
2026-07-11T11:08:28,462 [zio-default-async-5] DEBUG a.f.a.t.b.t.TransitionExecutorImpl - Step #4, transition #4
2026-07-11T11:08:28,462 [zio-default-async-5] DEBUG a.f.a.t.b.t.TransitionExecutorImpl - Translating to SMT
2026-07-11T11:08:28,483 [zio-default-async-5] DEBUG a.f.a.t.b.SeqModelChecker - Step 4: Transition #4. Is it enabled?
2026-07-11T11:08:28,544 [zio-default-async-5] DEBUG a.f.a.t.b.SeqModelChecker - Step 4: Transition #4 is enabled
2026-07-11T11:08:28,544 [zio-default-async-5] INFO  a.f.a.t.b.SeqModelChecker - State 4: Checking 1 state invariants
2026-07-11T11:08:28,544 [zio-default-async-5] DEBUG a.f.a.t.b.SeqModelChecker - State 4: Checking state invariant 0
2026-07-11T11:08:28,587 [zio-default-async-5] INFO  a.f.a.t.b.SeqModelChecker - State 4: state invariant 0 holds.
2026-07-11T11:08:28,588 [zio-default-async-5] DEBUG a.f.a.t.b.t.TransitionExecutorImpl - Step #4, transition #5
2026-07-11T11:08:28,588 [zio-default-async-5] DEBUG a.f.a.t.b.t.TransitionExecutorImpl - Translating to SMT
2026-07-11T11:08:28,609 [zio-default-async-5] DEBUG a.f.a.t.b.SeqModelChecker - Step 4: Transition #5. Is it enabled?
2026-07-11T11:08:28,665 [zio-default-async-5] DEBUG a.f.a.t.b.SeqModelChecker - Step 4: Transition #5 is enabled
2026-07-11T11:08:28,665 [zio-default-async-5] INFO  a.f.a.t.b.SeqModelChecker - State 4: Checking 1 state invariants
2026-07-11T11:08:28,665 [zio-default-async-5] DEBUG a.f.a.t.b.SeqModelChecker - State 4: Checking state invariant 0
2026-07-11T11:08:28,684 [zio-default-async-5] INFO  a.f.a.t.b.SeqModelChecker - State 4: state invariant 0 holds.
2026-07-11T11:08:28,686 [zio-default-async-5] DEBUG a.f.a.t.b.t.TransitionExecutorImpl - Step #4, transition #6
2026-07-11T11:08:28,686 [zio-default-async-5] DEBUG a.f.a.t.b.t.TransitionExecutorImpl - Translating to SMT
2026-07-11T11:08:28,709 [zio-default-async-5] DEBUG a.f.a.t.b.SeqModelChecker - Step 4: Transition #6. Is it enabled?
2026-07-11T11:08:28,727 [zio-default-async-5] DEBUG a.f.a.t.b.SeqModelChecker - Step 4: Transition #6 is enabled
2026-07-11T11:08:28,727 [zio-default-async-5] INFO  a.f.a.t.b.SeqModelChecker - State 4: Checking 1 state invariants
2026-07-11T11:08:28,727 [zio-default-async-5] DEBUG a.f.a.t.b.SeqModelChecker - State 4: Checking state invariant 0
2026-07-11T11:08:28,765 [zio-default-async-5] INFO  a.f.a.t.b.SeqModelChecker - State 4: state invariant 0 holds.
2026-07-11T11:08:28,768 [zio-default-async-5] DEBUG a.f.a.t.b.t.TransitionExecutorImpl - Step #4, transition #7
2026-07-11T11:08:28,768 [zio-default-async-5] DEBUG a.f.a.t.b.t.TransitionExecutorImpl - Translating to SMT
2026-07-11T11:08:28,787 [zio-default-async-5] DEBUG a.f.a.t.b.SeqModelChecker - Step 4: Transition #7. Is it enabled?
2026-07-11T11:08:28,825 [zio-default-async-5] DEBUG a.f.a.t.b.SeqModelChecker - Step 4: Transition #7 is enabled
2026-07-11T11:08:28,826 [zio-default-async-5] INFO  a.f.a.t.b.SeqModelChecker - State 4: Checking 1 state invariants
2026-07-11T11:08:28,826 [zio-default-async-5] DEBUG a.f.a.t.b.SeqModelChecker - State 4: Checking state invariant 0
2026-07-11T11:08:28,877 [zio-default-async-5] INFO  a.f.a.t.b.SeqModelChecker - State 4: state invariant 0 holds.
2026-07-11T11:08:28,878 [zio-default-async-5] DEBUG a.f.a.t.b.t.TransitionExecutorImpl - Step #4, transition #8
2026-07-11T11:08:28,878 [zio-default-async-5] DEBUG a.f.a.t.b.t.TransitionExecutorImpl - Translating to SMT
2026-07-11T11:08:28,899 [zio-default-async-5] DEBUG a.f.a.t.b.SeqModelChecker - Step 4: Transition #8. Is it enabled?
2026-07-11T11:08:28,933 [zio-default-async-5] DEBUG a.f.a.t.b.SeqModelChecker - Step 4: Transition #8 is enabled
2026-07-11T11:08:28,933 [zio-default-async-5] INFO  a.f.a.t.b.SeqModelChecker - State 4: Checking 1 state invariants
2026-07-11T11:08:28,933 [zio-default-async-5] DEBUG a.f.a.t.b.SeqModelChecker - State 4: Checking state invariant 0
2026-07-11T11:08:29,035 [zio-default-async-5] INFO  a.f.a.t.b.SeqModelChecker - State 4: state invariant 0 holds.
2026-07-11T11:08:29,037 [zio-default-async-5] DEBUG a.f.a.t.b.t.TransitionExecutorImpl - Step #4, transition #9
2026-07-11T11:08:29,037 [zio-default-async-5] DEBUG a.f.a.t.b.t.TransitionExecutorImpl - Translating to SMT
2026-07-11T11:08:29,059 [zio-default-async-5] DEBUG a.f.a.t.b.SeqModelChecker - Step 4: Transition #9. Is it enabled?
2026-07-11T11:08:29,113 [zio-default-async-5] DEBUG a.f.a.t.b.SeqModelChecker - Step 4: Transition #9 is enabled
2026-07-11T11:08:29,113 [zio-default-async-5] INFO  a.f.a.t.b.SeqModelChecker - State 4: Checking 1 state invariants
2026-07-11T11:08:29,113 [zio-default-async-5] DEBUG a.f.a.t.b.SeqModelChecker - State 4: Checking state invariant 0
2026-07-11T11:08:29,190 [zio-default-async-5] INFO  a.f.a.t.b.SeqModelChecker - State 4: state invariant 0 holds.
2026-07-11T11:08:29,193 [zio-default-async-5] DEBUG a.f.a.t.b.t.TransitionExecutorImpl - Step #4, transition #10
2026-07-11T11:08:29,193 [zio-default-async-5] DEBUG a.f.a.t.b.t.TransitionExecutorImpl - Translating to SMT
2026-07-11T11:08:29,205 [zio-default-async-5] DEBUG a.f.a.t.b.SeqModelChecker - Step 4: Transition #10. Is it enabled?
2026-07-11T11:08:29,230 [zio-default-async-5] DEBUG a.f.a.t.b.SeqModelChecker - Step 4: Transition #10 is enabled
2026-07-11T11:08:29,230 [zio-default-async-5] INFO  a.f.a.t.b.SeqModelChecker - State 4: Checking 1 state invariants
2026-07-11T11:08:29,230 [zio-default-async-5] DEBUG a.f.a.t.b.SeqModelChecker - State 4: Checking state invariant 0
2026-07-11T11:08:29,312 [zio-default-async-5] INFO  a.f.a.t.b.SeqModelChecker - State 4: state invariant 0 holds.
2026-07-11T11:08:29,314 [zio-default-async-5] DEBUG a.f.a.t.b.t.TransitionExecutorImpl - Step #4, transition #11
2026-07-11T11:08:29,314 [zio-default-async-5] DEBUG a.f.a.t.b.t.TransitionExecutorImpl - Translating to SMT
2026-07-11T11:08:29,326 [zio-default-async-5] DEBUG a.f.a.t.b.SeqModelChecker - Step 4: Transition #11. Is it enabled?
2026-07-11T11:08:29,456 [zio-default-async-5] DEBUG a.f.a.t.b.SeqModelChecker - Step 4: Transition #11 is enabled
2026-07-11T11:08:29,457 [zio-default-async-5] INFO  a.f.a.t.b.SeqModelChecker - State 4: Checking 1 state invariants
2026-07-11T11:08:29,457 [zio-default-async-5] DEBUG a.f.a.t.b.SeqModelChecker - State 4: Checking state invariant 0
2026-07-11T11:08:29,505 [zio-default-async-5] INFO  a.f.a.t.b.SeqModelChecker - State 4: state invariant 0 holds.
2026-07-11T11:08:29,508 [zio-default-async-5] DEBUG a.f.a.t.b.t.TransitionExecutorImpl - Step #4, transition #12
2026-07-11T11:08:29,508 [zio-default-async-5] DEBUG a.f.a.t.b.t.TransitionExecutorImpl - Translating to SMT
2026-07-11T11:08:29,526 [zio-default-async-5] DEBUG a.f.a.t.b.SeqModelChecker - Step 4: Transition #12. Is it enabled?
2026-07-11T11:08:29,613 [zio-default-async-5] DEBUG a.f.a.t.b.SeqModelChecker - Step 4: Transition #12 is enabled
2026-07-11T11:08:29,613 [zio-default-async-5] INFO  a.f.a.t.b.SeqModelChecker - State 4: Checking 1 state invariants
2026-07-11T11:08:29,613 [zio-default-async-5] DEBUG a.f.a.t.b.SeqModelChecker - State 4: Checking state invariant 0
2026-07-11T11:08:29,706 [zio-default-async-5] INFO  a.f.a.t.b.SeqModelChecker - State 4: state invariant 0 holds.
2026-07-11T11:08:29,708 [zio-default-async-5] DEBUG a.f.a.t.b.t.TransitionExecutorImpl - Step #4, transition #13
2026-07-11T11:08:29,708 [zio-default-async-5] DEBUG a.f.a.t.b.t.TransitionExecutorImpl - Translating to SMT
2026-07-11T11:08:29,725 [zio-default-async-5] DEBUG a.f.a.t.b.SeqModelChecker - Step 4: Transition #13. Is it enabled?
2026-07-11T11:08:29,841 [zio-default-async-5] DEBUG a.f.a.t.b.SeqModelChecker - Step 4: Transition #13 is enabled
2026-07-11T11:08:29,841 [zio-default-async-5] INFO  a.f.a.t.b.SeqModelChecker - State 4: Checking 1 state invariants
2026-07-11T11:08:29,841 [zio-default-async-5] DEBUG a.f.a.t.b.SeqModelChecker - State 4: Checking state invariant 0
2026-07-11T11:08:29,951 [zio-default-async-5] INFO  a.f.a.t.b.SeqModelChecker - State 4: state invariant 0 holds.
2026-07-11T11:08:29,953 [zio-default-async-5] DEBUG a.f.a.t.b.t.TransitionExecutorImpl - Step #4, transition #14
2026-07-11T11:08:29,953 [zio-default-async-5] DEBUG a.f.a.t.b.t.TransitionExecutorImpl - Translating to SMT
2026-07-11T11:08:29,962 [zio-default-async-5] DEBUG a.f.a.t.b.SeqModelChecker - Step 4: Transition #14. Is it enabled?
2026-07-11T11:08:29,982 [zio-default-async-5] DEBUG a.f.a.t.b.SeqModelChecker - Step 4: Transition #14 is enabled
2026-07-11T11:08:29,983 [zio-default-async-5] INFO  a.f.a.t.b.SeqModelChecker - State 4: Checking 1 state invariants
2026-07-11T11:08:29,983 [zio-default-async-5] DEBUG a.f.a.t.b.SeqModelChecker - State 4: Checking state invariant 0
2026-07-11T11:08:30,037 [zio-default-async-5] INFO  a.f.a.t.b.SeqModelChecker - State 4: state invariant 0 holds.
2026-07-11T11:08:30,038 [zio-default-async-5] DEBUG a.f.a.t.b.t.TransitionExecutorImpl - Step #4, transition #15
2026-07-11T11:08:30,039 [zio-default-async-5] DEBUG a.f.a.t.b.t.TransitionExecutorImpl - Translating to SMT
2026-07-11T11:08:30,045 [zio-default-async-5] DEBUG a.f.a.t.b.SeqModelChecker - Step 4: Transition #15. Is it enabled?
2026-07-11T11:08:30,105 [zio-default-async-5] DEBUG a.f.a.t.b.SeqModelChecker - Step 4: Transition #15 is enabled
2026-07-11T11:08:30,106 [zio-default-async-5] INFO  a.f.a.t.b.SeqModelChecker - State 4: Checking 1 state invariants
2026-07-11T11:08:30,106 [zio-default-async-5] DEBUG a.f.a.t.b.SeqModelChecker - State 4: Checking state invariant 0
2026-07-11T11:08:30,110 [zio-default-async-5] INFO  a.f.a.t.b.SeqModelChecker - State 4: state invariant 0 holds.
2026-07-11T11:08:30,111 [zio-default-async-5] DEBUG a.f.a.t.b.t.TransitionExecutorImpl - Step #4, transition #16
2026-07-11T11:08:30,111 [zio-default-async-5] DEBUG a.f.a.t.b.t.TransitionExecutorImpl - Translating to SMT
2026-07-11T11:08:30,118 [zio-default-async-5] DEBUG a.f.a.t.b.SeqModelChecker - Step 4: Transition #16. Is it enabled?
2026-07-11T11:08:30,167 [zio-default-async-5] DEBUG a.f.a.t.b.SeqModelChecker - Step 4: Transition #16 is enabled
2026-07-11T11:08:30,167 [zio-default-async-5] INFO  a.f.a.t.b.SeqModelChecker - State 4: Checking 1 state invariants
2026-07-11T11:08:30,167 [zio-default-async-5] DEBUG a.f.a.t.b.SeqModelChecker - State 4: Checking state invariant 0
2026-07-11T11:08:30,310 [zio-default-async-5] INFO  a.f.a.t.b.SeqModelChecker - State 4: state invariant 0 holds.
2026-07-11T11:08:30,312 [zio-default-async-5] DEBUG a.f.a.t.b.t.TransitionExecutorImpl - Step #4, transition #17
2026-07-11T11:08:30,312 [zio-default-async-5] DEBUG a.f.a.t.b.t.TransitionExecutorImpl - Translating to SMT
2026-07-11T11:08:30,319 [zio-default-async-5] DEBUG a.f.a.t.b.SeqModelChecker - Step 4: Transition #17. Is it enabled?
2026-07-11T11:08:30,357 [zio-default-async-5] DEBUG a.f.a.t.b.SeqModelChecker - Step 4: Transition #17 is enabled
2026-07-11T11:08:30,357 [zio-default-async-5] INFO  a.f.a.t.b.SeqModelChecker - State 4: Checking 1 state invariants
2026-07-11T11:08:30,357 [zio-default-async-5] DEBUG a.f.a.t.b.SeqModelChecker - State 4: Checking state invariant 0
2026-07-11T11:08:30,456 [zio-default-async-5] INFO  a.f.a.t.b.SeqModelChecker - State 4: state invariant 0 holds.
2026-07-11T11:08:30,459 [zio-default-async-5] DEBUG a.f.a.t.b.t.TransitionExecutorImpl - Step #4, transition #18
2026-07-11T11:08:30,459 [zio-default-async-5] DEBUG a.f.a.t.b.t.TransitionExecutorImpl - Translating to SMT
2026-07-11T11:08:30,468 [zio-default-async-5] DEBUG a.f.a.t.b.SeqModelChecker - Step 4: Transition #18. Is it enabled?
2026-07-11T11:08:30,531 [zio-default-async-5] DEBUG a.f.a.t.b.SeqModelChecker - Step 4: Transition #18 is enabled
2026-07-11T11:08:30,531 [zio-default-async-5] INFO  a.f.a.t.b.SeqModelChecker - State 4: Checking 1 state invariants
2026-07-11T11:08:30,531 [zio-default-async-5] DEBUG a.f.a.t.b.SeqModelChecker - State 4: Checking state invariant 0
2026-07-11T11:08:30,590 [zio-default-async-5] INFO  a.f.a.t.b.SeqModelChecker - State 4: state invariant 0 holds.
2026-07-11T11:08:30,592 [zio-default-async-5] DEBUG a.f.a.t.b.t.TransitionExecutorImpl - Step #4, transition #19
2026-07-11T11:08:30,592 [zio-default-async-5] DEBUG a.f.a.t.b.t.TransitionExecutorImpl - Translating to SMT
2026-07-11T11:08:30,600 [zio-default-async-5] DEBUG a.f.a.t.b.SeqModelChecker - Step 4: Transition #19. Is it enabled?
2026-07-11T11:08:30,665 [zio-default-async-5] DEBUG a.f.a.t.b.SeqModelChecker - Step 4: Transition #19 is enabled
2026-07-11T11:08:30,665 [zio-default-async-5] INFO  a.f.a.t.b.SeqModelChecker - State 4: Checking 1 state invariants
2026-07-11T11:08:30,665 [zio-default-async-5] DEBUG a.f.a.t.b.SeqModelChecker - State 4: Checking state invariant 0
2026-07-11T11:08:30,674 [zio-default-async-5] INFO  a.f.a.t.b.SeqModelChecker - State 4: state invariant 0 holds.
2026-07-11T11:08:30,676 [zio-default-async-5] DEBUG a.f.a.t.b.t.TransitionExecutorImpl - Step #4, transition #20
2026-07-11T11:08:30,676 [zio-default-async-5] DEBUG a.f.a.t.b.t.TransitionExecutorImpl - Translating to SMT
2026-07-11T11:08:30,683 [zio-default-async-5] DEBUG a.f.a.t.b.SeqModelChecker - Step 4: Transition #20. Is it enabled?
2026-07-11T11:08:30,704 [zio-default-async-5] DEBUG a.f.a.t.b.SeqModelChecker - Step 4: Transition #20 is enabled
2026-07-11T11:08:30,704 [zio-default-async-5] INFO  a.f.a.t.b.SeqModelChecker - State 4: Checking 1 state invariants
2026-07-11T11:08:30,704 [zio-default-async-5] DEBUG a.f.a.t.b.SeqModelChecker - State 4: Checking state invariant 0
2026-07-11T11:08:30,825 [zio-default-async-5] INFO  a.f.a.t.b.SeqModelChecker - State 4: state invariant 0 holds.
2026-07-11T11:08:30,827 [zio-default-async-5] DEBUG a.f.a.t.b.t.TransitionExecutorImpl - Step #4, transition #21
2026-07-11T11:08:30,827 [zio-default-async-5] DEBUG a.f.a.t.b.t.TransitionExecutorImpl - Translating to SMT
2026-07-11T11:08:30,833 [zio-default-async-5] DEBUG a.f.a.t.b.SeqModelChecker - Step 4: Transition #21. Is it enabled?
2026-07-11T11:08:30,856 [zio-default-async-5] DEBUG a.f.a.t.b.SeqModelChecker - Step 4: Transition #21 is enabled
2026-07-11T11:08:30,856 [zio-default-async-5] INFO  a.f.a.t.b.SeqModelChecker - State 4: Checking 1 state invariants
2026-07-11T11:08:30,856 [zio-default-async-5] DEBUG a.f.a.t.b.SeqModelChecker - State 4: Checking state invariant 0
2026-07-11T11:08:30,952 [zio-default-async-5] INFO  a.f.a.t.b.SeqModelChecker - State 4: state invariant 0 holds.
2026-07-11T11:08:30,953 [zio-default-async-5] INFO  a.f.a.t.b.t.TransitionExecutorImpl - Step 4: picking a transition out of 22 transition(s)
2026-07-11T11:08:31,039 [zio-default-async-5] DEBUG a.f.a.t.b.t.TransitionExecutorImpl - Step #5, transition #0
2026-07-11T11:08:31,039 [zio-default-async-5] DEBUG a.f.a.t.b.t.TransitionExecutorImpl - Translating to SMT
2026-07-11T11:08:31,046 [zio-default-async-5] DEBUG a.f.a.t.b.SeqModelChecker - Step 5: Transition #0. Is it enabled?
2026-07-11T11:08:31,200 [zio-default-async-5] DEBUG a.f.a.t.b.SeqModelChecker - Step 5: Transition #0 is enabled
2026-07-11T11:08:31,200 [zio-default-async-5] INFO  a.f.a.t.b.SeqModelChecker - State 5: Checking 1 state invariants
2026-07-11T11:08:31,200 [zio-default-async-5] DEBUG a.f.a.t.b.SeqModelChecker - State 5: Checking state invariant 0
2026-07-11T11:08:31,268 [zio-default-async-5] INFO  a.f.a.t.b.SeqModelChecker - State 5: state invariant 0 holds.
2026-07-11T11:08:31,270 [zio-default-async-5] DEBUG a.f.a.t.b.t.TransitionExecutorImpl - Step #5, transition #1
2026-07-11T11:08:31,270 [zio-default-async-5] DEBUG a.f.a.t.b.t.TransitionExecutorImpl - Translating to SMT
2026-07-11T11:08:31,276 [zio-default-async-5] DEBUG a.f.a.t.b.SeqModelChecker - Step 5: Transition #1. Is it enabled?
2026-07-11T11:08:31,317 [zio-default-async-5] DEBUG a.f.a.t.b.SeqModelChecker - Step 5: Transition #1 is enabled
2026-07-11T11:08:31,317 [zio-default-async-5] INFO  a.f.a.t.b.SeqModelChecker - State 5: Checking 1 state invariants
2026-07-11T11:08:31,317 [zio-default-async-5] DEBUG a.f.a.t.b.SeqModelChecker - State 5: Checking state invariant 0
2026-07-11T11:08:31,322 [zio-default-async-5] INFO  a.f.a.t.b.SeqModelChecker - State 5: state invariant 0 holds.
2026-07-11T11:08:31,324 [zio-default-async-5] DEBUG a.f.a.t.b.t.TransitionExecutorImpl - Step #5, transition #2
2026-07-11T11:08:31,324 [zio-default-async-5] DEBUG a.f.a.t.b.t.TransitionExecutorImpl - Translating to SMT
2026-07-11T11:08:31,331 [zio-default-async-5] DEBUG a.f.a.t.b.SeqModelChecker - Step 5: Transition #2. Is it enabled?
2026-07-11T11:08:31,346 [zio-default-async-5] DEBUG a.f.a.t.b.SeqModelChecker - Step 5: Transition #2 is enabled
2026-07-11T11:08:31,346 [zio-default-async-5] INFO  a.f.a.t.b.SeqModelChecker - State 5: Checking 1 state invariants
2026-07-11T11:08:31,346 [zio-default-async-5] DEBUG a.f.a.t.b.SeqModelChecker - State 5: Checking state invariant 0
2026-07-11T11:08:31,414 [zio-default-async-5] INFO  a.f.a.t.b.SeqModelChecker - State 5: state invariant 0 holds.
2026-07-11T11:08:31,416 [zio-default-async-5] DEBUG a.f.a.t.b.t.TransitionExecutorImpl - Step #5, transition #3
2026-07-11T11:08:31,416 [zio-default-async-5] DEBUG a.f.a.t.b.t.TransitionExecutorImpl - Translating to SMT
2026-07-11T11:08:31,424 [zio-default-async-5] DEBUG a.f.a.t.b.SeqModelChecker - Step 5: Transition #3. Is it enabled?
2026-07-11T11:08:31,572 [zio-default-async-5] DEBUG a.f.a.t.b.SeqModelChecker - Step 5: Transition #3 is enabled
2026-07-11T11:08:31,572 [zio-default-async-5] INFO  a.f.a.t.b.SeqModelChecker - State 5: Checking 1 state invariants
2026-07-11T11:08:31,572 [zio-default-async-5] DEBUG a.f.a.t.b.SeqModelChecker - State 5: Checking state invariant 0
2026-07-11T11:08:31,578 [zio-default-async-5] INFO  a.f.a.t.b.SeqModelChecker - State 5: state invariant 0 holds.
2026-07-11T11:08:31,580 [zio-default-async-5] DEBUG a.f.a.t.b.t.TransitionExecutorImpl - Step #5, transition #4
2026-07-11T11:08:31,580 [zio-default-async-5] DEBUG a.f.a.t.b.t.TransitionExecutorImpl - Translating to SMT
2026-07-11T11:08:31,628 [zio-default-async-5] DEBUG a.f.a.t.b.SeqModelChecker - Step 5: Transition #4. Is it enabled?
2026-07-11T11:08:31,647 [zio-default-async-5] DEBUG a.f.a.t.b.SeqModelChecker - Step 5: Transition #4 is enabled
2026-07-11T11:08:31,647 [zio-default-async-5] INFO  a.f.a.t.b.SeqModelChecker - State 5: Checking 1 state invariants
2026-07-11T11:08:31,647 [zio-default-async-5] DEBUG a.f.a.t.b.SeqModelChecker - State 5: Checking state invariant 0
2026-07-11T11:08:31,723 [zio-default-async-5] INFO  a.f.a.t.b.SeqModelChecker - State 5: state invariant 0 holds.
2026-07-11T11:08:31,725 [zio-default-async-5] DEBUG a.f.a.t.b.t.TransitionExecutorImpl - Step #5, transition #5
2026-07-11T11:08:31,725 [zio-default-async-5] DEBUG a.f.a.t.b.t.TransitionExecutorImpl - Translating to SMT
2026-07-11T11:08:31,754 [zio-default-async-5] DEBUG a.f.a.t.b.SeqModelChecker - Step 5: Transition #5. Is it enabled?
2026-07-11T11:08:31,972 [zio-default-async-5] DEBUG a.f.a.t.b.SeqModelChecker - Step 5: Transition #5 is enabled
2026-07-11T11:08:31,972 [zio-default-async-5] INFO  a.f.a.t.b.SeqModelChecker - State 5: Checking 1 state invariants
2026-07-11T11:08:31,972 [zio-default-async-5] DEBUG a.f.a.t.b.SeqModelChecker - State 5: Checking state invariant 0
2026-07-11T11:08:31,994 [zio-default-async-5] INFO  a.f.a.t.b.SeqModelChecker - State 5: state invariant 0 holds.
2026-07-11T11:08:31,996 [zio-default-async-5] DEBUG a.f.a.t.b.t.TransitionExecutorImpl - Step #5, transition #6
2026-07-11T11:08:31,996 [zio-default-async-5] DEBUG a.f.a.t.b.t.TransitionExecutorImpl - Translating to SMT
2026-07-11T11:08:32,019 [zio-default-async-5] DEBUG a.f.a.t.b.SeqModelChecker - Step 5: Transition #6. Is it enabled?
2026-07-11T11:08:32,326 [zio-default-async-5] DEBUG a.f.a.t.b.SeqModelChecker - Step 5: Transition #6 is enabled
2026-07-11T11:08:32,327 [zio-default-async-5] INFO  a.f.a.t.b.SeqModelChecker - State 5: Checking 1 state invariants
2026-07-11T11:08:32,327 [zio-default-async-5] DEBUG a.f.a.t.b.SeqModelChecker - State 5: Checking state invariant 0
2026-07-11T11:08:32,602 [zio-default-async-5] INFO  a.f.a.t.b.SeqModelChecker - State 5: state invariant 0 holds.
2026-07-11T11:08:32,604 [zio-default-async-5] DEBUG a.f.a.t.b.t.TransitionExecutorImpl - Step #5, transition #7
2026-07-11T11:08:32,605 [zio-default-async-5] DEBUG a.f.a.t.b.t.TransitionExecutorImpl - Translating to SMT
2026-07-11T11:08:32,631 [zio-default-async-5] DEBUG a.f.a.t.b.SeqModelChecker - Step 5: Transition #7. Is it enabled?
2026-07-11T11:08:32,801 [zio-default-async-5] DEBUG a.f.a.t.b.SeqModelChecker - Step 5: Transition #7 is enabled
2026-07-11T11:08:32,801 [zio-default-async-5] INFO  a.f.a.t.b.SeqModelChecker - State 5: Checking 1 state invariants
2026-07-11T11:08:32,801 [zio-default-async-5] DEBUG a.f.a.t.b.SeqModelChecker - State 5: Checking state invariant 0
2026-07-11T11:08:32,936 [zio-default-async-5] INFO  a.f.a.t.b.SeqModelChecker - State 5: state invariant 0 holds.
2026-07-11T11:08:32,939 [zio-default-async-5] DEBUG a.f.a.t.b.t.TransitionExecutorImpl - Step #5, transition #8
2026-07-11T11:08:32,939 [zio-default-async-5] DEBUG a.f.a.t.b.t.TransitionExecutorImpl - Translating to SMT
2026-07-11T11:08:32,968 [zio-default-async-5] DEBUG a.f.a.t.b.SeqModelChecker - Step 5: Transition #8. Is it enabled?
2026-07-11T11:08:33,248 [zio-default-async-5] DEBUG a.f.a.t.b.SeqModelChecker - Step 5: Transition #8 is enabled
2026-07-11T11:08:33,248 [zio-default-async-5] INFO  a.f.a.t.b.SeqModelChecker - State 5: Checking 1 state invariants
2026-07-11T11:08:33,248 [zio-default-async-5] DEBUG a.f.a.t.b.SeqModelChecker - State 5: Checking state invariant 0
2026-07-11T11:08:33,852 [zio-default-async-5] INFO  a.f.a.t.b.SeqModelChecker - State 5: state invariant 0 holds.
2026-07-11T11:08:33,855 [zio-default-async-5] DEBUG a.f.a.t.b.t.TransitionExecutorImpl - Step #5, transition #9
2026-07-11T11:08:33,855 [zio-default-async-5] DEBUG a.f.a.t.b.t.TransitionExecutorImpl - Translating to SMT
2026-07-11T11:08:33,875 [zio-default-async-5] DEBUG a.f.a.t.b.SeqModelChecker - Step 5: Transition #9. Is it enabled?
2026-07-11T11:08:33,997 [zio-default-async-5] DEBUG a.f.a.t.b.SeqModelChecker - Step 5: Transition #9 is enabled
2026-07-11T11:08:33,997 [zio-default-async-5] INFO  a.f.a.t.b.SeqModelChecker - State 5: Checking 1 state invariants
2026-07-11T11:08:33,997 [zio-default-async-5] DEBUG a.f.a.t.b.SeqModelChecker - State 5: Checking state invariant 0
2026-07-11T11:08:34,190 [zio-default-async-5] INFO  a.f.a.t.b.SeqModelChecker - State 5: state invariant 0 holds.
2026-07-11T11:08:34,193 [zio-default-async-5] DEBUG a.f.a.t.b.t.TransitionExecutorImpl - Step #5, transition #10
2026-07-11T11:08:34,193 [zio-default-async-5] DEBUG a.f.a.t.b.t.TransitionExecutorImpl - Translating to SMT
2026-07-11T11:08:34,206 [zio-default-async-5] DEBUG a.f.a.t.b.SeqModelChecker - Step 5: Transition #10. Is it enabled?
2026-07-11T11:08:34,279 [zio-default-async-5] DEBUG a.f.a.t.b.SeqModelChecker - Step 5: Transition #10 is enabled
2026-07-11T11:08:34,279 [zio-default-async-5] INFO  a.f.a.t.b.SeqModelChecker - State 5: Checking 1 state invariants
2026-07-11T11:08:34,280 [zio-default-async-5] DEBUG a.f.a.t.b.SeqModelChecker - State 5: Checking state invariant 0
2026-07-11T11:08:34,814 [zio-default-async-5] INFO  a.f.a.t.b.SeqModelChecker - State 5: state invariant 0 holds.
2026-07-11T11:08:34,817 [zio-default-async-5] DEBUG a.f.a.t.b.t.TransitionExecutorImpl - Step #5, transition #11
2026-07-11T11:08:34,818 [zio-default-async-5] DEBUG a.f.a.t.b.t.TransitionExecutorImpl - Translating to SMT
2026-07-11T11:08:34,830 [zio-default-async-5] DEBUG a.f.a.t.b.SeqModelChecker - Step 5: Transition #11. Is it enabled?
2026-07-11T11:08:34,958 [zio-default-async-5] DEBUG a.f.a.t.b.SeqModelChecker - Step 5: Transition #11 is enabled
2026-07-11T11:08:34,959 [zio-default-async-5] INFO  a.f.a.t.b.SeqModelChecker - State 5: Checking 1 state invariants
2026-07-11T11:08:34,959 [zio-default-async-5] DEBUG a.f.a.t.b.SeqModelChecker - State 5: Checking state invariant 0
2026-07-11T11:08:35,241 [zio-default-async-5] INFO  a.f.a.t.b.SeqModelChecker - State 5: state invariant 0 holds.
2026-07-11T11:08:35,245 [zio-default-async-5] DEBUG a.f.a.t.b.t.TransitionExecutorImpl - Step #5, transition #12
2026-07-11T11:08:35,245 [zio-default-async-5] DEBUG a.f.a.t.b.t.TransitionExecutorImpl - Translating to SMT
2026-07-11T11:08:35,286 [zio-default-async-5] DEBUG a.f.a.t.b.SeqModelChecker - Step 5: Transition #12. Is it enabled?
2026-07-11T11:08:35,434 [zio-default-async-5] DEBUG a.f.a.t.b.SeqModelChecker - Step 5: Transition #12 is enabled
2026-07-11T11:08:35,434 [zio-default-async-5] INFO  a.f.a.t.b.SeqModelChecker - State 5: Checking 1 state invariants
2026-07-11T11:08:35,434 [zio-default-async-5] DEBUG a.f.a.t.b.SeqModelChecker - State 5: Checking state invariant 0
2026-07-11T11:08:35,846 [zio-default-async-5] INFO  a.f.a.t.b.SeqModelChecker - State 5: state invariant 0 holds.
2026-07-11T11:08:35,848 [zio-default-async-5] DEBUG a.f.a.t.b.t.TransitionExecutorImpl - Step #5, transition #13
2026-07-11T11:08:35,848 [zio-default-async-5] DEBUG a.f.a.t.b.t.TransitionExecutorImpl - Translating to SMT
2026-07-11T11:08:35,865 [zio-default-async-5] DEBUG a.f.a.t.b.SeqModelChecker - Step 5: Transition #13. Is it enabled?
2026-07-11T11:08:36,063 [zio-default-async-5] DEBUG a.f.a.t.b.SeqModelChecker - Step 5: Transition #13 is enabled
2026-07-11T11:08:36,064 [zio-default-async-5] INFO  a.f.a.t.b.SeqModelChecker - State 5: Checking 1 state invariants
2026-07-11T11:08:36,064 [zio-default-async-5] DEBUG a.f.a.t.b.SeqModelChecker - State 5: Checking state invariant 0
2026-07-11T11:08:36,134 [zio-default-async-5] INFO  a.f.a.t.b.SeqModelChecker - State 5: state invariant 0 holds.
2026-07-11T11:08:36,136 [zio-default-async-5] DEBUG a.f.a.t.b.t.TransitionExecutorImpl - Step #5, transition #14
2026-07-11T11:08:36,137 [zio-default-async-5] DEBUG a.f.a.t.b.t.TransitionExecutorImpl - Translating to SMT
2026-07-11T11:08:36,144 [zio-default-async-5] DEBUG a.f.a.t.b.SeqModelChecker - Step 5: Transition #14. Is it enabled?
2026-07-11T11:08:36,347 [zio-default-async-5] DEBUG a.f.a.t.b.SeqModelChecker - Step 5: Transition #14 is enabled
2026-07-11T11:08:36,347 [zio-default-async-5] INFO  a.f.a.t.b.SeqModelChecker - State 5: Checking 1 state invariants
2026-07-11T11:08:36,347 [zio-default-async-5] DEBUG a.f.a.t.b.SeqModelChecker - State 5: Checking state invariant 0
2026-07-11T11:08:36,492 [zio-default-async-5] INFO  a.f.a.t.b.SeqModelChecker - State 5: state invariant 0 holds.
2026-07-11T11:08:36,495 [zio-default-async-5] DEBUG a.f.a.t.b.t.TransitionExecutorImpl - Step #5, transition #15
2026-07-11T11:08:36,495 [zio-default-async-5] DEBUG a.f.a.t.b.t.TransitionExecutorImpl - Translating to SMT
2026-07-11T11:08:36,502 [zio-default-async-5] DEBUG a.f.a.t.b.SeqModelChecker - Step 5: Transition #15. Is it enabled?
2026-07-11T11:08:36,563 [zio-default-async-5] DEBUG a.f.a.t.b.SeqModelChecker - Step 5: Transition #15 is enabled
2026-07-11T11:08:36,564 [zio-default-async-5] INFO  a.f.a.t.b.SeqModelChecker - State 5: Checking 1 state invariants
2026-07-11T11:08:36,564 [zio-default-async-5] DEBUG a.f.a.t.b.SeqModelChecker - State 5: Checking state invariant 0
2026-07-11T11:08:36,569 [zio-default-async-5] INFO  a.f.a.t.b.SeqModelChecker - State 5: state invariant 0 holds.
2026-07-11T11:08:36,571 [zio-default-async-5] DEBUG a.f.a.t.b.t.TransitionExecutorImpl - Step #5, transition #16
2026-07-11T11:08:36,571 [zio-default-async-5] DEBUG a.f.a.t.b.t.TransitionExecutorImpl - Translating to SMT
2026-07-11T11:08:36,578 [zio-default-async-5] DEBUG a.f.a.t.b.SeqModelChecker - Step 5: Transition #16. Is it enabled?
2026-07-11T11:08:36,638 [zio-default-async-5] DEBUG a.f.a.t.b.SeqModelChecker - Step 5: Transition #16 is enabled
2026-07-11T11:08:36,638 [zio-default-async-5] INFO  a.f.a.t.b.SeqModelChecker - State 5: Checking 1 state invariants
2026-07-11T11:08:36,638 [zio-default-async-5] DEBUG a.f.a.t.b.SeqModelChecker - State 5: Checking state invariant 0
2026-07-11T11:08:37,225 [zio-default-async-5] INFO  a.f.a.t.b.SeqModelChecker - State 5: state invariant 0 holds.
2026-07-11T11:08:37,227 [zio-default-async-5] DEBUG a.f.a.t.b.t.TransitionExecutorImpl - Step #5, transition #17
2026-07-11T11:08:37,227 [zio-default-async-5] DEBUG a.f.a.t.b.t.TransitionExecutorImpl - Translating to SMT
2026-07-11T11:08:37,234 [zio-default-async-5] DEBUG a.f.a.t.b.SeqModelChecker - Step 5: Transition #17. Is it enabled?
2026-07-11T11:08:37,387 [zio-default-async-5] DEBUG a.f.a.t.b.SeqModelChecker - Step 5: Transition #17 is enabled
2026-07-11T11:08:37,388 [zio-default-async-5] INFO  a.f.a.t.b.SeqModelChecker - State 5: Checking 1 state invariants
2026-07-11T11:08:37,388 [zio-default-async-5] DEBUG a.f.a.t.b.SeqModelChecker - State 5: Checking state invariant 0
2026-07-11T11:08:37,666 [zio-default-async-5] INFO  a.f.a.t.b.SeqModelChecker - State 5: state invariant 0 holds.
2026-07-11T11:08:37,668 [zio-default-async-5] DEBUG a.f.a.t.b.t.TransitionExecutorImpl - Step #5, transition #18
2026-07-11T11:08:37,668 [zio-default-async-5] DEBUG a.f.a.t.b.t.TransitionExecutorImpl - Translating to SMT
2026-07-11T11:08:37,676 [zio-default-async-5] DEBUG a.f.a.t.b.SeqModelChecker - Step 5: Transition #18. Is it enabled?
2026-07-11T11:08:37,831 [zio-default-async-5] DEBUG a.f.a.t.b.SeqModelChecker - Step 5: Transition #18 is enabled
2026-07-11T11:08:37,831 [zio-default-async-5] INFO  a.f.a.t.b.SeqModelChecker - State 5: Checking 1 state invariants
2026-07-11T11:08:37,831 [zio-default-async-5] DEBUG a.f.a.t.b.SeqModelChecker - State 5: Checking state invariant 0
2026-07-11T11:08:37,934 [zio-default-async-5] INFO  a.f.a.t.b.SeqModelChecker - State 5: state invariant 0 holds.
2026-07-11T11:08:37,937 [zio-default-async-5] DEBUG a.f.a.t.b.t.TransitionExecutorImpl - Step #5, transition #19
2026-07-11T11:08:37,937 [zio-default-async-5] DEBUG a.f.a.t.b.t.TransitionExecutorImpl - Translating to SMT
2026-07-11T11:08:37,945 [zio-default-async-5] DEBUG a.f.a.t.b.SeqModelChecker - Step 5: Transition #19. Is it enabled?
2026-07-11T11:08:38,041 [zio-default-async-5] DEBUG a.f.a.t.b.SeqModelChecker - Step 5: Transition #19 is enabled
2026-07-11T11:08:38,042 [zio-default-async-5] INFO  a.f.a.t.b.SeqModelChecker - State 5: Checking 1 state invariants
2026-07-11T11:08:38,042 [zio-default-async-5] DEBUG a.f.a.t.b.SeqModelChecker - State 5: Checking state invariant 0
2026-07-11T11:08:38,051 [zio-default-async-5] INFO  a.f.a.t.b.SeqModelChecker - State 5: state invariant 0 holds.
2026-07-11T11:08:38,054 [zio-default-async-5] DEBUG a.f.a.t.b.t.TransitionExecutorImpl - Step #5, transition #20
2026-07-11T11:08:38,054 [zio-default-async-5] DEBUG a.f.a.t.b.t.TransitionExecutorImpl - Translating to SMT
2026-07-11T11:08:38,061 [zio-default-async-5] DEBUG a.f.a.t.b.SeqModelChecker - Step 5: Transition #20. Is it enabled?
2026-07-11T11:08:38,135 [zio-default-async-5] DEBUG a.f.a.t.b.SeqModelChecker - Step 5: Transition #20 is enabled
2026-07-11T11:08:38,135 [zio-default-async-5] INFO  a.f.a.t.b.SeqModelChecker - State 5: Checking 1 state invariants
2026-07-11T11:08:38,136 [zio-default-async-5] DEBUG a.f.a.t.b.SeqModelChecker - State 5: Checking state invariant 0
2026-07-11T11:08:38,668 [zio-default-async-5] INFO  a.f.a.t.b.SeqModelChecker - State 5: state invariant 0 holds.
2026-07-11T11:08:38,671 [zio-default-async-5] DEBUG a.f.a.t.b.t.TransitionExecutorImpl - Step #5, transition #21
2026-07-11T11:08:38,671 [zio-default-async-5] DEBUG a.f.a.t.b.t.TransitionExecutorImpl - Translating to SMT
2026-07-11T11:08:38,676 [zio-default-async-5] DEBUG a.f.a.t.b.SeqModelChecker - Step 5: Transition #21. Is it enabled?
2026-07-11T11:08:38,841 [zio-default-async-5] DEBUG a.f.a.t.b.SeqModelChecker - Step 5: Transition #21 is enabled
2026-07-11T11:08:38,841 [zio-default-async-5] INFO  a.f.a.t.b.SeqModelChecker - State 5: Checking 1 state invariants
2026-07-11T11:08:38,841 [zio-default-async-5] DEBUG a.f.a.t.b.SeqModelChecker - State 5: Checking state invariant 0
2026-07-11T11:08:39,085 [zio-default-async-5] INFO  a.f.a.t.b.SeqModelChecker - State 5: state invariant 0 holds.
2026-07-11T11:08:39,087 [zio-default-async-5] INFO  a.f.a.t.b.t.TransitionExecutorImpl - Step 5: picking a transition out of 22 transition(s)
2026-07-11T11:08:39,194 [zio-default-async-5] DEBUG a.f.a.t.b.t.TransitionExecutorImpl - Step #6, transition #0
2026-07-11T11:08:39,194 [zio-default-async-5] DEBUG a.f.a.t.b.t.TransitionExecutorImpl - Translating to SMT
2026-07-11T11:08:39,200 [zio-default-async-5] DEBUG a.f.a.t.b.SeqModelChecker - Step 6: Transition #0. Is it enabled?
2026-07-11T11:08:39,545 [zio-default-async-5] DEBUG a.f.a.t.b.SeqModelChecker - Step 6: Transition #0 is enabled
2026-07-11T11:08:39,545 [zio-default-async-5] INFO  a.f.a.t.b.SeqModelChecker - State 6: Checking 1 state invariants
2026-07-11T11:08:39,545 [zio-default-async-5] DEBUG a.f.a.t.b.SeqModelChecker - State 6: Checking state invariant 0
2026-07-11T11:08:39,623 [zio-default-async-5] INFO  a.f.a.t.b.SeqModelChecker - State 6: state invariant 0 holds.
2026-07-11T11:08:39,626 [zio-default-async-5] DEBUG a.f.a.t.b.t.TransitionExecutorImpl - Step #6, transition #1
2026-07-11T11:08:39,626 [zio-default-async-5] DEBUG a.f.a.t.b.t.TransitionExecutorImpl - Translating to SMT
2026-07-11T11:08:39,633 [zio-default-async-5] DEBUG a.f.a.t.b.SeqModelChecker - Step 6: Transition #1. Is it enabled?
2026-07-11T11:08:39,825 [zio-default-async-5] DEBUG a.f.a.t.b.SeqModelChecker - Step 6: Transition #1 is enabled
2026-07-11T11:08:39,825 [zio-default-async-5] INFO  a.f.a.t.b.SeqModelChecker - State 6: Checking 1 state invariants
2026-07-11T11:08:39,825 [zio-default-async-5] DEBUG a.f.a.t.b.SeqModelChecker - State 6: Checking state invariant 0
2026-07-11T11:08:39,832 [zio-default-async-5] INFO  a.f.a.t.b.SeqModelChecker - State 6: state invariant 0 holds.
2026-07-11T11:08:39,835 [zio-default-async-5] DEBUG a.f.a.t.b.t.TransitionExecutorImpl - Step #6, transition #2
2026-07-11T11:08:39,835 [zio-default-async-5] DEBUG a.f.a.t.b.t.TransitionExecutorImpl - Translating to SMT
2026-07-11T11:08:39,843 [zio-default-async-5] DEBUG a.f.a.t.b.SeqModelChecker - Step 6: Transition #2. Is it enabled?
2026-07-11T11:08:39,885 [zio-default-async-5] DEBUG a.f.a.t.b.SeqModelChecker - Step 6: Transition #2 is enabled
2026-07-11T11:08:39,886 [zio-default-async-5] INFO  a.f.a.t.b.SeqModelChecker - State 6: Checking 1 state invariants
2026-07-11T11:08:39,886 [zio-default-async-5] DEBUG a.f.a.t.b.SeqModelChecker - State 6: Checking state invariant 0
2026-07-11T11:08:40,097 [zio-default-async-5] INFO  a.f.a.t.b.SeqModelChecker - State 6: state invariant 0 holds.
2026-07-11T11:08:40,100 [zio-default-async-5] DEBUG a.f.a.t.b.t.TransitionExecutorImpl - Step #6, transition #3
2026-07-11T11:08:40,100 [zio-default-async-5] DEBUG a.f.a.t.b.t.TransitionExecutorImpl - Translating to SMT
2026-07-11T11:08:40,106 [zio-default-async-5] DEBUG a.f.a.t.b.SeqModelChecker - Step 6: Transition #3. Is it enabled?
2026-07-11T11:08:40,339 [zio-default-async-5] DEBUG a.f.a.t.b.SeqModelChecker - Step 6: Transition #3 is enabled
2026-07-11T11:08:40,339 [zio-default-async-5] INFO  a.f.a.t.b.SeqModelChecker - State 6: Checking 1 state invariants
2026-07-11T11:08:40,339 [zio-default-async-5] DEBUG a.f.a.t.b.SeqModelChecker - State 6: Checking state invariant 0
2026-07-11T11:08:40,345 [zio-default-async-5] INFO  a.f.a.t.b.SeqModelChecker - State 6: state invariant 0 holds.
2026-07-11T11:08:40,348 [zio-default-async-5] DEBUG a.f.a.t.b.t.TransitionExecutorImpl - Step #6, transition #4
2026-07-11T11:08:40,348 [zio-default-async-5] DEBUG a.f.a.t.b.t.TransitionExecutorImpl - Translating to SMT
2026-07-11T11:08:40,370 [zio-default-async-5] DEBUG a.f.a.t.b.SeqModelChecker - Step 6: Transition #4. Is it enabled?
2026-07-11T11:08:40,659 [zio-default-async-5] DEBUG a.f.a.t.b.SeqModelChecker - Step 6: Transition #4 is enabled
2026-07-11T11:08:40,659 [zio-default-async-5] INFO  a.f.a.t.b.SeqModelChecker - State 6: Checking 1 state invariants
2026-07-11T11:08:40,659 [zio-default-async-5] DEBUG a.f.a.t.b.SeqModelChecker - State 6: Checking state invariant 0
2026-07-11T11:08:40,812 [zio-default-async-5] INFO  a.f.a.t.b.SeqModelChecker - State 6: state invariant 0 holds.
2026-07-11T11:08:40,816 [zio-default-async-5] DEBUG a.f.a.t.b.t.TransitionExecutorImpl - Step #6, transition #5
2026-07-11T11:08:40,816 [zio-default-async-5] DEBUG a.f.a.t.b.t.TransitionExecutorImpl - Translating to SMT
2026-07-11T11:08:40,841 [zio-default-async-5] DEBUG a.f.a.t.b.SeqModelChecker - Step 6: Transition #5. Is it enabled?
2026-07-11T11:08:41,133 [zio-default-async-5] DEBUG a.f.a.t.b.SeqModelChecker - Step 6: Transition #5 is enabled
2026-07-11T11:08:41,133 [zio-default-async-5] INFO  a.f.a.t.b.SeqModelChecker - State 6: Checking 1 state invariants
2026-07-11T11:08:41,134 [zio-default-async-5] DEBUG a.f.a.t.b.SeqModelChecker - State 6: Checking state invariant 0
2026-07-11T11:08:41,161 [zio-default-async-5] INFO  a.f.a.t.b.SeqModelChecker - State 6: state invariant 0 holds.
2026-07-11T11:08:41,164 [zio-default-async-5] DEBUG a.f.a.t.b.t.TransitionExecutorImpl - Step #6, transition #6
2026-07-11T11:08:41,164 [zio-default-async-5] DEBUG a.f.a.t.b.t.TransitionExecutorImpl - Translating to SMT
2026-07-11T11:08:41,182 [zio-default-async-5] DEBUG a.f.a.t.b.SeqModelChecker - Step 6: Transition #6. Is it enabled?
2026-07-11T11:08:41,393 [zio-default-async-5] DEBUG a.f.a.t.b.SeqModelChecker - Step 6: Transition #6 is enabled
2026-07-11T11:08:41,393 [zio-default-async-5] INFO  a.f.a.t.b.SeqModelChecker - State 6: Checking 1 state invariants
2026-07-11T11:08:41,393 [zio-default-async-5] DEBUG a.f.a.t.b.SeqModelChecker - State 6: Checking state invariant 0
2026-07-11T11:08:42,206 [zio-default-async-5] INFO  a.f.a.t.b.SeqModelChecker - State 6: state invariant 0 holds.
2026-07-11T11:08:42,209 [zio-default-async-5] DEBUG a.f.a.t.b.t.TransitionExecutorImpl - Step #6, transition #7
2026-07-11T11:08:42,209 [zio-default-async-5] DEBUG a.f.a.t.b.t.TransitionExecutorImpl - Translating to SMT
2026-07-11T11:08:42,228 [zio-default-async-5] DEBUG a.f.a.t.b.SeqModelChecker - Step 6: Transition #7. Is it enabled?
2026-07-11T11:08:42,627 [zio-default-async-5] DEBUG a.f.a.t.b.SeqModelChecker - Step 6: Transition #7 is enabled
2026-07-11T11:08:42,627 [zio-default-async-5] INFO  a.f.a.t.b.SeqModelChecker - State 6: Checking 1 state invariants
2026-07-11T11:08:42,627 [zio-default-async-5] DEBUG a.f.a.t.b.SeqModelChecker - State 6: Checking state invariant 0
2026-07-11T11:08:43,044 [zio-default-async-5] INFO  a.f.a.t.b.SeqModelChecker - State 6: state invariant 0 holds.
2026-07-11T11:08:43,047 [zio-default-async-5] DEBUG a.f.a.t.b.t.TransitionExecutorImpl - Step #6, transition #8
2026-07-11T11:08:43,047 [zio-default-async-5] DEBUG a.f.a.t.b.t.TransitionExecutorImpl - Translating to SMT
2026-07-11T11:08:43,073 [zio-default-async-5] DEBUG a.f.a.t.b.SeqModelChecker - Step 6: Transition #8. Is it enabled?
2026-07-11T11:08:43,592 [zio-default-async-5] DEBUG a.f.a.t.b.SeqModelChecker - Step 6: Transition #8 is enabled
2026-07-11T11:08:43,592 [zio-default-async-5] INFO  a.f.a.t.b.SeqModelChecker - State 6: Checking 1 state invariants
2026-07-11T11:08:43,592 [zio-default-async-5] DEBUG a.f.a.t.b.SeqModelChecker - State 6: Checking state invariant 0
2026-07-11T11:08:44,002 [zio-default-async-5] INFO  a.f.a.t.b.SeqModelChecker - State 6: state invariant 0 holds.
2026-07-11T11:08:44,005 [zio-default-async-5] DEBUG a.f.a.t.b.t.TransitionExecutorImpl - Step #6, transition #9
2026-07-11T11:08:44,005 [zio-default-async-5] DEBUG a.f.a.t.b.t.TransitionExecutorImpl - Translating to SMT
2026-07-11T11:08:44,042 [zio-default-async-5] DEBUG a.f.a.t.b.SeqModelChecker - Step 6: Transition #9. Is it enabled?
2026-07-11T11:08:44,565 [zio-default-async-5] DEBUG a.f.a.t.b.SeqModelChecker - Step 6: Transition #9 is enabled
2026-07-11T11:08:44,565 [zio-default-async-5] INFO  a.f.a.t.b.SeqModelChecker - State 6: Checking 1 state invariants
2026-07-11T11:08:44,565 [zio-default-async-5] DEBUG a.f.a.t.b.SeqModelChecker - State 6: Checking state invariant 0
2026-07-11T11:08:45,019 [zio-default-async-5] INFO  a.f.a.t.b.SeqModelChecker - State 6: state invariant 0 holds.
2026-07-11T11:08:45,023 [zio-default-async-5] DEBUG a.f.a.t.b.t.TransitionExecutorImpl - Step #6, transition #10
2026-07-11T11:08:45,023 [zio-default-async-5] DEBUG a.f.a.t.b.t.TransitionExecutorImpl - Translating to SMT
2026-07-11T11:08:45,035 [zio-default-async-5] DEBUG a.f.a.t.b.SeqModelChecker - Step 6: Transition #10. Is it enabled?
2026-07-11T11:08:45,263 [zio-default-async-5] DEBUG a.f.a.t.b.SeqModelChecker - Step 6: Transition #10 is enabled
2026-07-11T11:08:45,263 [zio-default-async-5] INFO  a.f.a.t.b.SeqModelChecker - State 6: Checking 1 state invariants
2026-07-11T11:08:45,263 [zio-default-async-5] DEBUG a.f.a.t.b.SeqModelChecker - State 6: Checking state invariant 0
2026-07-11T11:08:46,958 [zio-default-async-5] INFO  a.f.a.t.b.SeqModelChecker - State 6: state invariant 0 holds.
2026-07-11T11:08:46,963 [zio-default-async-5] DEBUG a.f.a.t.b.t.TransitionExecutorImpl - Step #6, transition #11
2026-07-11T11:08:46,963 [zio-default-async-5] DEBUG a.f.a.t.b.t.TransitionExecutorImpl - Translating to SMT
2026-07-11T11:08:46,975 [zio-default-async-5] DEBUG a.f.a.t.b.SeqModelChecker - Step 6: Transition #11. Is it enabled?
2026-07-11T11:08:47,236 [zio-default-async-5] DEBUG a.f.a.t.b.SeqModelChecker - Step 6: Transition #11 is enabled
2026-07-11T11:08:47,236 [zio-default-async-5] INFO  a.f.a.t.b.SeqModelChecker - State 6: Checking 1 state invariants
2026-07-11T11:08:47,236 [zio-default-async-5] DEBUG a.f.a.t.b.SeqModelChecker - State 6: Checking state invariant 0
2026-07-11T11:08:47,585 [zio-default-async-5] INFO  a.f.a.t.b.SeqModelChecker - State 6: state invariant 0 holds.
2026-07-11T11:08:47,588 [zio-default-async-5] DEBUG a.f.a.t.b.t.TransitionExecutorImpl - Step #6, transition #12
2026-07-11T11:08:47,588 [zio-default-async-5] DEBUG a.f.a.t.b.t.TransitionExecutorImpl - Translating to SMT
2026-07-11T11:08:47,603 [zio-default-async-5] DEBUG a.f.a.t.b.SeqModelChecker - Step 6: Transition #12. Is it enabled?
2026-07-11T11:08:48,021 [zio-default-async-5] DEBUG a.f.a.t.b.SeqModelChecker - Step 6: Transition #12 is enabled
2026-07-11T11:08:48,021 [zio-default-async-5] INFO  a.f.a.t.b.SeqModelChecker - State 6: Checking 1 state invariants
2026-07-11T11:08:48,021 [zio-default-async-5] DEBUG a.f.a.t.b.SeqModelChecker - State 6: Checking state invariant 0
2026-07-11T11:08:49,350 [zio-default-async-5] INFO  a.f.a.t.b.SeqModelChecker - State 6: state invariant 0 holds.
2026-07-11T11:08:49,354 [zio-default-async-5] DEBUG a.f.a.t.b.t.TransitionExecutorImpl - Step #6, transition #13
2026-07-11T11:08:49,354 [zio-default-async-5] DEBUG a.f.a.t.b.t.TransitionExecutorImpl - Translating to SMT
2026-07-11T11:08:49,368 [zio-default-async-5] DEBUG a.f.a.t.b.SeqModelChecker - Step 6: Transition #13. Is it enabled?
2026-07-11T11:08:49,641 [zio-default-async-5] DEBUG a.f.a.t.b.SeqModelChecker - Step 6: Transition #13 is enabled
2026-07-11T11:08:49,641 [zio-default-async-5] INFO  a.f.a.t.b.SeqModelChecker - State 6: Checking 1 state invariants
2026-07-11T11:08:49,641 [zio-default-async-5] DEBUG a.f.a.t.b.SeqModelChecker - State 6: Checking state invariant 0
2026-07-11T11:08:49,734 [zio-default-async-5] INFO  a.f.a.t.b.SeqModelChecker - State 6: state invariant 0 holds.
2026-07-11T11:08:49,736 [zio-default-async-5] DEBUG a.f.a.t.b.t.TransitionExecutorImpl - Step #6, transition #14
2026-07-11T11:08:49,736 [zio-default-async-5] DEBUG a.f.a.t.b.t.TransitionExecutorImpl - Translating to SMT
2026-07-11T11:08:49,743 [zio-default-async-5] DEBUG a.f.a.t.b.SeqModelChecker - Step 6: Transition #14. Is it enabled?
2026-07-11T11:08:49,945 [zio-default-async-5] DEBUG a.f.a.t.b.SeqModelChecker - Step 6: Transition #14 is enabled
2026-07-11T11:08:49,945 [zio-default-async-5] INFO  a.f.a.t.b.SeqModelChecker - State 6: Checking 1 state invariants
2026-07-11T11:08:49,945 [zio-default-async-5] DEBUG a.f.a.t.b.SeqModelChecker - State 6: Checking state invariant 0
2026-07-11T11:08:50,133 [zio-default-async-5] INFO  a.f.a.t.b.SeqModelChecker - State 6: state invariant 0 holds.
2026-07-11T11:08:50,137 [zio-default-async-5] DEBUG a.f.a.t.b.t.TransitionExecutorImpl - Step #6, transition #15
2026-07-11T11:08:50,137 [zio-default-async-5] DEBUG a.f.a.t.b.t.TransitionExecutorImpl - Translating to SMT
2026-07-11T11:08:50,144 [zio-default-async-5] DEBUG a.f.a.t.b.SeqModelChecker - Step 6: Transition #15. Is it enabled?
2026-07-11T11:08:50,404 [zio-default-async-5] DEBUG a.f.a.t.b.SeqModelChecker - Step 6: Transition #15 is enabled
2026-07-11T11:08:50,405 [zio-default-async-5] INFO  a.f.a.t.b.SeqModelChecker - State 6: Checking 1 state invariants
2026-07-11T11:08:50,405 [zio-default-async-5] DEBUG a.f.a.t.b.SeqModelChecker - State 6: Checking state invariant 0
2026-07-11T11:08:50,411 [zio-default-async-5] INFO  a.f.a.t.b.SeqModelChecker - State 6: state invariant 0 holds.
2026-07-11T11:08:50,414 [zio-default-async-5] DEBUG a.f.a.t.b.t.TransitionExecutorImpl - Step #6, transition #16
2026-07-11T11:08:50,414 [zio-default-async-5] DEBUG a.f.a.t.b.t.TransitionExecutorImpl - Translating to SMT
2026-07-11T11:08:50,421 [zio-default-async-5] DEBUG a.f.a.t.b.SeqModelChecker - Step 6: Transition #16. Is it enabled?
2026-07-11T11:08:50,449 [zio-default-async-5] DEBUG a.f.a.t.b.SeqModelChecker - Step 6: Transition #16 is enabled
2026-07-11T11:08:50,449 [zio-default-async-5] INFO  a.f.a.t.b.SeqModelChecker - State 6: Checking 1 state invariants
2026-07-11T11:08:50,449 [zio-default-async-5] DEBUG a.f.a.t.b.SeqModelChecker - State 6: Checking state invariant 0
2026-07-11T11:08:52,355 [zio-default-async-5] INFO  a.f.a.t.b.SeqModelChecker - State 6: state invariant 0 holds.
2026-07-11T11:08:52,358 [zio-default-async-5] DEBUG a.f.a.t.b.t.TransitionExecutorImpl - Step #6, transition #17
2026-07-11T11:08:52,358 [zio-default-async-5] DEBUG a.f.a.t.b.t.TransitionExecutorImpl - Translating to SMT
2026-07-11T11:08:52,364 [zio-default-async-5] DEBUG a.f.a.t.b.SeqModelChecker - Step 6: Transition #17. Is it enabled?
2026-07-11T11:08:52,574 [zio-default-async-5] DEBUG a.f.a.t.b.SeqModelChecker - Step 6: Transition #17 is enabled
2026-07-11T11:08:52,574 [zio-default-async-5] INFO  a.f.a.t.b.SeqModelChecker - State 6: Checking 1 state invariants
2026-07-11T11:08:52,574 [zio-default-async-5] DEBUG a.f.a.t.b.SeqModelChecker - State 6: Checking state invariant 0
2026-07-11T11:08:53,182 [zio-default-async-5] INFO  a.f.a.t.b.SeqModelChecker - State 6: state invariant 0 holds.
2026-07-11T11:08:53,184 [zio-default-async-5] DEBUG a.f.a.t.b.t.TransitionExecutorImpl - Step #6, transition #18
2026-07-11T11:08:53,184 [zio-default-async-5] DEBUG a.f.a.t.b.t.TransitionExecutorImpl - Translating to SMT
2026-07-11T11:08:53,192 [zio-default-async-5] DEBUG a.f.a.t.b.SeqModelChecker - Step 6: Transition #18. Is it enabled?
2026-07-11T11:08:53,383 [zio-default-async-5] DEBUG a.f.a.t.b.SeqModelChecker - Step 6: Transition #18 is enabled
2026-07-11T11:08:53,383 [zio-default-async-5] INFO  a.f.a.t.b.SeqModelChecker - State 6: Checking 1 state invariants
2026-07-11T11:08:53,383 [zio-default-async-5] DEBUG a.f.a.t.b.SeqModelChecker - State 6: Checking state invariant 0
2026-07-11T11:08:53,491 [zio-default-async-5] INFO  a.f.a.t.b.SeqModelChecker - State 6: state invariant 0 holds.
2026-07-11T11:08:53,494 [zio-default-async-5] DEBUG a.f.a.t.b.t.TransitionExecutorImpl - Step #6, transition #19
2026-07-11T11:08:53,494 [zio-default-async-5] DEBUG a.f.a.t.b.t.TransitionExecutorImpl - Translating to SMT
2026-07-11T11:08:53,516 [zio-default-async-5] DEBUG a.f.a.t.b.SeqModelChecker - Step 6: Transition #19. Is it enabled?
2026-07-11T11:08:53,830 [zio-default-async-5] DEBUG a.f.a.t.b.SeqModelChecker - Step 6: Transition #19 is enabled
2026-07-11T11:08:53,830 [zio-default-async-5] INFO  a.f.a.t.b.SeqModelChecker - State 6: Checking 1 state invariants
2026-07-11T11:08:53,830 [zio-default-async-5] DEBUG a.f.a.t.b.SeqModelChecker - State 6: Checking state invariant 0
2026-07-11T11:08:53,837 [zio-default-async-5] INFO  a.f.a.t.b.SeqModelChecker - State 6: state invariant 0 holds.
2026-07-11T11:08:53,839 [zio-default-async-5] DEBUG a.f.a.t.b.t.TransitionExecutorImpl - Step #6, transition #20
2026-07-11T11:08:53,839 [zio-default-async-5] DEBUG a.f.a.t.b.t.TransitionExecutorImpl - Translating to SMT
2026-07-11T11:08:53,844 [zio-default-async-5] DEBUG a.f.a.t.b.SeqModelChecker - Step 6: Transition #20. Is it enabled?
2026-07-11T11:08:54,070 [zio-default-async-5] DEBUG a.f.a.t.b.SeqModelChecker - Step 6: Transition #20 is enabled
2026-07-11T11:08:54,071 [zio-default-async-5] INFO  a.f.a.t.b.SeqModelChecker - State 6: Checking 1 state invariants
2026-07-11T11:08:54,071 [zio-default-async-5] DEBUG a.f.a.t.b.SeqModelChecker - State 6: Checking state invariant 0
2026-07-11T11:08:54,883 [zio-default-async-5] INFO  a.f.a.t.b.SeqModelChecker - State 6: state invariant 0 holds.
2026-07-11T11:08:54,886 [zio-default-async-5] DEBUG a.f.a.t.b.t.TransitionExecutorImpl - Step #6, transition #21
2026-07-11T11:08:54,886 [zio-default-async-5] DEBUG a.f.a.t.b.t.TransitionExecutorImpl - Translating to SMT
2026-07-11T11:08:54,891 [zio-default-async-5] DEBUG a.f.a.t.b.SeqModelChecker - Step 6: Transition #21. Is it enabled?
2026-07-11T11:08:55,139 [zio-default-async-5] DEBUG a.f.a.t.b.SeqModelChecker - Step 6: Transition #21 is enabled
2026-07-11T11:08:55,139 [zio-default-async-5] INFO  a.f.a.t.b.SeqModelChecker - State 6: Checking 1 state invariants
2026-07-11T11:08:55,139 [zio-default-async-5] DEBUG a.f.a.t.b.SeqModelChecker - State 6: Checking state invariant 0
2026-07-11T11:08:55,605 [zio-default-async-5] INFO  a.f.a.t.b.SeqModelChecker - State 6: state invariant 0 holds.
2026-07-11T11:08:55,610 [zio-default-async-5] INFO  a.f.a.t.b.t.TransitionExecutorImpl - Step 6: picking a transition out of 22 transition(s)
2026-07-11T11:08:55,694 [zio-default-async-5] DEBUG a.f.a.t.b.t.TransitionExecutorImpl - Step #7, transition #0
2026-07-11T11:08:55,694 [zio-default-async-5] DEBUG a.f.a.t.b.t.TransitionExecutorImpl - Translating to SMT
2026-07-11T11:08:55,699 [zio-default-async-5] DEBUG a.f.a.t.b.SeqModelChecker - Step 7: Transition #0. Is it enabled?
2026-07-11T11:08:55,993 [zio-default-async-5] DEBUG a.f.a.t.b.SeqModelChecker - Step 7: Transition #0 is enabled
2026-07-11T11:08:55,993 [zio-default-async-5] INFO  a.f.a.t.b.SeqModelChecker - State 7: Checking 1 state invariants
2026-07-11T11:08:55,993 [zio-default-async-5] DEBUG a.f.a.t.b.SeqModelChecker - State 7: Checking state invariant 0
2026-07-11T11:08:56,121 [zio-default-async-5] INFO  a.f.a.t.b.SeqModelChecker - State 7: state invariant 0 holds.
2026-07-11T11:08:56,125 [zio-default-async-5] DEBUG a.f.a.t.b.t.TransitionExecutorImpl - Step #7, transition #1
2026-07-11T11:08:56,125 [zio-default-async-5] DEBUG a.f.a.t.b.t.TransitionExecutorImpl - Translating to SMT
2026-07-11T11:08:56,135 [zio-default-async-5] DEBUG a.f.a.t.b.SeqModelChecker - Step 7: Transition #1. Is it enabled?
2026-07-11T11:08:56,355 [zio-default-async-5] DEBUG a.f.a.t.b.SeqModelChecker - Step 7: Transition #1 is enabled
2026-07-11T11:08:56,355 [zio-default-async-5] INFO  a.f.a.t.b.SeqModelChecker - State 7: Checking 1 state invariants
2026-07-11T11:08:56,356 [zio-default-async-5] DEBUG a.f.a.t.b.SeqModelChecker - State 7: Checking state invariant 0
2026-07-11T11:08:56,361 [zio-default-async-5] INFO  a.f.a.t.b.SeqModelChecker - State 7: state invariant 0 holds.
2026-07-11T11:08:56,364 [zio-default-async-5] DEBUG a.f.a.t.b.t.TransitionExecutorImpl - Step #7, transition #2
2026-07-11T11:08:56,364 [zio-default-async-5] DEBUG a.f.a.t.b.t.TransitionExecutorImpl - Translating to SMT
2026-07-11T11:08:56,370 [zio-default-async-5] DEBUG a.f.a.t.b.SeqModelChecker - Step 7: Transition #2. Is it enabled?
2026-07-11T11:08:56,392 [zio-default-async-5] DEBUG a.f.a.t.b.SeqModelChecker - Step 7: Transition #2 is enabled
2026-07-11T11:08:56,392 [zio-default-async-5] INFO  a.f.a.t.b.SeqModelChecker - State 7: Checking 1 state invariants
2026-07-11T11:08:56,392 [zio-default-async-5] DEBUG a.f.a.t.b.SeqModelChecker - State 7: Checking state invariant 0
2026-07-11T11:08:56,577 [zio-default-async-5] INFO  a.f.a.t.b.SeqModelChecker - State 7: state invariant 0 holds.
2026-07-11T11:08:56,583 [zio-default-async-5] DEBUG a.f.a.t.b.t.TransitionExecutorImpl - Step #7, transition #3
2026-07-11T11:08:56,583 [zio-default-async-5] DEBUG a.f.a.t.b.t.TransitionExecutorImpl - Translating to SMT
2026-07-11T11:08:56,591 [zio-default-async-5] DEBUG a.f.a.t.b.SeqModelChecker - Step 7: Transition #3. Is it enabled?
2026-07-11T11:08:56,931 [zio-default-async-5] DEBUG a.f.a.t.b.SeqModelChecker - Step 7: Transition #3 is enabled
2026-07-11T11:08:56,932 [zio-default-async-5] INFO  a.f.a.t.b.SeqModelChecker - State 7: Checking 1 state invariants
2026-07-11T11:08:56,932 [zio-default-async-5] DEBUG a.f.a.t.b.SeqModelChecker - State 7: Checking state invariant 0
2026-07-11T11:08:56,940 [zio-default-async-5] INFO  a.f.a.t.b.SeqModelChecker - State 7: state invariant 0 holds.
2026-07-11T11:08:56,943 [zio-default-async-5] DEBUG a.f.a.t.b.t.TransitionExecutorImpl - Step #7, transition #4
2026-07-11T11:08:56,943 [zio-default-async-5] DEBUG a.f.a.t.b.t.TransitionExecutorImpl - Translating to SMT
2026-07-11T11:08:56,967 [zio-default-async-5] DEBUG a.f.a.t.b.SeqModelChecker - Step 7: Transition #4. Is it enabled?
2026-07-11T11:08:57,413 [zio-default-async-5] DEBUG a.f.a.t.b.SeqModelChecker - Step 7: Transition #4 is enabled
2026-07-11T11:08:57,413 [zio-default-async-5] INFO  a.f.a.t.b.SeqModelChecker - State 7: Checking 1 state invariants
2026-07-11T11:08:57,414 [zio-default-async-5] DEBUG a.f.a.t.b.SeqModelChecker - State 7: Checking state invariant 0
2026-07-11T11:08:57,671 [zio-default-async-5] INFO  a.f.a.t.b.SeqModelChecker - State 7: state invariant 0 holds.
2026-07-11T11:08:57,675 [zio-default-async-5] DEBUG a.f.a.t.b.t.TransitionExecutorImpl - Step #7, transition #5
2026-07-11T11:08:57,675 [zio-default-async-5] DEBUG a.f.a.t.b.t.TransitionExecutorImpl - Translating to SMT
2026-07-11T11:08:57,711 [zio-default-async-5] DEBUG a.f.a.t.b.SeqModelChecker - Step 7: Transition #5. Is it enabled?
2026-07-11T11:08:58,137 [zio-default-async-5] DEBUG a.f.a.t.b.SeqModelChecker - Step 7: Transition #5 is enabled
2026-07-11T11:08:58,137 [zio-default-async-5] INFO  a.f.a.t.b.SeqModelChecker - State 7: Checking 1 state invariants
2026-07-11T11:08:58,137 [zio-default-async-5] DEBUG a.f.a.t.b.SeqModelChecker - State 7: Checking state invariant 0
2026-07-11T11:08:58,158 [zio-default-async-5] INFO  a.f.a.t.b.SeqModelChecker - State 7: state invariant 0 holds.
2026-07-11T11:08:58,161 [zio-default-async-5] DEBUG a.f.a.t.b.t.TransitionExecutorImpl - Step #7, transition #6
2026-07-11T11:08:58,161 [zio-default-async-5] DEBUG a.f.a.t.b.t.TransitionExecutorImpl - Translating to SMT
2026-07-11T11:08:58,180 [zio-default-async-5] DEBUG a.f.a.t.b.SeqModelChecker - Step 7: Transition #6. Is it enabled?
2026-07-11T11:08:58,666 [zio-default-async-5] DEBUG a.f.a.t.b.SeqModelChecker - Step 7: Transition #6 is enabled
2026-07-11T11:08:58,667 [zio-default-async-5] INFO  a.f.a.t.b.SeqModelChecker - State 7: Checking 1 state invariants
2026-07-11T11:08:58,667 [zio-default-async-5] DEBUG a.f.a.t.b.SeqModelChecker - State 7: Checking state invariant 0
2026-07-11T11:08:59,596 [zio-default-async-5] INFO  a.f.a.t.b.SeqModelChecker - State 7: state invariant 0 holds.
2026-07-11T11:08:59,604 [zio-default-async-5] DEBUG a.f.a.t.b.t.TransitionExecutorImpl - Step #7, transition #7
2026-07-11T11:08:59,604 [zio-default-async-5] DEBUG a.f.a.t.b.t.TransitionExecutorImpl - Translating to SMT
2026-07-11T11:08:59,621 [zio-default-async-5] DEBUG a.f.a.t.b.SeqModelChecker - Step 7: Transition #7. Is it enabled?
2026-07-11T11:09:00,317 [zio-default-async-5] DEBUG a.f.a.t.b.SeqModelChecker - Step 7: Transition #7 is enabled
2026-07-11T11:09:00,317 [zio-default-async-5] INFO  a.f.a.t.b.SeqModelChecker - State 7: Checking 1 state invariants
2026-07-11T11:09:00,317 [zio-default-async-5] DEBUG a.f.a.t.b.SeqModelChecker - State 7: Checking state invariant 0
2026-07-11T11:09:00,848 [zio-default-async-5] INFO  a.f.a.t.b.SeqModelChecker - State 7: state invariant 0 holds.
2026-07-11T11:09:00,852 [zio-default-async-5] DEBUG a.f.a.t.b.t.TransitionExecutorImpl - Step #7, transition #8
2026-07-11T11:09:00,852 [zio-default-async-5] DEBUG a.f.a.t.b.t.TransitionExecutorImpl - Translating to SMT
2026-07-11T11:09:00,872 [zio-default-async-5] DEBUG a.f.a.t.b.SeqModelChecker - Step 7: Transition #8. Is it enabled?
2026-07-11T11:09:02,264 [zio-default-async-5] DEBUG a.f.a.t.b.SeqModelChecker - Step 7: Transition #8 is enabled
2026-07-11T11:09:02,265 [zio-default-async-5] INFO  a.f.a.t.b.SeqModelChecker - State 7: Checking 1 state invariants
2026-07-11T11:09:02,265 [zio-default-async-5] DEBUG a.f.a.t.b.SeqModelChecker - State 7: Checking state invariant 0
2026-07-11T11:09:03,908 [zio-default-async-5] INFO  a.f.a.t.b.SeqModelChecker - State 7: state invariant 0 holds.
2026-07-11T11:09:03,917 [zio-default-async-5] DEBUG a.f.a.t.b.t.TransitionExecutorImpl - Step #7, transition #9
2026-07-11T11:09:03,918 [zio-default-async-5] DEBUG a.f.a.t.b.t.TransitionExecutorImpl - Translating to SMT
2026-07-11T11:09:03,973 [zio-default-async-5] DEBUG a.f.a.t.b.SeqModelChecker - Step 7: Transition #9. Is it enabled?
2026-07-11T11:09:05,473 [zio-default-async-5] DEBUG a.f.a.t.b.SeqModelChecker - Step 7: Transition #9 is enabled
2026-07-11T11:09:05,474 [zio-default-async-5] INFO  a.f.a.t.b.SeqModelChecker - State 7: Checking 1 state invariants
2026-07-11T11:09:05,474 [zio-default-async-5] DEBUG a.f.a.t.b.SeqModelChecker - State 7: Checking state invariant 0
2026-07-11T11:09:05,681 [zio-default-async-5] INFO  a.f.a.t.b.SeqModelChecker - State 7: state invariant 0 holds.
2026-07-11T11:09:05,688 [zio-default-async-5] DEBUG a.f.a.t.b.t.TransitionExecutorImpl - Step #7, transition #10
2026-07-11T11:09:05,689 [zio-default-async-5] DEBUG a.f.a.t.b.t.TransitionExecutorImpl - Translating to SMT
2026-07-11T11:09:05,714 [zio-default-async-5] DEBUG a.f.a.t.b.SeqModelChecker - Step 7: Transition #10. Is it enabled?
2026-07-11T11:09:06,127 [zio-default-async-5] DEBUG a.f.a.t.b.SeqModelChecker - Step 7: Transition #10 is enabled
2026-07-11T11:09:06,129 [zio-default-async-5] INFO  a.f.a.t.b.SeqModelChecker - State 7: Checking 1 state invariants
2026-07-11T11:09:06,129 [zio-default-async-5] DEBUG a.f.a.t.b.SeqModelChecker - State 7: Checking state invariant 0
2026-07-11T11:09:10,689 [zio-default-async-5] INFO  a.f.a.t.b.SeqModelChecker - State 7: state invariant 0 holds.
2026-07-11T11:09:10,696 [zio-default-async-5] DEBUG a.f.a.t.b.t.TransitionExecutorImpl - Step #7, transition #11
2026-07-11T11:09:10,697 [zio-default-async-5] DEBUG a.f.a.t.b.t.TransitionExecutorImpl - Translating to SMT
2026-07-11T11:09:10,723 [zio-default-async-5] DEBUG a.f.a.t.b.SeqModelChecker - Step 7: Transition #11. Is it enabled?
2026-07-11T11:09:11,498 [zio-default-async-5] DEBUG a.f.a.t.b.SeqModelChecker - Step 7: Transition #11 is enabled
2026-07-11T11:09:11,499 [zio-default-async-5] INFO  a.f.a.t.b.SeqModelChecker - State 7: Checking 1 state invariants
2026-07-11T11:09:11,499 [zio-default-async-5] DEBUG a.f.a.t.b.SeqModelChecker - State 7: Checking state invariant 0
2026-07-11T11:09:12,430 [zio-default-async-5] INFO  a.f.a.t.b.SeqModelChecker - State 7: state invariant 0 holds.
2026-07-11T11:09:12,438 [zio-default-async-5] DEBUG a.f.a.t.b.t.TransitionExecutorImpl - Step #7, transition #12
2026-07-11T11:09:12,438 [zio-default-async-5] DEBUG a.f.a.t.b.t.TransitionExecutorImpl - Translating to SMT
2026-07-11T11:09:12,494 [zio-default-async-5] DEBUG a.f.a.t.b.SeqModelChecker - Step 7: Transition #12. Is it enabled?
2026-07-11T11:09:14,616 [zio-default-async-5] DEBUG a.f.a.t.b.SeqModelChecker - Step 7: Transition #12 is enabled
2026-07-11T11:09:14,617 [zio-default-async-5] INFO  a.f.a.t.b.SeqModelChecker - State 7: Checking 1 state invariants
2026-07-11T11:09:14,617 [zio-default-async-5] DEBUG a.f.a.t.b.SeqModelChecker - State 7: Checking state invariant 0
2026-07-11T11:09:15,518 [zio-default-async-5] INFO  a.f.a.t.b.SeqModelChecker - State 7: state invariant 0 holds.
2026-07-11T11:09:15,528 [zio-default-async-5] DEBUG a.f.a.t.b.t.TransitionExecutorImpl - Step #7, transition #13
2026-07-11T11:09:15,529 [zio-default-async-5] DEBUG a.f.a.t.b.t.TransitionExecutorImpl - Translating to SMT
2026-07-11T11:09:15,575 [zio-default-async-5] DEBUG a.f.a.t.b.SeqModelChecker - Step 7: Transition #13. Is it enabled?
2026-07-11T11:09:16,574 [zio-default-async-5] DEBUG a.f.a.t.b.SeqModelChecker - Step 7: Transition #13 is enabled
2026-07-11T11:09:16,575 [zio-default-async-5] INFO  a.f.a.t.b.SeqModelChecker - State 7: Checking 1 state invariants
2026-07-11T11:09:16,575 [zio-default-async-5] DEBUG a.f.a.t.b.SeqModelChecker - State 7: Checking state invariant 0
2026-07-11T11:09:16,817 [zio-default-async-5] INFO  a.f.a.t.b.SeqModelChecker - State 7: state invariant 0 holds.
2026-07-11T11:09:16,824 [zio-default-async-5] DEBUG a.f.a.t.b.t.TransitionExecutorImpl - Step #7, transition #14
2026-07-11T11:09:16,825 [zio-default-async-5] DEBUG a.f.a.t.b.t.TransitionExecutorImpl - Translating to SMT
2026-07-11T11:09:16,840 [zio-default-async-5] DEBUG a.f.a.t.b.SeqModelChecker - Step 7: Transition #14. Is it enabled?
2026-07-11T11:09:17,823 [zio-default-async-5] DEBUG a.f.a.t.b.SeqModelChecker - Step 7: Transition #14 is enabled
2026-07-11T11:09:17,824 [zio-default-async-5] INFO  a.f.a.t.b.SeqModelChecker - State 7: Checking 1 state invariants
2026-07-11T11:09:17,824 [zio-default-async-5] DEBUG a.f.a.t.b.SeqModelChecker - State 7: Checking state invariant 0
2026-07-11T11:09:18,205 [zio-default-async-5] INFO  a.f.a.t.b.SeqModelChecker - State 7: state invariant 0 holds.
2026-07-11T11:09:18,212 [zio-default-async-5] DEBUG a.f.a.t.b.t.TransitionExecutorImpl - Step #7, transition #15
2026-07-11T11:09:18,212 [zio-default-async-5] DEBUG a.f.a.t.b.t.TransitionExecutorImpl - Translating to SMT
2026-07-11T11:09:18,225 [zio-default-async-5] DEBUG a.f.a.t.b.SeqModelChecker - Step 7: Transition #15. Is it enabled?
2026-07-11T11:09:19,432 [zio-default-async-5] DEBUG a.f.a.t.b.SeqModelChecker - Step 7: Transition #15 is enabled
2026-07-11T11:09:19,433 [zio-default-async-5] INFO  a.f.a.t.b.SeqModelChecker - State 7: Checking 1 state invariants
2026-07-11T11:09:19,433 [zio-default-async-5] DEBUG a.f.a.t.b.SeqModelChecker - State 7: Checking state invariant 0
2026-07-11T11:09:19,451 [zio-default-async-5] INFO  a.f.a.t.b.SeqModelChecker - State 7: state invariant 0 holds.
2026-07-11T11:09:19,459 [zio-default-async-5] DEBUG a.f.a.t.b.t.TransitionExecutorImpl - Step #7, transition #16
2026-07-11T11:09:19,460 [zio-default-async-5] DEBUG a.f.a.t.b.t.TransitionExecutorImpl - Translating to SMT
2026-07-11T11:09:19,479 [zio-default-async-5] DEBUG a.f.a.t.b.SeqModelChecker - Step 7: Transition #16. Is it enabled?
2026-07-11T11:09:19,536 [zio-default-async-5] DEBUG a.f.a.t.b.SeqModelChecker - Step 7: Transition #16 is enabled
2026-07-11T11:09:19,537 [zio-default-async-5] INFO  a.f.a.t.b.SeqModelChecker - State 7: Checking 1 state invariants
2026-07-11T11:09:19,537 [zio-default-async-5] DEBUG a.f.a.t.b.SeqModelChecker - State 7: Checking state invariant 0
2026-07-11T11:09:24,199 [zio-default-async-5] INFO  a.f.a.t.b.SeqModelChecker - State 7: state invariant 0 holds.
2026-07-11T11:09:24,206 [zio-default-async-5] DEBUG a.f.a.t.b.t.TransitionExecutorImpl - Step #7, transition #17
2026-07-11T11:09:24,206 [zio-default-async-5] DEBUG a.f.a.t.b.t.TransitionExecutorImpl - Translating to SMT
2026-07-11T11:09:24,218 [zio-default-async-5] DEBUG a.f.a.t.b.SeqModelChecker - Step 7: Transition #17. Is it enabled?
2026-07-11T11:09:25,286 [zio-default-async-5] DEBUG a.f.a.t.b.SeqModelChecker - Step 7: Transition #17 is enabled
2026-07-11T11:09:25,287 [zio-default-async-5] INFO  a.f.a.t.b.SeqModelChecker - State 7: Checking 1 state invariants
2026-07-11T11:09:25,288 [zio-default-async-5] DEBUG a.f.a.t.b.SeqModelChecker - State 7: Checking state invariant 0
2026-07-11T11:09:26,395 [zio-default-async-5] INFO  a.f.a.t.b.SeqModelChecker - State 7: state invariant 0 holds.
2026-07-11T11:09:26,404 [zio-default-async-5] DEBUG a.f.a.t.b.t.TransitionExecutorImpl - Step #7, transition #18
2026-07-11T11:09:26,405 [zio-default-async-5] DEBUG a.f.a.t.b.t.TransitionExecutorImpl - Translating to SMT
2026-07-11T11:09:26,422 [zio-default-async-5] DEBUG a.f.a.t.b.SeqModelChecker - Step 7: Transition #18. Is it enabled?
2026-07-11T11:09:27,138 [zio-default-async-5] DEBUG a.f.a.t.b.SeqModelChecker - Step 7: Transition #18 is enabled
2026-07-11T11:09:27,139 [zio-default-async-5] INFO  a.f.a.t.b.SeqModelChecker - State 7: Checking 1 state invariants
2026-07-11T11:09:27,139 [zio-default-async-5] DEBUG a.f.a.t.b.SeqModelChecker - State 7: Checking state invariant 0
2026-07-11T11:09:27,774 [zio-default-async-5] INFO  a.f.a.t.b.SeqModelChecker - State 7: state invariant 0 holds.
2026-07-11T11:09:27,785 [zio-default-async-5] DEBUG a.f.a.t.b.t.TransitionExecutorImpl - Step #7, transition #19
2026-07-11T11:09:27,785 [zio-default-async-5] DEBUG a.f.a.t.b.t.TransitionExecutorImpl - Translating to SMT
2026-07-11T11:09:27,808 [zio-default-async-5] DEBUG a.f.a.t.b.SeqModelChecker - Step 7: Transition #19. Is it enabled?
2026-07-11T11:09:28,416 [zio-default-async-5] DEBUG a.f.a.t.b.SeqModelChecker - Step 7: Transition #19 is enabled
2026-07-11T11:09:28,417 [zio-default-async-5] INFO  a.f.a.t.b.SeqModelChecker - State 7: Checking 1 state invariants
2026-07-11T11:09:28,417 [zio-default-async-5] DEBUG a.f.a.t.b.SeqModelChecker - State 7: Checking state invariant 0
2026-07-11T11:09:28,435 [zio-default-async-5] INFO  a.f.a.t.b.SeqModelChecker - State 7: state invariant 0 holds.
2026-07-11T11:09:28,441 [zio-default-async-5] DEBUG a.f.a.t.b.t.TransitionExecutorImpl - Step #7, transition #20
2026-07-11T11:09:28,441 [zio-default-async-5] DEBUG a.f.a.t.b.t.TransitionExecutorImpl - Translating to SMT
2026-07-11T11:09:28,451 [zio-default-async-5] DEBUG a.f.a.t.b.SeqModelChecker - Step 7: Transition #20. Is it enabled?
2026-07-11T11:09:28,499 [zio-default-async-5] DEBUG a.f.a.t.b.SeqModelChecker - Step 7: Transition #20 is enabled
2026-07-11T11:09:28,500 [zio-default-async-5] INFO  a.f.a.t.b.SeqModelChecker - State 7: Checking 1 state invariants
2026-07-11T11:09:28,500 [zio-default-async-5] DEBUG a.f.a.t.b.SeqModelChecker - State 7: Checking state invariant 0
2026-07-11T11:09:32,875 [zio-default-async-5] INFO  a.f.a.t.b.SeqModelChecker - State 7: state invariant 0 holds.
2026-07-11T11:09:32,884 [zio-default-async-5] DEBUG a.f.a.t.b.t.TransitionExecutorImpl - Step #7, transition #21
2026-07-11T11:09:32,884 [zio-default-async-5] DEBUG a.f.a.t.b.t.TransitionExecutorImpl - Translating to SMT
2026-07-11T11:09:32,903 [zio-default-async-5] DEBUG a.f.a.t.b.SeqModelChecker - Step 7: Transition #21. Is it enabled?
2026-07-11T11:09:33,689 [zio-default-async-5] DEBUG a.f.a.t.b.SeqModelChecker - Step 7: Transition #21 is enabled
2026-07-11T11:09:33,690 [zio-default-async-5] INFO  a.f.a.t.b.SeqModelChecker - State 7: Checking 1 state invariants
2026-07-11T11:09:33,690 [zio-default-async-5] DEBUG a.f.a.t.b.SeqModelChecker - State 7: Checking state invariant 0
2026-07-11T11:09:35,249 [zio-default-async-5] INFO  a.f.a.t.b.SeqModelChecker - State 7: state invariant 0 holds.
2026-07-11T11:09:35,257 [zio-default-async-5] INFO  a.f.a.t.b.t.TransitionExecutorImpl - Step 7: picking a transition out of 22 transition(s)
2026-07-11T11:09:35,425 [zio-default-async-5] DEBUG a.f.a.t.b.t.TransitionExecutorImpl - Step #8, transition #0
2026-07-11T11:09:35,425 [zio-default-async-5] DEBUG a.f.a.t.b.t.TransitionExecutorImpl - Translating to SMT
2026-07-11T11:09:35,439 [zio-default-async-5] DEBUG a.f.a.t.b.SeqModelChecker - Step 8: Transition #0. Is it enabled?
2026-07-11T11:09:36,324 [zio-default-async-5] DEBUG a.f.a.t.b.SeqModelChecker - Step 8: Transition #0 is enabled
2026-07-11T11:09:36,326 [zio-default-async-5] INFO  a.f.a.t.b.SeqModelChecker - State 8: Checking 1 state invariants
2026-07-11T11:09:36,326 [zio-default-async-5] DEBUG a.f.a.t.b.SeqModelChecker - State 8: Checking state invariant 0
2026-07-11T11:09:36,526 [zio-default-async-5] INFO  a.f.a.t.b.SeqModelChecker - State 8: state invariant 0 holds.
2026-07-11T11:09:36,533 [zio-default-async-5] DEBUG a.f.a.t.b.t.TransitionExecutorImpl - Step #8, transition #1
2026-07-11T11:09:36,534 [zio-default-async-5] DEBUG a.f.a.t.b.t.TransitionExecutorImpl - Translating to SMT
2026-07-11T11:09:36,549 [zio-default-async-5] DEBUG a.f.a.t.b.SeqModelChecker - Step 8: Transition #1. Is it enabled?
2026-07-11T11:09:37,424 [zio-default-async-5] DEBUG a.f.a.t.b.SeqModelChecker - Step 8: Transition #1 is enabled
2026-07-11T11:09:37,426 [zio-default-async-5] INFO  a.f.a.t.b.SeqModelChecker - State 8: Checking 1 state invariants
2026-07-11T11:09:37,426 [zio-default-async-5] DEBUG a.f.a.t.b.SeqModelChecker - State 8: Checking state invariant 0
2026-07-11T11:09:37,445 [zio-default-async-5] INFO  a.f.a.t.b.SeqModelChecker - State 8: state invariant 0 holds.
2026-07-11T11:09:37,452 [zio-default-async-5] DEBUG a.f.a.t.b.t.TransitionExecutorImpl - Step #8, transition #2
2026-07-11T11:09:37,453 [zio-default-async-5] DEBUG a.f.a.t.b.t.TransitionExecutorImpl - Translating to SMT
2026-07-11T11:09:37,468 [zio-default-async-5] DEBUG a.f.a.t.b.SeqModelChecker - Step 8: Transition #2. Is it enabled?
2026-07-11T11:09:37,521 [zio-default-async-5] DEBUG a.f.a.t.b.SeqModelChecker - Step 8: Transition #2 is enabled
2026-07-11T11:09:37,522 [zio-default-async-5] INFO  a.f.a.t.b.SeqModelChecker - State 8: Checking 1 state invariants
2026-07-11T11:09:37,523 [zio-default-async-5] DEBUG a.f.a.t.b.SeqModelChecker - State 8: Checking state invariant 0
2026-07-11T11:09:38,282 [zio-default-async-5] INFO  a.f.a.t.b.SeqModelChecker - State 8: state invariant 0 holds.
2026-07-11T11:09:38,291 [zio-default-async-5] DEBUG a.f.a.t.b.t.TransitionExecutorImpl - Step #8, transition #3
2026-07-11T11:09:38,292 [zio-default-async-5] DEBUG a.f.a.t.b.t.TransitionExecutorImpl - Translating to SMT
2026-07-11T11:09:38,306 [zio-default-async-5] DEBUG a.f.a.t.b.SeqModelChecker - Step 8: Transition #3. Is it enabled?
2026-07-11T11:09:39,729 [zio-default-async-5] DEBUG a.f.a.t.b.SeqModelChecker - Step 8: Transition #3 is enabled
2026-07-11T11:09:39,730 [zio-default-async-5] INFO  a.f.a.t.b.SeqModelChecker - State 8: Checking 1 state invariants
2026-07-11T11:09:39,731 [zio-default-async-5] DEBUG a.f.a.t.b.SeqModelChecker - State 8: Checking state invariant 0
2026-07-11T11:09:39,751 [zio-default-async-5] INFO  a.f.a.t.b.SeqModelChecker - State 8: state invariant 0 holds.
2026-07-11T11:09:39,758 [zio-default-async-5] DEBUG a.f.a.t.b.t.TransitionExecutorImpl - Step #8, transition #4
2026-07-11T11:09:39,759 [zio-default-async-5] DEBUG a.f.a.t.b.t.TransitionExecutorImpl - Translating to SMT
2026-07-11T11:09:39,798 [zio-default-async-5] DEBUG a.f.a.t.b.SeqModelChecker - Step 8: Transition #4. Is it enabled?
2026-07-11T11:09:42,151 [zio-default-async-5] DEBUG a.f.a.t.b.SeqModelChecker - Step 8: Transition #4 is enabled
2026-07-11T11:09:42,153 [zio-default-async-5] INFO  a.f.a.t.b.SeqModelChecker - State 8: Checking 1 state invariants
2026-07-11T11:09:42,153 [zio-default-async-5] DEBUG a.f.a.t.b.SeqModelChecker - State 8: Checking state invariant 0
2026-07-11T11:09:42,541 [zio-default-async-5] INFO  a.f.a.t.b.SeqModelChecker - State 8: state invariant 0 holds.
2026-07-11T11:09:42,555 [zio-default-async-5] DEBUG a.f.a.t.b.t.TransitionExecutorImpl - Step #8, transition #5
2026-07-11T11:09:42,556 [zio-default-async-5] DEBUG a.f.a.t.b.t.TransitionExecutorImpl - Translating to SMT
2026-07-11T11:09:42,604 [zio-default-async-5] DEBUG a.f.a.t.b.SeqModelChecker - Step 8: Transition #5. Is it enabled?
2026-07-11T11:09:44,907 [zio-default-async-5] DEBUG a.f.a.t.b.SeqModelChecker - Step 8: Transition #5 is enabled
2026-07-11T11:09:44,908 [zio-default-async-5] INFO  a.f.a.t.b.SeqModelChecker - State 8: Checking 1 state invariants
2026-07-11T11:09:44,908 [zio-default-async-5] DEBUG a.f.a.t.b.SeqModelChecker - State 8: Checking state invariant 0
2026-07-11T11:09:44,951 [zio-default-async-5] INFO  a.f.a.t.b.SeqModelChecker - State 8: state invariant 0 holds.
2026-07-11T11:09:44,959 [zio-default-async-5] DEBUG a.f.a.t.b.t.TransitionExecutorImpl - Step #8, transition #6
2026-07-11T11:09:44,959 [zio-default-async-5] DEBUG a.f.a.t.b.t.TransitionExecutorImpl - Translating to SMT
2026-07-11T11:09:45,037 [zio-default-async-5] DEBUG a.f.a.t.b.SeqModelChecker - Step 8: Transition #6. Is it enabled?
2026-07-11T11:09:46,343 [zio-default-async-5] DEBUG a.f.a.t.b.SeqModelChecker - Step 8: Transition #6 is enabled
2026-07-11T11:09:46,345 [zio-default-async-5] INFO  a.f.a.t.b.SeqModelChecker - State 8: Checking 1 state invariants
2026-07-11T11:09:46,345 [zio-default-async-5] DEBUG a.f.a.t.b.SeqModelChecker - State 8: Checking state invariant 0
2026-07-11T11:09:49,859 [zio-default-async-5] INFO  a.f.a.t.b.SeqModelChecker - State 8: state invariant 0 holds.
2026-07-11T11:09:49,869 [zio-default-async-5] DEBUG a.f.a.t.b.t.TransitionExecutorImpl - Step #8, transition #7
2026-07-11T11:09:49,869 [zio-default-async-5] DEBUG a.f.a.t.b.t.TransitionExecutorImpl - Translating to SMT
2026-07-11T11:09:49,907 [zio-default-async-5] DEBUG a.f.a.t.b.SeqModelChecker - Step 8: Transition #7. Is it enabled?
2026-07-11T11:09:51,230 [zio-default-async-5] DEBUG a.f.a.t.b.SeqModelChecker - Step 8: Transition #7 is enabled
2026-07-11T11:09:51,231 [zio-default-async-5] INFO  a.f.a.t.b.SeqModelChecker - State 8: Checking 1 state invariants
2026-07-11T11:09:51,232 [zio-default-async-5] DEBUG a.f.a.t.b.SeqModelChecker - State 8: Checking state invariant 0
2026-07-11T11:09:52,627 [zio-default-async-5] INFO  a.f.a.t.b.SeqModelChecker - State 8: state invariant 0 holds.
2026-07-11T11:09:52,636 [zio-default-async-5] DEBUG a.f.a.t.b.t.TransitionExecutorImpl - Step #8, transition #8
2026-07-11T11:09:52,636 [zio-default-async-5] DEBUG a.f.a.t.b.t.TransitionExecutorImpl - Translating to SMT
2026-07-11T11:09:52,677 [zio-default-async-5] DEBUG a.f.a.t.b.SeqModelChecker - Step 8: Transition #8. Is it enabled?
2026-07-11T11:09:54,173 [zio-default-async-5] DEBUG a.f.a.t.b.SeqModelChecker - Step 8: Transition #8 is enabled
2026-07-11T11:09:54,174 [zio-default-async-5] INFO  a.f.a.t.b.SeqModelChecker - State 8: Checking 1 state invariants
2026-07-11T11:09:54,174 [zio-default-async-5] DEBUG a.f.a.t.b.SeqModelChecker - State 8: Checking state invariant 0
2026-07-11T11:10:00,022 [zio-default-async-5] INFO  a.f.a.t.b.SeqModelChecker - State 8: state invariant 0 holds.
2026-07-11T11:10:00,037 [zio-default-async-5] DEBUG a.f.a.t.b.t.TransitionExecutorImpl - Step #8, transition #9
2026-07-11T11:10:00,037 [zio-default-async-5] DEBUG a.f.a.t.b.t.TransitionExecutorImpl - Translating to SMT
2026-07-11T11:10:00,095 [zio-default-async-5] DEBUG a.f.a.t.b.SeqModelChecker - Step 8: Transition #9. Is it enabled?
2026-07-11T11:10:02,386 [zio-default-async-5] DEBUG a.f.a.t.b.SeqModelChecker - Step 8: Transition #9 is enabled
2026-07-11T11:10:02,387 [zio-default-async-5] INFO  a.f.a.t.b.SeqModelChecker - State 8: Checking 1 state invariants
2026-07-11T11:10:02,387 [zio-default-async-5] DEBUG a.f.a.t.b.SeqModelChecker - State 8: Checking state invariant 0
2026-07-11T11:10:02,751 [zio-default-async-5] INFO  a.f.a.t.b.SeqModelChecker - State 8: state invariant 0 holds.
2026-07-11T11:10:02,756 [zio-default-async-5] DEBUG a.f.a.t.b.t.TransitionExecutorImpl - Step #8, transition #10
2026-07-11T11:10:02,756 [zio-default-async-5] DEBUG a.f.a.t.b.t.TransitionExecutorImpl - Translating to SMT
2026-07-11T11:10:02,768 [zio-default-async-5] DEBUG a.f.a.t.b.SeqModelChecker - Step 8: Transition #10. Is it enabled?
2026-07-11T11:10:03,586 [zio-default-async-5] DEBUG a.f.a.t.b.SeqModelChecker - Step 8: Transition #10 is enabled
2026-07-11T11:10:03,587 [zio-default-async-5] INFO  a.f.a.t.b.SeqModelChecker - State 8: Checking 1 state invariants
2026-07-11T11:10:03,587 [zio-default-async-5] DEBUG a.f.a.t.b.SeqModelChecker - State 8: Checking state invariant 0
2026-07-11T11:10:05,984 [zio-default-async-5] INFO  a.f.a.t.b.SeqModelChecker - State 8: state invariant 0 holds.
2026-07-11T11:10:05,989 [zio-default-async-5] DEBUG a.f.a.t.b.t.TransitionExecutorImpl - Step #8, transition #11
2026-07-11T11:10:05,989 [zio-default-async-5] DEBUG a.f.a.t.b.t.TransitionExecutorImpl - Translating to SMT
2026-07-11T11:10:06,000 [zio-default-async-5] DEBUG a.f.a.t.b.SeqModelChecker - Step 8: Transition #11. Is it enabled?
2026-07-11T11:10:06,793 [zio-default-async-5] DEBUG a.f.a.t.b.SeqModelChecker - Step 8: Transition #11 is enabled
2026-07-11T11:10:06,793 [zio-default-async-5] INFO  a.f.a.t.b.SeqModelChecker - State 8: Checking 1 state invariants
2026-07-11T11:10:06,794 [zio-default-async-5] DEBUG a.f.a.t.b.SeqModelChecker - State 8: Checking state invariant 0
2026-07-11T11:10:07,783 [zio-default-async-5] INFO  a.f.a.t.b.SeqModelChecker - State 8: state invariant 0 holds.
2026-07-11T11:10:07,786 [zio-default-async-5] DEBUG a.f.a.t.b.t.TransitionExecutorImpl - Step #8, transition #12
2026-07-11T11:10:07,787 [zio-default-async-5] DEBUG a.f.a.t.b.t.TransitionExecutorImpl - Translating to SMT
2026-07-11T11:10:07,817 [zio-default-async-5] DEBUG a.f.a.t.b.SeqModelChecker - Step 8: Transition #12. Is it enabled?
2026-07-11T11:10:09,780 [zio-default-async-5] DEBUG a.f.a.t.b.SeqModelChecker - Step 8: Transition #12 is enabled
2026-07-11T11:10:09,780 [zio-default-async-5] INFO  a.f.a.t.b.SeqModelChecker - State 8: Checking 1 state invariants
2026-07-11T11:10:09,780 [zio-default-async-5] DEBUG a.f.a.t.b.SeqModelChecker - State 8: Checking state invariant 0
2026-07-11T11:10:10,429 [zio-default-async-5] INFO  a.f.a.t.b.SeqModelChecker - State 8: state invariant 0 holds.
2026-07-11T11:10:10,433 [zio-default-async-5] DEBUG a.f.a.t.b.t.TransitionExecutorImpl - Step #8, transition #13
2026-07-11T11:10:10,434 [zio-default-async-5] DEBUG a.f.a.t.b.t.TransitionExecutorImpl - Translating to SMT
2026-07-11T11:10:10,448 [zio-default-async-5] DEBUG a.f.a.t.b.SeqModelChecker - Step 8: Transition #13. Is it enabled?
2026-07-11T11:10:11,949 [zio-default-async-5] DEBUG a.f.a.t.b.SeqModelChecker - Step 8: Transition #13 is enabled
2026-07-11T11:10:11,949 [zio-default-async-5] INFO  a.f.a.t.b.SeqModelChecker - State 8: Checking 1 state invariants
2026-07-11T11:10:11,949 [zio-default-async-5] DEBUG a.f.a.t.b.SeqModelChecker - State 8: Checking state invariant 0
2026-07-11T11:10:12,039 [zio-default-async-5] INFO  a.f.a.t.b.SeqModelChecker - State 8: state invariant 0 holds.
2026-07-11T11:10:12,043 [zio-default-async-5] DEBUG a.f.a.t.b.t.TransitionExecutorImpl - Step #8, transition #14
2026-07-11T11:10:12,043 [zio-default-async-5] DEBUG a.f.a.t.b.t.TransitionExecutorImpl - Translating to SMT
2026-07-11T11:10:12,049 [zio-default-async-5] DEBUG a.f.a.t.b.SeqModelChecker - Step 8: Transition #14. Is it enabled?
2026-07-11T11:10:12,700 [zio-default-async-5] DEBUG a.f.a.t.b.SeqModelChecker - Step 8: Transition #14 is enabled
2026-07-11T11:10:12,700 [zio-default-async-5] INFO  a.f.a.t.b.SeqModelChecker - State 8: Checking 1 state invariants
2026-07-11T11:10:12,700 [zio-default-async-5] DEBUG a.f.a.t.b.SeqModelChecker - State 8: Checking state invariant 0
2026-07-11T11:10:13,407 [zio-default-async-5] INFO  a.f.a.t.b.SeqModelChecker - State 8: state invariant 0 holds.
2026-07-11T11:10:13,412 [zio-default-async-5] DEBUG a.f.a.t.b.t.TransitionExecutorImpl - Step #8, transition #15
2026-07-11T11:10:13,412 [zio-default-async-5] DEBUG a.f.a.t.b.t.TransitionExecutorImpl - Translating to SMT
2026-07-11T11:10:13,419 [zio-default-async-5] DEBUG a.f.a.t.b.SeqModelChecker - Step 8: Transition #15. Is it enabled?
2026-07-11T11:10:13,911 [zio-default-async-5] DEBUG a.f.a.t.b.SeqModelChecker - Step 8: Transition #15 is enabled
2026-07-11T11:10:13,912 [zio-default-async-5] INFO  a.f.a.t.b.SeqModelChecker - State 8: Checking 1 state invariants
2026-07-11T11:10:13,912 [zio-default-async-5] DEBUG a.f.a.t.b.SeqModelChecker - State 8: Checking state invariant 0
2026-07-11T11:10:13,921 [zio-default-async-5] INFO  a.f.a.t.b.SeqModelChecker - State 8: state invariant 0 holds.
2026-07-11T11:10:13,924 [zio-default-async-5] DEBUG a.f.a.t.b.t.TransitionExecutorImpl - Step #8, transition #16
2026-07-11T11:10:13,925 [zio-default-async-5] DEBUG a.f.a.t.b.t.TransitionExecutorImpl - Translating to SMT
2026-07-11T11:10:13,931 [zio-default-async-5] DEBUG a.f.a.t.b.SeqModelChecker - Step 8: Transition #16. Is it enabled?
2026-07-11T11:10:13,969 [zio-default-async-5] DEBUG a.f.a.t.b.SeqModelChecker - Step 8: Transition #16 is enabled
2026-07-11T11:10:13,969 [zio-default-async-5] INFO  a.f.a.t.b.SeqModelChecker - State 8: Checking 1 state invariants
2026-07-11T11:10:13,969 [zio-default-async-5] DEBUG a.f.a.t.b.SeqModelChecker - State 8: Checking state invariant 0
2026-07-11T11:10:15,573 [zio-default-async-5] INFO  a.f.a.t.b.SeqModelChecker - State 8: state invariant 0 holds.
2026-07-11T11:10:15,578 [zio-default-async-5] DEBUG a.f.a.t.b.t.TransitionExecutorImpl - Step #8, transition #17
2026-07-11T11:10:15,578 [zio-default-async-5] DEBUG a.f.a.t.b.t.TransitionExecutorImpl - Translating to SMT
2026-07-11T11:10:15,585 [zio-default-async-5] DEBUG a.f.a.t.b.SeqModelChecker - Step 8: Transition #17. Is it enabled?
2026-07-11T11:10:16,719 [zio-default-async-5] DEBUG a.f.a.t.b.SeqModelChecker - Step 8: Transition #17 is enabled
2026-07-11T11:10:16,719 [zio-default-async-5] INFO  a.f.a.t.b.SeqModelChecker - State 8: Checking 1 state invariants
2026-07-11T11:10:16,719 [zio-default-async-5] DEBUG a.f.a.t.b.SeqModelChecker - State 8: Checking state invariant 0
2026-07-11T11:10:17,585 [zio-default-async-5] INFO  a.f.a.t.b.SeqModelChecker - State 8: state invariant 0 holds.
2026-07-11T11:10:17,590 [zio-default-async-5] DEBUG a.f.a.t.b.t.TransitionExecutorImpl - Step #8, transition #18
2026-07-11T11:10:17,590 [zio-default-async-5] DEBUG a.f.a.t.b.t.TransitionExecutorImpl - Translating to SMT
2026-07-11T11:10:17,598 [zio-default-async-5] DEBUG a.f.a.t.b.SeqModelChecker - Step 8: Transition #18. Is it enabled?
2026-07-11T11:10:17,916 [zio-default-async-5] DEBUG a.f.a.t.b.SeqModelChecker - Step 8: Transition #18 is enabled
2026-07-11T11:10:17,916 [zio-default-async-5] INFO  a.f.a.t.b.SeqModelChecker - State 8: Checking 1 state invariants
2026-07-11T11:10:17,916 [zio-default-async-5] DEBUG a.f.a.t.b.SeqModelChecker - State 8: Checking state invariant 0
2026-07-11T11:10:18,393 [zio-default-async-5] INFO  a.f.a.t.b.SeqModelChecker - State 8: state invariant 0 holds.
2026-07-11T11:10:18,402 [zio-default-async-5] DEBUG a.f.a.t.b.t.TransitionExecutorImpl - Step #8, transition #19
2026-07-11T11:10:18,402 [zio-default-async-5] DEBUG a.f.a.t.b.t.TransitionExecutorImpl - Translating to SMT
2026-07-11T11:10:18,413 [zio-default-async-5] DEBUG a.f.a.t.b.SeqModelChecker - Step 8: Transition #19. Is it enabled?
2026-07-11T11:10:19,179 [zio-default-async-5] DEBUG a.f.a.t.b.SeqModelChecker - Step 8: Transition #19 is enabled
2026-07-11T11:10:19,179 [zio-default-async-5] INFO  a.f.a.t.b.SeqModelChecker - State 8: Checking 1 state invariants
2026-07-11T11:10:19,179 [zio-default-async-5] DEBUG a.f.a.t.b.SeqModelChecker - State 8: Checking state invariant 0
2026-07-11T11:10:19,189 [zio-default-async-5] INFO  a.f.a.t.b.SeqModelChecker - State 8: state invariant 0 holds.
2026-07-11T11:10:19,192 [zio-default-async-5] DEBUG a.f.a.t.b.t.TransitionExecutorImpl - Step #8, transition #20
2026-07-11T11:10:19,192 [zio-default-async-5] DEBUG a.f.a.t.b.t.TransitionExecutorImpl - Translating to SMT
2026-07-11T11:10:19,198 [zio-default-async-5] DEBUG a.f.a.t.b.SeqModelChecker - Step 8: Transition #20. Is it enabled?
2026-07-11T11:10:19,246 [zio-default-async-5] DEBUG a.f.a.t.b.SeqModelChecker - Step 8: Transition #20 is enabled
2026-07-11T11:10:19,247 [zio-default-async-5] INFO  a.f.a.t.b.SeqModelChecker - State 8: Checking 1 state invariants
2026-07-11T11:10:19,247 [zio-default-async-5] DEBUG a.f.a.t.b.SeqModelChecker - State 8: Checking state invariant 0
2026-07-11T11:10:21,520 [zio-default-async-5] INFO  a.f.a.t.b.SeqModelChecker - State 8: state invariant 0 holds.
2026-07-11T11:10:21,524 [zio-default-async-5] DEBUG a.f.a.t.b.t.TransitionExecutorImpl - Step #8, transition #21
2026-07-11T11:10:21,525 [zio-default-async-5] DEBUG a.f.a.t.b.t.TransitionExecutorImpl - Translating to SMT
2026-07-11T11:10:21,531 [zio-default-async-5] DEBUG a.f.a.t.b.SeqModelChecker - Step 8: Transition #21. Is it enabled?
2026-07-11T11:10:22,256 [zio-default-async-5] DEBUG a.f.a.t.b.SeqModelChecker - Step 8: Transition #21 is enabled
2026-07-11T11:10:22,256 [zio-default-async-5] INFO  a.f.a.t.b.SeqModelChecker - State 8: Checking 1 state invariants
2026-07-11T11:10:22,256 [zio-default-async-5] DEBUG a.f.a.t.b.SeqModelChecker - State 8: Checking state invariant 0
2026-07-11T11:10:23,162 [zio-default-async-5] INFO  a.f.a.t.b.SeqModelChecker - State 8: state invariant 0 holds.
2026-07-11T11:10:23,166 [zio-default-async-5] INFO  a.f.a.t.b.t.TransitionExecutorImpl - Step 8: picking a transition out of 22 transition(s)
2026-07-11T11:10:23,247 [zio-default-async-5] DEBUG a.f.a.t.b.t.TransitionExecutorImpl - Step #9, transition #0
2026-07-11T11:10:23,247 [zio-default-async-5] DEBUG a.f.a.t.b.t.TransitionExecutorImpl - Translating to SMT
2026-07-11T11:10:23,252 [zio-default-async-5] DEBUG a.f.a.t.b.SeqModelChecker - Step 9: Transition #0. Is it enabled?
2026-07-11T11:10:23,878 [zio-default-async-5] DEBUG a.f.a.t.b.SeqModelChecker - Step 9: Transition #0 is enabled
2026-07-11T11:10:23,878 [zio-default-async-5] INFO  a.f.a.t.b.SeqModelChecker - State 9: Checking 1 state invariants
2026-07-11T11:10:23,878 [zio-default-async-5] DEBUG a.f.a.t.b.SeqModelChecker - State 9: Checking state invariant 0
2026-07-11T11:10:24,354 [zio-default-async-5] INFO  a.f.a.t.b.SeqModelChecker - State 9: state invariant 0 holds.
2026-07-11T11:10:24,358 [zio-default-async-5] DEBUG a.f.a.t.b.t.TransitionExecutorImpl - Step #9, transition #1
2026-07-11T11:10:24,358 [zio-default-async-5] DEBUG a.f.a.t.b.t.TransitionExecutorImpl - Translating to SMT
2026-07-11T11:10:24,364 [zio-default-async-5] DEBUG a.f.a.t.b.SeqModelChecker - Step 9: Transition #1. Is it enabled?
2026-07-11T11:10:25,329 [zio-default-async-5] DEBUG a.f.a.t.b.SeqModelChecker - Step 9: Transition #1 is enabled
2026-07-11T11:10:25,329 [zio-default-async-5] INFO  a.f.a.t.b.SeqModelChecker - State 9: Checking 1 state invariants
2026-07-11T11:10:25,329 [zio-default-async-5] DEBUG a.f.a.t.b.SeqModelChecker - State 9: Checking state invariant 0
2026-07-11T11:10:25,337 [zio-default-async-5] INFO  a.f.a.t.b.SeqModelChecker - State 9: state invariant 0 holds.
2026-07-11T11:10:25,340 [zio-default-async-5] DEBUG a.f.a.t.b.t.TransitionExecutorImpl - Step #9, transition #2
2026-07-11T11:10:25,341 [zio-default-async-5] DEBUG a.f.a.t.b.t.TransitionExecutorImpl - Translating to SMT
2026-07-11T11:10:25,347 [zio-default-async-5] DEBUG a.f.a.t.b.SeqModelChecker - Step 9: Transition #2. Is it enabled?
2026-07-11T11:10:25,388 [zio-default-async-5] DEBUG a.f.a.t.b.SeqModelChecker - Step 9: Transition #2 is enabled
2026-07-11T11:10:25,388 [zio-default-async-5] INFO  a.f.a.t.b.SeqModelChecker - State 9: Checking 1 state invariants
2026-07-11T11:10:25,388 [zio-default-async-5] DEBUG a.f.a.t.b.SeqModelChecker - State 9: Checking state invariant 0
2026-07-11T11:10:25,789 [zio-default-async-5] INFO  a.f.a.t.b.SeqModelChecker - State 9: state invariant 0 holds.
2026-07-11T11:10:25,792 [zio-default-async-5] DEBUG a.f.a.t.b.t.TransitionExecutorImpl - Step #9, transition #3
2026-07-11T11:10:25,792 [zio-default-async-5] DEBUG a.f.a.t.b.t.TransitionExecutorImpl - Translating to SMT
2026-07-11T11:10:25,799 [zio-default-async-5] DEBUG a.f.a.t.b.SeqModelChecker - Step 9: Transition #3. Is it enabled?
2026-07-11T11:10:26,162 [zio-default-async-5] DEBUG a.f.a.t.b.SeqModelChecker - Step 9: Transition #3 is enabled
2026-07-11T11:10:26,162 [zio-default-async-5] INFO  a.f.a.t.b.SeqModelChecker - State 9: Checking 1 state invariants
2026-07-11T11:10:26,162 [zio-default-async-5] DEBUG a.f.a.t.b.SeqModelChecker - State 9: Checking state invariant 0
2026-07-11T11:10:26,174 [zio-default-async-5] INFO  a.f.a.t.b.SeqModelChecker - State 9: state invariant 0 holds.
2026-07-11T11:10:26,182 [zio-default-async-5] DEBUG a.f.a.t.b.t.TransitionExecutorImpl - Step #9, transition #4
2026-07-11T11:10:26,182 [zio-default-async-5] DEBUG a.f.a.t.b.t.TransitionExecutorImpl - Translating to SMT
2026-07-11T11:10:26,216 [zio-default-async-5] DEBUG a.f.a.t.b.SeqModelChecker - Step 9: Transition #4. Is it enabled?
2026-07-11T11:10:27,922 [zio-default-async-5] DEBUG a.f.a.t.b.SeqModelChecker - Step 9: Transition #4 is enabled
2026-07-11T11:10:27,922 [zio-default-async-5] INFO  a.f.a.t.b.SeqModelChecker - State 9: Checking 1 state invariants
2026-07-11T11:10:27,923 [zio-default-async-5] DEBUG a.f.a.t.b.SeqModelChecker - State 9: Checking state invariant 0
2026-07-11T11:10:28,338 [zio-default-async-5] INFO  a.f.a.t.b.SeqModelChecker - State 9: state invariant 0 holds.
2026-07-11T11:10:28,344 [zio-default-async-5] DEBUG a.f.a.t.b.t.TransitionExecutorImpl - Step #9, transition #5
2026-07-11T11:10:28,344 [zio-default-async-5] DEBUG a.f.a.t.b.t.TransitionExecutorImpl - Translating to SMT
2026-07-11T11:10:28,367 [zio-default-async-5] DEBUG a.f.a.t.b.SeqModelChecker - Step 9: Transition #5. Is it enabled?
2026-07-11T11:10:29,304 [zio-default-async-5] DEBUG a.f.a.t.b.SeqModelChecker - Step 9: Transition #5 is enabled
2026-07-11T11:10:29,305 [zio-default-async-5] INFO  a.f.a.t.b.SeqModelChecker - State 9: Checking 1 state invariants
2026-07-11T11:10:29,305 [zio-default-async-5] DEBUG a.f.a.t.b.SeqModelChecker - State 9: Checking state invariant 0
2026-07-11T11:10:29,329 [zio-default-async-5] INFO  a.f.a.t.b.SeqModelChecker - State 9: state invariant 0 holds.
2026-07-11T11:10:29,333 [zio-default-async-5] DEBUG a.f.a.t.b.t.TransitionExecutorImpl - Step #9, transition #6
2026-07-11T11:10:29,333 [zio-default-async-5] DEBUG a.f.a.t.b.t.TransitionExecutorImpl - Translating to SMT
2026-07-11T11:10:29,350 [zio-default-async-5] DEBUG a.f.a.t.b.SeqModelChecker - Step 9: Transition #6. Is it enabled?
2026-07-11T11:10:31,051 [zio-default-async-5] DEBUG a.f.a.t.b.SeqModelChecker - Step 9: Transition #6 is enabled
2026-07-11T11:10:31,051 [zio-default-async-5] INFO  a.f.a.t.b.SeqModelChecker - State 9: Checking 1 state invariants
2026-07-11T11:10:31,051 [zio-default-async-5] DEBUG a.f.a.t.b.SeqModelChecker - State 9: Checking state invariant 0
2026-07-11T11:10:32,932 [zio-default-async-5] INFO  a.f.a.t.b.SeqModelChecker - State 9: state invariant 0 holds.
2026-07-11T11:10:32,937 [zio-default-async-5] DEBUG a.f.a.t.b.t.TransitionExecutorImpl - Step #9, transition #7
2026-07-11T11:10:32,937 [zio-default-async-5] DEBUG a.f.a.t.b.t.TransitionExecutorImpl - Translating to SMT
2026-07-11T11:10:32,955 [zio-default-async-5] DEBUG a.f.a.t.b.SeqModelChecker - Step 9: Transition #7. Is it enabled?
2026-07-11T11:10:34,578 [zio-default-async-5] DEBUG a.f.a.t.b.SeqModelChecker - Step 9: Transition #7 is enabled
2026-07-11T11:10:34,578 [zio-default-async-5] INFO  a.f.a.t.b.SeqModelChecker - State 9: Checking 1 state invariants
2026-07-11T11:10:34,579 [zio-default-async-5] DEBUG a.f.a.t.b.SeqModelChecker - State 9: Checking state invariant 0
2026-07-11T11:10:35,408 [zio-default-async-5] INFO  a.f.a.t.b.SeqModelChecker - State 9: state invariant 0 holds.
2026-07-11T11:10:35,416 [zio-default-async-5] DEBUG a.f.a.t.b.t.TransitionExecutorImpl - Step #9, transition #8
2026-07-11T11:10:35,416 [zio-default-async-5] DEBUG a.f.a.t.b.t.TransitionExecutorImpl - Translating to SMT
2026-07-11T11:10:35,436 [zio-default-async-5] DEBUG a.f.a.t.b.SeqModelChecker - Step 9: Transition #8. Is it enabled?
2026-07-11T11:10:37,730 [zio-default-async-5] DEBUG a.f.a.t.b.SeqModelChecker - Step 9: Transition #8 is enabled
2026-07-11T11:10:37,730 [zio-default-async-5] INFO  a.f.a.t.b.SeqModelChecker - State 9: Checking 1 state invariants
2026-07-11T11:10:37,730 [zio-default-async-5] DEBUG a.f.a.t.b.SeqModelChecker - State 9: Checking state invariant 0
2026-07-11T11:10:41,671 [zio-default-async-5] INFO  a.f.a.t.b.SeqModelChecker - State 9: state invariant 0 holds.
2026-07-11T11:10:41,676 [zio-default-async-5] DEBUG a.f.a.t.b.t.TransitionExecutorImpl - Step #9, transition #9
2026-07-11T11:10:41,677 [zio-default-async-5] DEBUG a.f.a.t.b.t.TransitionExecutorImpl - Translating to SMT
2026-07-11T11:10:41,716 [zio-default-async-5] DEBUG a.f.a.t.b.SeqModelChecker - Step 9: Transition #9. Is it enabled?
2026-07-11T11:10:42,997 [zio-default-async-5] DEBUG a.f.a.t.b.SeqModelChecker - Step 9: Transition #9 is enabled
2026-07-11T11:10:42,997 [zio-default-async-5] INFO  a.f.a.t.b.SeqModelChecker - State 9: Checking 1 state invariants
2026-07-11T11:10:42,997 [zio-default-async-5] DEBUG a.f.a.t.b.SeqModelChecker - State 9: Checking state invariant 0
2026-07-11T11:10:43,588 [zio-default-async-5] INFO  a.f.a.t.b.SeqModelChecker - State 9: state invariant 0 holds.
2026-07-11T11:10:43,593 [zio-default-async-5] DEBUG a.f.a.t.b.t.TransitionExecutorImpl - Step #9, transition #10
2026-07-11T11:10:43,593 [zio-default-async-5] DEBUG a.f.a.t.b.t.TransitionExecutorImpl - Translating to SMT
2026-07-11T11:10:43,603 [zio-default-async-5] DEBUG a.f.a.t.b.SeqModelChecker - Step 9: Transition #10. Is it enabled?
2026-07-11T11:10:44,646 [zio-default-async-5] DEBUG a.f.a.t.b.SeqModelChecker - Step 9: Transition #10 is enabled
2026-07-11T11:10:44,646 [zio-default-async-5] INFO  a.f.a.t.b.SeqModelChecker - State 9: Checking 1 state invariants
2026-07-11T11:10:44,646 [zio-default-async-5] DEBUG a.f.a.t.b.SeqModelChecker - State 9: Checking state invariant 0
2026-07-11T11:10:49,075 [zio-default-async-5] INFO  a.f.a.t.b.SeqModelChecker - State 9: state invariant 0 holds.
2026-07-11T11:10:49,081 [zio-default-async-5] DEBUG a.f.a.t.b.t.TransitionExecutorImpl - Step #9, transition #11
2026-07-11T11:10:49,081 [zio-default-async-5] DEBUG a.f.a.t.b.t.TransitionExecutorImpl - Translating to SMT
2026-07-11T11:10:49,092 [zio-default-async-5] DEBUG a.f.a.t.b.SeqModelChecker - Step 9: Transition #11. Is it enabled?
2026-07-11T11:10:49,767 [zio-default-async-5] DEBUG a.f.a.t.b.SeqModelChecker - Step 9: Transition #11 is enabled
2026-07-11T11:10:49,767 [zio-default-async-5] INFO  a.f.a.t.b.SeqModelChecker - State 9: Checking 1 state invariants
2026-07-11T11:10:49,767 [zio-default-async-5] DEBUG a.f.a.t.b.SeqModelChecker - State 9: Checking state invariant 0
2026-07-11T11:10:51,470 [zio-default-async-5] INFO  a.f.a.t.b.SeqModelChecker - State 9: state invariant 0 holds.
2026-07-11T11:10:51,476 [zio-default-async-5] DEBUG a.f.a.t.b.t.TransitionExecutorImpl - Step #9, transition #12
2026-07-11T11:10:51,476 [zio-default-async-5] DEBUG a.f.a.t.b.t.TransitionExecutorImpl - Translating to SMT
2026-07-11T11:10:51,491 [zio-default-async-5] DEBUG a.f.a.t.b.SeqModelChecker - Step 9: Transition #12. Is it enabled?
2026-07-11T11:10:53,376 [zio-default-async-5] DEBUG a.f.a.t.b.SeqModelChecker - Step 9: Transition #12 is enabled
2026-07-11T11:10:53,376 [zio-default-async-5] INFO  a.f.a.t.b.SeqModelChecker - State 9: Checking 1 state invariants
2026-07-11T11:10:53,377 [zio-default-async-5] DEBUG a.f.a.t.b.SeqModelChecker - State 9: Checking state invariant 0
2026-07-11T11:10:54,360 [zio-default-async-5] INFO  a.f.a.t.b.SeqModelChecker - State 9: state invariant 0 holds.
2026-07-11T11:10:54,366 [zio-default-async-5] DEBUG a.f.a.t.b.t.TransitionExecutorImpl - Step #9, transition #13
2026-07-11T11:10:54,366 [zio-default-async-5] DEBUG a.f.a.t.b.t.TransitionExecutorImpl - Translating to SMT
2026-07-11T11:10:54,381 [zio-default-async-5] DEBUG a.f.a.t.b.SeqModelChecker - Step 9: Transition #13. Is it enabled?
2026-07-11T11:10:56,112 [zio-default-async-5] DEBUG a.f.a.t.b.SeqModelChecker - Step 9: Transition #13 is enabled
2026-07-11T11:10:56,112 [zio-default-async-5] INFO  a.f.a.t.b.SeqModelChecker - State 9: Checking 1 state invariants
2026-07-11T11:10:56,112 [zio-default-async-5] DEBUG a.f.a.t.b.SeqModelChecker - State 9: Checking state invariant 0
2026-07-11T11:10:56,144 [zio-default-async-5] INFO  a.f.a.t.b.SeqModelChecker - State 9: state invariant 0 holds.
2026-07-11T11:10:56,150 [zio-default-async-5] DEBUG a.f.a.t.b.t.TransitionExecutorImpl - Step #9, transition #14
2026-07-11T11:10:56,150 [zio-default-async-5] DEBUG a.f.a.t.b.t.TransitionExecutorImpl - Translating to SMT
2026-07-11T11:10:56,157 [zio-default-async-5] DEBUG a.f.a.t.b.SeqModelChecker - Step 9: Transition #14. Is it enabled?
2026-07-11T11:10:57,059 [zio-default-async-5] DEBUG a.f.a.t.b.SeqModelChecker - Step 9: Transition #14 is enabled
2026-07-11T11:10:57,059 [zio-default-async-5] INFO  a.f.a.t.b.SeqModelChecker - State 9: Checking 1 state invariants
2026-07-11T11:10:57,059 [zio-default-async-5] DEBUG a.f.a.t.b.SeqModelChecker - State 9: Checking state invariant 0
2026-07-11T11:10:57,358 [zio-default-async-5] INFO  a.f.a.t.b.SeqModelChecker - State 9: state invariant 0 holds.
2026-07-11T11:10:57,365 [zio-default-async-5] DEBUG a.f.a.t.b.t.TransitionExecutorImpl - Step #9, transition #15
2026-07-11T11:10:57,365 [zio-default-async-5] DEBUG a.f.a.t.b.t.TransitionExecutorImpl - Translating to SMT
2026-07-11T11:10:57,373 [zio-default-async-5] DEBUG a.f.a.t.b.SeqModelChecker - Step 9: Transition #15. Is it enabled?
2026-07-11T11:10:58,557 [zio-default-async-5] DEBUG a.f.a.t.b.SeqModelChecker - Step 9: Transition #15 is enabled
2026-07-11T11:10:58,557 [zio-default-async-5] INFO  a.f.a.t.b.SeqModelChecker - State 9: Checking 1 state invariants
2026-07-11T11:10:58,557 [zio-default-async-5] DEBUG a.f.a.t.b.SeqModelChecker - State 9: Checking state invariant 0
2026-07-11T11:10:58,568 [zio-default-async-5] INFO  a.f.a.t.b.SeqModelChecker - State 9: state invariant 0 holds.
2026-07-11T11:10:58,572 [zio-default-async-5] DEBUG a.f.a.t.b.t.TransitionExecutorImpl - Step #9, transition #16
2026-07-11T11:10:58,572 [zio-default-async-5] DEBUG a.f.a.t.b.t.TransitionExecutorImpl - Translating to SMT
2026-07-11T11:10:58,579 [zio-default-async-5] DEBUG a.f.a.t.b.SeqModelChecker - Step 9: Transition #16. Is it enabled?
2026-07-11T11:10:58,618 [zio-default-async-5] DEBUG a.f.a.t.b.SeqModelChecker - Step 9: Transition #16 is enabled
2026-07-11T11:10:58,618 [zio-default-async-5] INFO  a.f.a.t.b.SeqModelChecker - State 9: Checking 1 state invariants
2026-07-11T11:10:58,619 [zio-default-async-5] DEBUG a.f.a.t.b.SeqModelChecker - State 9: Checking state invariant 0
2026-07-11T11:11:02,055 [zio-default-async-5] INFO  a.f.a.t.b.SeqModelChecker - State 9: state invariant 0 holds.
2026-07-11T11:11:02,061 [zio-default-async-5] DEBUG a.f.a.t.b.t.TransitionExecutorImpl - Step #9, transition #17
2026-07-11T11:11:02,061 [zio-default-async-5] DEBUG a.f.a.t.b.t.TransitionExecutorImpl - Translating to SMT
2026-07-11T11:11:02,075 [zio-default-async-5] DEBUG a.f.a.t.b.SeqModelChecker - Step 9: Transition #17. Is it enabled?
2026-07-11T11:11:03,382 [zio-default-async-5] DEBUG a.f.a.t.b.SeqModelChecker - Step 9: Transition #17 is enabled
2026-07-11T11:11:03,383 [zio-default-async-5] INFO  a.f.a.t.b.SeqModelChecker - State 9: Checking 1 state invariants
2026-07-11T11:11:03,383 [zio-default-async-5] DEBUG a.f.a.t.b.SeqModelChecker - State 9: Checking state invariant 0
2026-07-11T11:11:04,907 [zio-default-async-5] INFO  a.f.a.t.b.SeqModelChecker - State 9: state invariant 0 holds.
2026-07-11T11:11:04,917 [zio-default-async-5] DEBUG a.f.a.t.b.t.TransitionExecutorImpl - Step #9, transition #18
2026-07-11T11:11:04,917 [zio-default-async-5] DEBUG a.f.a.t.b.t.TransitionExecutorImpl - Translating to SMT
2026-07-11T11:11:04,934 [zio-default-async-5] DEBUG a.f.a.t.b.SeqModelChecker - Step 9: Transition #18. Is it enabled?
2026-07-11T11:11:08,693 [zio-default-async-5] DEBUG a.f.a.t.b.SeqModelChecker - Step 9: Transition #18 is enabled
2026-07-11T11:11:08,694 [zio-default-async-5] INFO  a.f.a.t.b.SeqModelChecker - State 9: Checking 1 state invariants
2026-07-11T11:11:08,694 [zio-default-async-5] DEBUG a.f.a.t.b.SeqModelChecker - State 9: Checking state invariant 0
2026-07-11T11:11:09,709 [zio-default-async-5] INFO  a.f.a.t.b.SeqModelChecker - State 9: state invariant 0 holds.
2026-07-11T11:11:09,720 [zio-default-async-5] DEBUG a.f.a.t.b.t.TransitionExecutorImpl - Step #9, transition #19
2026-07-11T11:11:09,721 [zio-default-async-5] DEBUG a.f.a.t.b.t.TransitionExecutorImpl - Translating to SMT
2026-07-11T11:11:09,741 [zio-default-async-5] DEBUG a.f.a.t.b.SeqModelChecker - Step 9: Transition #19. Is it enabled?
2026-07-11T11:11:12,082 [zio-default-async-5] DEBUG a.f.a.t.b.SeqModelChecker - Step 9: Transition #19 is enabled
2026-07-11T11:11:12,084 [zio-default-async-5] INFO  a.f.a.t.b.SeqModelChecker - State 9: Checking 1 state invariants
2026-07-11T11:11:12,084 [zio-default-async-5] DEBUG a.f.a.t.b.SeqModelChecker - State 9: Checking state invariant 0
2026-07-11T11:11:12,107 [zio-default-async-5] INFO  a.f.a.t.b.SeqModelChecker - State 9: state invariant 0 holds.
2026-07-11T11:11:12,115 [zio-default-async-5] DEBUG a.f.a.t.b.t.TransitionExecutorImpl - Step #9, transition #20
2026-07-11T11:11:12,116 [zio-default-async-5] DEBUG a.f.a.t.b.t.TransitionExecutorImpl - Translating to SMT
2026-07-11T11:11:12,128 [zio-default-async-5] DEBUG a.f.a.t.b.SeqModelChecker - Step 9: Transition #20. Is it enabled?
2026-07-11T11:11:14,186 [zio-default-async-5] DEBUG a.f.a.t.b.SeqModelChecker - Step 9: Transition #20 is enabled
2026-07-11T11:11:14,188 [zio-default-async-5] INFO  a.f.a.t.b.SeqModelChecker - State 9: Checking 1 state invariants
2026-07-11T11:11:14,188 [zio-default-async-5] DEBUG a.f.a.t.b.SeqModelChecker - State 9: Checking state invariant 0
2026-07-11T11:11:21,237 [zio-default-async-5] INFO  a.f.a.t.b.SeqModelChecker - State 9: state invariant 0 holds.
2026-07-11T11:11:21,252 [zio-default-async-5] DEBUG a.f.a.t.b.t.TransitionExecutorImpl - Step #9, transition #21
2026-07-11T11:11:21,253 [zio-default-async-5] DEBUG a.f.a.t.b.t.TransitionExecutorImpl - Translating to SMT
2026-07-11T11:11:21,263 [zio-default-async-5] DEBUG a.f.a.t.b.SeqModelChecker - Step 9: Transition #21. Is it enabled?
2026-07-11T11:11:22,980 [zio-default-async-5] DEBUG a.f.a.t.b.SeqModelChecker - Step 9: Transition #21 is enabled
2026-07-11T11:11:22,981 [zio-default-async-5] INFO  a.f.a.t.b.SeqModelChecker - State 9: Checking 1 state invariants
2026-07-11T11:11:22,982 [zio-default-async-5] DEBUG a.f.a.t.b.SeqModelChecker - State 9: Checking state invariant 0
2026-07-11T11:11:25,597 [zio-default-async-5] INFO  a.f.a.t.b.SeqModelChecker - State 9: state invariant 0 holds.
2026-07-11T11:11:25,609 [zio-default-async-5] INFO  a.f.a.t.b.t.TransitionExecutorImpl - Step 9: picking a transition out of 22 transition(s)
2026-07-11T11:11:25,802 [zio-default-async-5] DEBUG a.f.a.t.b.t.TransitionExecutorImpl - Step #10, transition #0
2026-07-11T11:11:25,803 [zio-default-async-5] DEBUG a.f.a.t.b.t.TransitionExecutorImpl - Translating to SMT
2026-07-11T11:11:25,814 [zio-default-async-5] DEBUG a.f.a.t.b.SeqModelChecker - Step 10: Transition #0. Is it enabled?
2026-07-11T11:11:27,958 [zio-default-async-5] DEBUG a.f.a.t.b.SeqModelChecker - Step 10: Transition #0 is enabled
2026-07-11T11:11:27,958 [zio-default-async-5] INFO  a.f.a.t.b.SeqModelChecker - State 10: Checking 1 state invariants
2026-07-11T11:11:27,959 [zio-default-async-5] DEBUG a.f.a.t.b.SeqModelChecker - State 10: Checking state invariant 0
2026-07-11T11:11:28,451 [zio-default-async-5] INFO  a.f.a.t.b.SeqModelChecker - State 10: state invariant 0 holds.
2026-07-11T11:11:28,457 [zio-default-async-5] DEBUG a.f.a.t.b.t.TransitionExecutorImpl - Step #10, transition #1
2026-07-11T11:11:28,457 [zio-default-async-5] DEBUG a.f.a.t.b.t.TransitionExecutorImpl - Translating to SMT
2026-07-11T11:11:28,462 [zio-default-async-5] DEBUG a.f.a.t.b.SeqModelChecker - Step 10: Transition #1. Is it enabled?
2026-07-11T11:11:29,427 [zio-default-async-5] DEBUG a.f.a.t.b.SeqModelChecker - Step 10: Transition #1 is enabled
2026-07-11T11:11:29,428 [zio-default-async-5] INFO  a.f.a.t.b.SeqModelChecker - State 10: Checking 1 state invariants
2026-07-11T11:11:29,428 [zio-default-async-5] DEBUG a.f.a.t.b.SeqModelChecker - State 10: Checking state invariant 0
2026-07-11T11:11:29,438 [zio-default-async-5] INFO  a.f.a.t.b.SeqModelChecker - State 10: state invariant 0 holds.
2026-07-11T11:11:29,443 [zio-default-async-5] DEBUG a.f.a.t.b.t.TransitionExecutorImpl - Step #10, transition #2
2026-07-11T11:11:29,443 [zio-default-async-5] DEBUG a.f.a.t.b.t.TransitionExecutorImpl - Translating to SMT
2026-07-11T11:11:29,449 [zio-default-async-5] DEBUG a.f.a.t.b.SeqModelChecker - Step 10: Transition #2. Is it enabled?
2026-07-11T11:11:29,491 [zio-default-async-5] DEBUG a.f.a.t.b.SeqModelChecker - Step 10: Transition #2 is enabled
2026-07-11T11:11:29,491 [zio-default-async-5] INFO  a.f.a.t.b.SeqModelChecker - State 10: Checking 1 state invariants
2026-07-11T11:11:29,491 [zio-default-async-5] DEBUG a.f.a.t.b.SeqModelChecker - State 10: Checking state invariant 0
2026-07-11T11:11:29,866 [zio-default-async-5] INFO  a.f.a.t.b.SeqModelChecker - State 10: state invariant 0 holds.
2026-07-11T11:11:29,870 [zio-default-async-5] DEBUG a.f.a.t.b.t.TransitionExecutorImpl - Step #10, transition #3
2026-07-11T11:11:29,870 [zio-default-async-5] DEBUG a.f.a.t.b.t.TransitionExecutorImpl - Translating to SMT
2026-07-11T11:11:29,886 [zio-default-async-5] DEBUG a.f.a.t.b.SeqModelChecker - Step 10: Transition #3. Is it enabled?
2026-07-11T11:11:31,278 [zio-default-async-5] DEBUG a.f.a.t.b.SeqModelChecker - Step 10: Transition #3 is enabled
2026-07-11T11:11:31,278 [zio-default-async-5] INFO  a.f.a.t.b.SeqModelChecker - State 10: Checking 1 state invariants
2026-07-11T11:11:31,278 [zio-default-async-5] DEBUG a.f.a.t.b.SeqModelChecker - State 10: Checking state invariant 0
2026-07-11T11:11:31,289 [zio-default-async-5] INFO  a.f.a.t.b.SeqModelChecker - State 10: state invariant 0 holds.
2026-07-11T11:11:31,294 [zio-default-async-5] DEBUG a.f.a.t.b.t.TransitionExecutorImpl - Step #10, transition #4
2026-07-11T11:11:31,294 [zio-default-async-5] DEBUG a.f.a.t.b.t.TransitionExecutorImpl - Translating to SMT
2026-07-11T11:11:31,316 [zio-default-async-5] DEBUG a.f.a.t.b.SeqModelChecker - Step 10: Transition #4. Is it enabled?
2026-07-11T11:11:33,566 [zio-default-async-5] DEBUG a.f.a.t.b.SeqModelChecker - Step 10: Transition #4 is enabled
2026-07-11T11:11:33,567 [zio-default-async-5] INFO  a.f.a.t.b.SeqModelChecker - State 10: Checking 1 state invariants
2026-07-11T11:11:33,567 [zio-default-async-5] DEBUG a.f.a.t.b.SeqModelChecker - State 10: Checking state invariant 0
2026-07-11T11:11:34,500 [zio-default-async-5] INFO  a.f.a.t.b.SeqModelChecker - State 10: state invariant 0 holds.
2026-07-11T11:11:34,506 [zio-default-async-5] DEBUG a.f.a.t.b.t.TransitionExecutorImpl - Step #10, transition #5
2026-07-11T11:11:34,506 [zio-default-async-5] DEBUG a.f.a.t.b.t.TransitionExecutorImpl - Translating to SMT
2026-07-11T11:11:34,526 [zio-default-async-5] DEBUG a.f.a.t.b.SeqModelChecker - Step 10: Transition #5. Is it enabled?
2026-07-11T11:11:37,460 [zio-default-async-5] DEBUG a.f.a.t.b.SeqModelChecker - Step 10: Transition #5 is enabled
2026-07-11T11:11:37,460 [zio-default-async-5] INFO  a.f.a.t.b.SeqModelChecker - State 10: Checking 1 state invariants
2026-07-11T11:11:37,460 [zio-default-async-5] DEBUG a.f.a.t.b.SeqModelChecker - State 10: Checking state invariant 0
2026-07-11T11:11:37,489 [zio-default-async-5] INFO  a.f.a.t.b.SeqModelChecker - State 10: state invariant 0 holds.
2026-07-11T11:11:37,494 [zio-default-async-5] DEBUG a.f.a.t.b.t.TransitionExecutorImpl - Step #10, transition #6
2026-07-11T11:11:37,494 [zio-default-async-5] DEBUG a.f.a.t.b.t.TransitionExecutorImpl - Translating to SMT
2026-07-11T11:11:37,511 [zio-default-async-5] DEBUG a.f.a.t.b.SeqModelChecker - Step 10: Transition #6. Is it enabled?
2026-07-11T11:11:38,200 [zio-default-async-5] DEBUG a.f.a.t.b.SeqModelChecker - Step 10: Transition #6 is enabled
2026-07-11T11:11:38,201 [zio-default-async-5] INFO  a.f.a.t.b.SeqModelChecker - State 10: Checking 1 state invariants
2026-07-11T11:11:38,201 [zio-default-async-5] DEBUG a.f.a.t.b.SeqModelChecker - State 10: Checking state invariant 0
2026-07-11T11:11:40,491 [zio-default-async-5] INFO  a.f.a.t.b.SeqModelChecker - State 10: state invariant 0 holds.
2026-07-11T11:11:40,497 [zio-default-async-5] DEBUG a.f.a.t.b.t.TransitionExecutorImpl - Step #10, transition #7
2026-07-11T11:11:40,497 [zio-default-async-5] DEBUG a.f.a.t.b.t.TransitionExecutorImpl - Translating to SMT
2026-07-11T11:11:40,514 [zio-default-async-5] DEBUG a.f.a.t.b.SeqModelChecker - Step 10: Transition #7. Is it enabled?
2026-07-11T11:11:41,933 [zio-default-async-5] DEBUG a.f.a.t.b.SeqModelChecker - Step 10: Transition #7 is enabled
2026-07-11T11:11:41,933 [zio-default-async-5] INFO  a.f.a.t.b.SeqModelChecker - State 10: Checking 1 state invariants
2026-07-11T11:11:41,933 [zio-default-async-5] DEBUG a.f.a.t.b.SeqModelChecker - State 10: Checking state invariant 0
2026-07-11T11:11:43,004 [zio-default-async-5] INFO  a.f.a.t.b.SeqModelChecker - State 10: state invariant 0 holds.
2026-07-11T11:11:43,009 [zio-default-async-5] DEBUG a.f.a.t.b.t.TransitionExecutorImpl - Step #10, transition #8
2026-07-11T11:11:43,009 [zio-default-async-5] DEBUG a.f.a.t.b.t.TransitionExecutorImpl - Translating to SMT
2026-07-11T11:11:43,029 [zio-default-async-5] DEBUG a.f.a.t.b.SeqModelChecker - Step 10: Transition #8. Is it enabled?
2026-07-11T11:11:45,092 [zio-default-async-5] DEBUG a.f.a.t.b.SeqModelChecker - Step 10: Transition #8 is enabled
2026-07-11T11:11:45,093 [zio-default-async-5] INFO  a.f.a.t.b.SeqModelChecker - State 10: Checking 1 state invariants
2026-07-11T11:11:45,093 [zio-default-async-5] DEBUG a.f.a.t.b.SeqModelChecker - State 10: Checking state invariant 0
2026-07-11T11:11:49,027 [zio-default-async-5] INFO  a.f.a.t.b.SeqModelChecker - State 10: state invariant 0 holds.
2026-07-11T11:11:49,034 [zio-default-async-5] DEBUG a.f.a.t.b.t.TransitionExecutorImpl - Step #10, transition #9
2026-07-11T11:11:49,034 [zio-default-async-5] DEBUG a.f.a.t.b.t.TransitionExecutorImpl - Translating to SMT
2026-07-11T11:11:49,054 [zio-default-async-5] DEBUG a.f.a.t.b.SeqModelChecker - Step 10: Transition #9. Is it enabled?
2026-07-11T11:11:54,241 [zio-default-async-5] DEBUG a.f.a.t.b.SeqModelChecker - Step 10: Transition #9 is enabled
2026-07-11T11:11:54,241 [zio-default-async-5] INFO  a.f.a.t.b.SeqModelChecker - State 10: Checking 1 state invariants
2026-07-11T11:11:54,241 [zio-default-async-5] DEBUG a.f.a.t.b.SeqModelChecker - State 10: Checking state invariant 0
2026-07-11T11:11:54,680 [zio-default-async-5] INFO  a.f.a.t.b.SeqModelChecker - State 10: state invariant 0 holds.
2026-07-11T11:11:54,689 [zio-default-async-5] DEBUG a.f.a.t.b.t.TransitionExecutorImpl - Step #10, transition #10
2026-07-11T11:11:54,689 [zio-default-async-5] DEBUG a.f.a.t.b.t.TransitionExecutorImpl - Translating to SMT
2026-07-11T11:11:54,702 [zio-default-async-5] DEBUG a.f.a.t.b.SeqModelChecker - Step 10: Transition #10. Is it enabled?
2026-07-11T11:11:56,057 [zio-default-async-5] DEBUG a.f.a.t.b.SeqModelChecker - Step 10: Transition #10 is enabled
2026-07-11T11:11:56,058 [zio-default-async-5] INFO  a.f.a.t.b.SeqModelChecker - State 10: Checking 1 state invariants
2026-07-11T11:11:56,058 [zio-default-async-5] DEBUG a.f.a.t.b.SeqModelChecker - State 10: Checking state invariant 0
2026-07-11T11:12:00,342 [zio-default-async-5] INFO  a.f.a.t.b.SeqModelChecker - State 10: state invariant 0 holds.
2026-07-11T11:12:00,349 [zio-default-async-5] DEBUG a.f.a.t.b.t.TransitionExecutorImpl - Step #10, transition #11
2026-07-11T11:12:00,349 [zio-default-async-5] DEBUG a.f.a.t.b.t.TransitionExecutorImpl - Translating to SMT
2026-07-11T11:12:00,361 [zio-default-async-5] DEBUG a.f.a.t.b.SeqModelChecker - Step 10: Transition #11. Is it enabled?
2026-07-11T11:12:02,662 [zio-default-async-5] DEBUG a.f.a.t.b.SeqModelChecker - Step 10: Transition #11 is enabled
2026-07-11T11:12:02,663 [zio-default-async-5] INFO  a.f.a.t.b.SeqModelChecker - State 10: Checking 1 state invariants
2026-07-11T11:12:02,663 [zio-default-async-5] DEBUG a.f.a.t.b.SeqModelChecker - State 10: Checking state invariant 0
2026-07-11T11:12:04,967 [zio-default-async-5] INFO  a.f.a.t.b.SeqModelChecker - State 10: state invariant 0 holds.
2026-07-11T11:12:04,974 [zio-default-async-5] DEBUG a.f.a.t.b.t.TransitionExecutorImpl - Step #10, transition #12
2026-07-11T11:12:04,974 [zio-default-async-5] DEBUG a.f.a.t.b.t.TransitionExecutorImpl - Translating to SMT
2026-07-11T11:12:04,988 [zio-default-async-5] DEBUG a.f.a.t.b.SeqModelChecker - Step 10: Transition #12. Is it enabled?
2026-07-11T11:12:07,862 [zio-default-async-5] DEBUG a.f.a.t.b.SeqModelChecker - Step 10: Transition #12 is enabled
2026-07-11T11:12:07,862 [zio-default-async-5] INFO  a.f.a.t.b.SeqModelChecker - State 10: Checking 1 state invariants
2026-07-11T11:12:07,862 [zio-default-async-5] DEBUG a.f.a.t.b.SeqModelChecker - State 10: Checking state invariant 0
2026-07-11T11:12:08,800 [zio-default-async-5] INFO  a.f.a.t.b.SeqModelChecker - State 10: state invariant 0 holds.
2026-07-11T11:12:08,811 [zio-default-async-5] DEBUG a.f.a.t.b.t.TransitionExecutorImpl - Step #10, transition #13
2026-07-11T11:12:08,812 [zio-default-async-5] DEBUG a.f.a.t.b.t.TransitionExecutorImpl - Translating to SMT
2026-07-11T11:12:08,826 [zio-default-async-5] DEBUG a.f.a.t.b.SeqModelChecker - Step 10: Transition #13. Is it enabled?
2026-07-11T11:12:10,751 [zio-default-async-5] DEBUG a.f.a.t.b.SeqModelChecker - Step 10: Transition #13 is enabled
2026-07-11T11:12:10,751 [zio-default-async-5] INFO  a.f.a.t.b.SeqModelChecker - State 10: Checking 1 state invariants
2026-07-11T11:12:10,751 [zio-default-async-5] DEBUG a.f.a.t.b.SeqModelChecker - State 10: Checking state invariant 0
2026-07-11T11:12:10,852 [zio-default-async-5] INFO  a.f.a.t.b.SeqModelChecker - State 10: state invariant 0 holds.
2026-07-11T11:12:10,858 [zio-default-async-5] DEBUG a.f.a.t.b.t.TransitionExecutorImpl - Step #10, transition #14
2026-07-11T11:12:10,858 [zio-default-async-5] DEBUG a.f.a.t.b.t.TransitionExecutorImpl - Translating to SMT
2026-07-11T11:12:10,865 [zio-default-async-5] DEBUG a.f.a.t.b.SeqModelChecker - Step 10: Transition #14. Is it enabled?
2026-07-11T11:12:12,356 [zio-default-async-5] DEBUG a.f.a.t.b.SeqModelChecker - Step 10: Transition #14 is enabled
2026-07-11T11:12:12,356 [zio-default-async-5] INFO  a.f.a.t.b.SeqModelChecker - State 10: Checking 1 state invariants
2026-07-11T11:12:12,356 [zio-default-async-5] DEBUG a.f.a.t.b.SeqModelChecker - State 10: Checking state invariant 0
2026-07-11T11:12:13,182 [zio-default-async-5] INFO  a.f.a.t.b.SeqModelChecker - State 10: state invariant 0 holds.
2026-07-11T11:12:13,188 [zio-default-async-5] DEBUG a.f.a.t.b.t.TransitionExecutorImpl - Step #10, transition #15
2026-07-11T11:12:13,188 [zio-default-async-5] DEBUG a.f.a.t.b.t.TransitionExecutorImpl - Translating to SMT
2026-07-11T11:12:13,195 [zio-default-async-5] DEBUG a.f.a.t.b.SeqModelChecker - Step 10: Transition #15. Is it enabled?
2026-07-11T11:12:15,459 [zio-default-async-5] DEBUG a.f.a.t.b.SeqModelChecker - Step 10: Transition #15 is enabled
2026-07-11T11:12:15,459 [zio-default-async-5] INFO  a.f.a.t.b.SeqModelChecker - State 10: Checking 1 state invariants
2026-07-11T11:12:15,459 [zio-default-async-5] DEBUG a.f.a.t.b.SeqModelChecker - State 10: Checking state invariant 0
2026-07-11T11:12:15,471 [zio-default-async-5] INFO  a.f.a.t.b.SeqModelChecker - State 10: state invariant 0 holds.
2026-07-11T11:12:15,476 [zio-default-async-5] DEBUG a.f.a.t.b.t.TransitionExecutorImpl - Step #10, transition #16
2026-07-11T11:12:15,476 [zio-default-async-5] DEBUG a.f.a.t.b.t.TransitionExecutorImpl - Translating to SMT
2026-07-11T11:12:15,482 [zio-default-async-5] DEBUG a.f.a.t.b.SeqModelChecker - Step 10: Transition #16. Is it enabled?
2026-07-11T11:12:15,531 [zio-default-async-5] DEBUG a.f.a.t.b.SeqModelChecker - Step 10: Transition #16 is enabled
2026-07-11T11:12:15,532 [zio-default-async-5] INFO  a.f.a.t.b.SeqModelChecker - State 10: Checking 1 state invariants
2026-07-11T11:12:15,532 [zio-default-async-5] DEBUG a.f.a.t.b.SeqModelChecker - State 10: Checking state invariant 0
2026-07-11T11:12:21,077 [zio-default-async-5] INFO  a.f.a.t.b.SeqModelChecker - State 10: state invariant 0 holds.
2026-07-11T11:12:21,083 [zio-default-async-5] DEBUG a.f.a.t.b.t.TransitionExecutorImpl - Step #10, transition #17
2026-07-11T11:12:21,083 [zio-default-async-5] DEBUG a.f.a.t.b.t.TransitionExecutorImpl - Translating to SMT
2026-07-11T11:12:21,096 [zio-default-async-5] DEBUG a.f.a.t.b.SeqModelChecker - Step 10: Transition #17. Is it enabled?
2026-07-11T11:12:23,936 [zio-default-async-5] DEBUG a.f.a.t.b.SeqModelChecker - Step 10: Transition #17 is enabled
2026-07-11T11:12:23,936 [zio-default-async-5] INFO  a.f.a.t.b.SeqModelChecker - State 10: Checking 1 state invariants
2026-07-11T11:12:23,936 [zio-default-async-5] DEBUG a.f.a.t.b.SeqModelChecker - State 10: Checking state invariant 0
2026-07-11T11:12:26,931 [zio-default-async-5] INFO  a.f.a.t.b.SeqModelChecker - State 10: state invariant 0 holds.
2026-07-11T11:12:26,938 [zio-default-async-5] DEBUG a.f.a.t.b.t.TransitionExecutorImpl - Step #10, transition #18
2026-07-11T11:12:26,938 [zio-default-async-5] DEBUG a.f.a.t.b.t.TransitionExecutorImpl - Translating to SMT
2026-07-11T11:12:26,946 [zio-default-async-5] DEBUG a.f.a.t.b.SeqModelChecker - Step 10: Transition #18. Is it enabled?
2026-07-11T11:12:28,701 [zio-default-async-5] DEBUG a.f.a.t.b.SeqModelChecker - Step 10: Transition #18 is enabled
2026-07-11T11:12:28,701 [zio-default-async-5] INFO  a.f.a.t.b.SeqModelChecker - State 10: Checking 1 state invariants
2026-07-11T11:12:28,701 [zio-default-async-5] DEBUG a.f.a.t.b.SeqModelChecker - State 10: Checking state invariant 0
2026-07-11T11:12:29,220 [zio-default-async-5] INFO  a.f.a.t.b.SeqModelChecker - State 10: state invariant 0 holds.
2026-07-11T11:12:29,225 [zio-default-async-5] DEBUG a.f.a.t.b.t.TransitionExecutorImpl - Step #10, transition #19
2026-07-11T11:12:29,226 [zio-default-async-5] DEBUG a.f.a.t.b.t.TransitionExecutorImpl - Translating to SMT
2026-07-11T11:12:29,235 [zio-default-async-5] DEBUG a.f.a.t.b.SeqModelChecker - Step 10: Transition #19. Is it enabled?
2026-07-11T11:12:30,618 [zio-default-async-5] DEBUG a.f.a.t.b.SeqModelChecker - Step 10: Transition #19 is enabled
2026-07-11T11:12:30,618 [zio-default-async-5] INFO  a.f.a.t.b.SeqModelChecker - State 10: Checking 1 state invariants
2026-07-11T11:12:30,619 [zio-default-async-5] DEBUG a.f.a.t.b.SeqModelChecker - State 10: Checking state invariant 0
2026-07-11T11:12:30,634 [zio-default-async-5] INFO  a.f.a.t.b.SeqModelChecker - State 10: state invariant 0 holds.
2026-07-11T11:12:30,639 [zio-default-async-5] DEBUG a.f.a.t.b.t.TransitionExecutorImpl - Step #10, transition #20
2026-07-11T11:12:30,639 [zio-default-async-5] DEBUG a.f.a.t.b.t.TransitionExecutorImpl - Translating to SMT
2026-07-11T11:12:30,644 [zio-default-async-5] DEBUG a.f.a.t.b.SeqModelChecker - Step 10: Transition #20. Is it enabled?
2026-07-11T11:12:34,410 [zio-default-async-5] DEBUG a.f.a.t.b.SeqModelChecker - Step 10: Transition #20 is enabled
2026-07-11T11:12:34,411 [zio-default-async-5] INFO  a.f.a.t.b.SeqModelChecker - State 10: Checking 1 state invariants
2026-07-11T11:12:34,412 [zio-default-async-5] DEBUG a.f.a.t.b.SeqModelChecker - State 10: Checking state invariant 0
2026-07-11T11:12:44,982 [zio-default-async-5] INFO  a.f.a.t.b.SeqModelChecker - State 10: state invariant 0 holds.
2026-07-11T11:12:44,996 [zio-default-async-5] DEBUG a.f.a.t.b.t.TransitionExecutorImpl - Step #10, transition #21
2026-07-11T11:12:44,997 [zio-default-async-5] DEBUG a.f.a.t.b.t.TransitionExecutorImpl - Translating to SMT
2026-07-11T11:12:45,008 [zio-default-async-5] DEBUG a.f.a.t.b.SeqModelChecker - Step 10: Transition #21. Is it enabled?
2026-07-11T11:12:47,285 [zio-default-async-5] DEBUG a.f.a.t.b.SeqModelChecker - Step 10: Transition #21 is enabled
2026-07-11T11:12:47,285 [zio-default-async-5] INFO  a.f.a.t.b.SeqModelChecker - State 10: Checking 1 state invariants
2026-07-11T11:12:47,286 [zio-default-async-5] DEBUG a.f.a.t.b.SeqModelChecker - State 10: Checking state invariant 0
2026-07-11T11:12:49,321 [zio-default-async-5] INFO  a.f.a.t.b.SeqModelChecker - State 10: state invariant 0 holds.
2026-07-11T11:12:49,327 [zio-default-async-5] INFO  a.f.a.t.b.t.TransitionExecutorImpl - Step 10: picking a transition out of 22 transition(s)
2026-07-11T11:12:49,403 [zio-default-async-5] DEBUG a.f.a.t.b.s.Z3SolverContext - Disposing Z3 solver context 0
2026-07-11T11:12:49,465 [zio-default-async-5] INFO  a.f.a.t.b.p.BoundedCheckerPassImpl - The outcome is: NoError
2026-07-11T11:12:49,466 [zio-default-async-5] DEBUG a.f.a.i.p.PassChainExecutor - PASS #13: BoundedChecker [OK]
