2026-07-11T11:30:50,662 [main] INFO  a.f.a.t.Tool$ - # APALACHE version: 0.56.1 | build: 70cdaf4
2026-07-11T11:30:50,672 [main] INFO  a.f.a.t.t.o.ServerCmd - Starting checker server on port 8822...
2026-07-11T11:30:53,567 [zio-default-async-5] INFO  a.f.a.i.p.PassChainExecutor - PASS #0: SanyParser
2026-07-11T11:30:54,152 [zio-default-async-5] DEBUG a.f.a.i.p.PassChainExecutor - PASS #0: SanyParser [OK]
2026-07-11T11:30:54,152 [zio-default-async-5] INFO  a.f.a.i.p.PassChainExecutor - PASS #1: TypeCheckerSnowcat
2026-07-11T11:30:54,152 [zio-default-async-5] INFO  a.f.a.t.p.t.EtcTypeCheckerPassImpl -  > Running Snowcat .::.
2026-07-11T11:30:58,935 [zio-default-async-5] INFO  a.f.a.t.p.t.EtcTypeCheckerPassImpl -  > Your types are purrfect!
2026-07-11T11:30:58,935 [zio-default-async-5] INFO  a.f.a.t.p.t.EtcTypeCheckerPassImpl -  > All expressions are typed
2026-07-11T11:30:58,935 [zio-default-async-5] DEBUG a.f.a.i.p.PassChainExecutor - PASS #1: TypeCheckerSnowcat [OK]
2026-07-11T11:30:58,936 [zio-default-async-5] INFO  a.f.a.i.p.PassChainExecutor - PASS #2: ConfigurationPass
2026-07-11T11:30:58,941 [zio-default-async-5] INFO  a.f.a.t.p.p.ConfigurationPassImpl -   > Set the initialization predicate to q::init
2026-07-11T11:30:58,942 [zio-default-async-5] INFO  a.f.a.t.p.p.ConfigurationPassImpl -   > Set the transition predicate to q::step
2026-07-11T11:30:58,942 [zio-default-async-5] INFO  a.f.a.t.p.p.ConfigurationPassImpl -   > Set an invariant to q::inv
2026-07-11T11:30:58,951 [zio-default-async-5] DEBUG a.f.a.i.p.PassChainExecutor - PASS #2: ConfigurationPass [OK]
2026-07-11T11:30:58,951 [zio-default-async-5] INFO  a.f.a.i.p.PassChainExecutor - PASS #3: DesugarerPass
2026-07-11T11:30:58,951 [zio-default-async-5] INFO  a.f.a.t.p.p.DesugarerPassImpl -   > Desugaring...
2026-07-11T11:30:58,975 [zio-default-async-5] DEBUG a.f.a.i.p.PassChainExecutor - PASS #3: DesugarerPass [OK]
2026-07-11T11:30:58,975 [zio-default-async-5] INFO  a.f.a.i.p.PassChainExecutor - PASS #4: InlinePass
2026-07-11T11:30:58,976 [zio-default-async-5] INFO  a.f.a.t.p.p.InlinePassImpl - Leaving only relevant operators: CInitPrimed, q::init, q::initPrimed, q::inv, q::step
2026-07-11T11:30:59,070 [zio-default-async-5] DEBUG a.f.a.i.p.PassChainExecutor - PASS #4: InlinePass [OK]
2026-07-11T11:30:59,070 [zio-default-async-5] INFO  a.f.a.i.p.PassChainExecutor - PASS #5: TemporalPass
2026-07-11T11:30:59,070 [zio-default-async-5] INFO  a.f.a.t.p.p.TemporalPassImpl -   > Rewriting temporal operators...
2026-07-11T11:30:59,070 [zio-default-async-5] INFO  a.f.a.t.p.p.TemporalPassImpl -   > No temporal property specified, nothing to encode
2026-07-11T11:30:59,071 [zio-default-async-5] DEBUG a.f.a.i.p.PassChainExecutor - PASS #5: TemporalPass [OK]
2026-07-11T11:30:59,071 [zio-default-async-5] INFO  a.f.a.i.p.PassChainExecutor - PASS #6: InlinePass
2026-07-11T11:30:59,071 [zio-default-async-5] INFO  a.f.a.t.p.p.InlinePassImpl - Leaving only relevant operators: CInitPrimed, q::init, q::initPrimed, q::inv, q::step
2026-07-11T11:30:59,088 [zio-default-async-5] DEBUG a.f.a.i.p.PassChainExecutor - PASS #6: InlinePass [OK]
2026-07-11T11:30:59,088 [zio-default-async-5] INFO  a.f.a.i.p.PassChainExecutor - PASS #7: PrimingPass
2026-07-11T11:30:59,091 [zio-default-async-5] INFO  a.f.a.t.p.a.PrimingPassImpl -   > Introducing q::initPrimed for q::init'
2026-07-11T11:30:59,093 [zio-default-async-5] DEBUG a.f.a.i.p.PassChainExecutor - PASS #7: PrimingPass [OK]
2026-07-11T11:30:59,093 [zio-default-async-5] INFO  a.f.a.i.p.PassChainExecutor - PASS #8: VCGen
2026-07-11T11:30:59,094 [zio-default-async-5] INFO  a.f.a.t.b.p.VCGenPassImpl -   > Producing verification conditions from the invariant q::inv
2026-07-11T11:30:59,103 [zio-default-async-5] INFO  a.f.a.t.b.VCGenerator -   > VCGen produced 4 verification condition(s)
2026-07-11T11:30:59,105 [zio-default-async-5] DEBUG a.f.a.i.p.PassChainExecutor - PASS #8: VCGen [OK]
2026-07-11T11:30:59,106 [zio-default-async-5] INFO  a.f.a.i.p.PassChainExecutor - PASS #9: PreprocessingPass
2026-07-11T11:30:59,106 [zio-default-async-5] INFO  a.f.a.t.p.p.PreproPassImpl -   > Before preprocessing: unique renaming
2026-07-11T11:30:59,114 [zio-default-async-5] INFO  a.f.a.t.p.p.PreproPassImpl -  > Applying standard transformations:
2026-07-11T11:30:59,115 [zio-default-async-5] INFO  a.f.a.t.p.p.PreproPassImpl -   > PrimePropagation
2026-07-11T11:30:59,118 [zio-default-async-5] INFO  a.f.a.t.p.p.PreproPassImpl -   > Desugarer
2026-07-11T11:30:59,125 [zio-default-async-5] INFO  a.f.a.t.p.p.PreproPassImpl -   > UniqueRenamer
2026-07-11T11:30:59,138 [zio-default-async-5] INFO  a.f.a.t.p.p.PreproPassImpl -   > Normalizer
2026-07-11T11:30:59,149 [zio-default-async-5] INFO  a.f.a.t.p.p.PreproPassImpl -   > Keramelizer
2026-07-11T11:30:59,181 [zio-default-async-5] INFO  a.f.a.t.p.p.PreproPassImpl -   > After preprocessing: UniqueRenamer
2026-07-11T11:30:59,191 [zio-default-async-5] DEBUG a.f.a.i.p.PassChainExecutor - PASS #9: PreprocessingPass [OK]
2026-07-11T11:30:59,191 [zio-default-async-5] INFO  a.f.a.i.p.PassChainExecutor - PASS #10: TransitionFinderPass
2026-07-11T11:30:59,209 [zio-default-async-5] INFO  a.f.a.t.p.a.TransitionPassImpl -   > Found 1 initializing transitions
2026-07-11T11:30:59,234 [zio-default-async-5] INFO  a.f.a.t.p.a.TransitionPassImpl -   > Found 11 transitions
2026-07-11T11:30:59,235 [zio-default-async-5] INFO  a.f.a.t.p.a.TransitionPassImpl -   > No constant initializer
2026-07-11T11:30:59,236 [zio-default-async-5] INFO  a.f.a.t.p.a.TransitionPassImpl -   > Applying unique renaming
2026-07-11T11:30:59,245 [zio-default-async-5] DEBUG a.f.a.i.p.PassChainExecutor - PASS #10: TransitionFinderPass [OK]
2026-07-11T11:30:59,245 [zio-default-async-5] INFO  a.f.a.i.p.PassChainExecutor - PASS #11: OptimizationPass
2026-07-11T11:30:59,251 [zio-default-async-5] INFO  a.f.a.t.p.p.OptPassImpl -  > Applying optimizations:
2026-07-11T11:30:59,252 [zio-default-async-5] INFO  a.f.a.t.p.p.OptPassImpl -   > ConstSimplifier
2026-07-11T11:30:59,271 [zio-default-async-5] INFO  a.f.a.t.p.p.OptPassImpl -   > ExprOptimizer
2026-07-11T11:30:59,280 [zio-default-async-5] INFO  a.f.a.t.p.p.OptPassImpl -   > SetMembershipSimplifier
2026-07-11T11:30:59,284 [zio-default-async-5] INFO  a.f.a.t.p.p.OptPassImpl -   > ConstSimplifier
2026-07-11T11:30:59,302 [zio-default-async-5] DEBUG a.f.a.i.p.PassChainExecutor - PASS #11: OptimizationPass [OK]
2026-07-11T11:30:59,302 [zio-default-async-5] INFO  a.f.a.i.p.PassChainExecutor - PASS #12: AnalysisPass
2026-07-11T11:30:59,305 [zio-default-async-5] INFO  a.f.a.t.b.p.AnalysisPassImpl -  > Marking skolemizable existentials and sets to be expanded...
2026-07-11T11:30:59,305 [zio-default-async-5] INFO  a.f.a.t.b.p.AnalysisPassImpl -   > Skolemization
2026-07-11T11:30:59,307 [zio-default-async-5] INFO  a.f.a.t.b.p.AnalysisPassImpl -   > Expansion
2026-07-11T11:30:59,314 [zio-default-async-5] INFO  a.f.a.t.b.p.AnalysisPassImpl -   > Remove unused let-in defs
2026-07-11T11:30:59,322 [zio-default-async-5] INFO  a.f.a.t.b.p.AnalysisPassImpl -  > Running analyzers...
2026-07-11T11:30:59,334 [zio-default-async-5] INFO  a.f.a.t.b.p.AnalysisPassImpl -   > Introduced expression grades
2026-07-11T11:30:59,334 [zio-default-async-5] DEBUG a.f.a.i.p.PassChainExecutor - PASS #12: AnalysisPass [OK]
2026-07-11T11:30:59,334 [zio-default-async-5] INFO  a.f.a.i.p.PassChainExecutor - PASS #13: BoundedChecker
2026-07-11T11:30:59,359 [zio-default-async-5] DEBUG a.f.a.t.b.s.Z3SolverContext - Creating Z3 solver context 0
2026-07-11T11:30:59,601 [zio-default-async-5] DEBUG a.f.a.t.b.t.TransitionExecutorImpl - Step #0, transition #0
2026-07-11T11:30:59,601 [zio-default-async-5] DEBUG a.f.a.t.b.t.TransitionExecutorImpl - Translating to SMT
2026-07-11T11:30:59,666 [zio-default-async-5] DEBUG a.f.a.t.b.SeqModelChecker - Step 0: Transition #0. Is it enabled?
2026-07-11T11:30:59,669 [zio-default-async-5] DEBUG a.f.a.t.b.SeqModelChecker - Step 0: Transition #0 is enabled
2026-07-11T11:30:59,670 [zio-default-async-5] INFO  a.f.a.t.b.SeqModelChecker - State 0: Checking 4 state invariants
2026-07-11T11:30:59,671 [zio-default-async-5] DEBUG a.f.a.t.b.SeqModelChecker - State 0: Checking state invariant 0
2026-07-11T11:30:59,671 [zio-default-async-5] INFO  a.f.a.t.b.SeqModelChecker - State 0: state invariant 0 holds.
2026-07-11T11:30:59,674 [zio-default-async-5] DEBUG a.f.a.t.b.SeqModelChecker - State 0: Checking state invariant 1
2026-07-11T11:30:59,697 [zio-default-async-5] INFO  a.f.a.t.b.SeqModelChecker - State 0: state invariant 1 holds.
2026-07-11T11:30:59,697 [zio-default-async-5] DEBUG a.f.a.t.b.SeqModelChecker - State 0: Checking state invariant 2
2026-07-11T11:30:59,712 [zio-default-async-5] INFO  a.f.a.t.b.SeqModelChecker - State 0: state invariant 2 holds.
2026-07-11T11:30:59,713 [zio-default-async-5] DEBUG a.f.a.t.b.SeqModelChecker - State 0: Checking state invariant 3
2026-07-11T11:30:59,722 [zio-default-async-5] INFO  a.f.a.t.b.SeqModelChecker - State 0: state invariant 3 holds.
2026-07-11T11:30:59,724 [zio-default-async-5] INFO  a.f.a.t.b.t.TransitionExecutorImpl - Step 0: picking a transition out of 1 transition(s)
2026-07-11T11:30:59,725 [zio-default-async-5] DEBUG a.f.a.t.b.t.TransitionExecutorImpl - Step #1, transition #0
2026-07-11T11:30:59,726 [zio-default-async-5] DEBUG a.f.a.t.b.t.TransitionExecutorImpl - Translating to SMT
2026-07-11T11:30:59,735 [zio-default-async-5] DEBUG a.f.a.t.b.SeqModelChecker - Step 1: Transition #0. Is it enabled?
2026-07-11T11:30:59,736 [zio-default-async-5] DEBUG a.f.a.t.b.SeqModelChecker - Step 1: Transition #0 is enabled
2026-07-11T11:30:59,737 [zio-default-async-5] DEBUG a.f.a.t.b.t.TransitionExecutorImpl - Step #1, transition #1
2026-07-11T11:30:59,737 [zio-default-async-5] DEBUG a.f.a.t.b.t.TransitionExecutorImpl - Translating to SMT
2026-07-11T11:30:59,749 [zio-default-async-5] DEBUG a.f.a.t.b.SeqModelChecker - Step 1: Transition #1. Is it enabled?
2026-07-11T11:30:59,750 [zio-default-async-5] INFO  a.f.a.t.b.SeqModelChecker - Step 1: Transition #1 is disabled
2026-07-11T11:30:59,751 [zio-default-async-5] DEBUG a.f.a.t.b.t.TransitionExecutorImpl - Step #1, transition #2
2026-07-11T11:30:59,751 [zio-default-async-5] DEBUG a.f.a.t.b.t.TransitionExecutorImpl - Translating to SMT
2026-07-11T11:30:59,772 [zio-default-async-5] DEBUG a.f.a.t.b.SeqModelChecker - Step 1: Transition #2. Is it enabled?
2026-07-11T11:30:59,773 [zio-default-async-5] INFO  a.f.a.t.b.SeqModelChecker - Step 1: Transition #2 is disabled
2026-07-11T11:30:59,773 [zio-default-async-5] DEBUG a.f.a.t.b.t.TransitionExecutorImpl - Step #1, transition #3
2026-07-11T11:30:59,774 [zio-default-async-5] DEBUG a.f.a.t.b.t.TransitionExecutorImpl - Translating to SMT
2026-07-11T11:30:59,780 [zio-default-async-5] DEBUG a.f.a.t.b.SeqModelChecker - Step 1: Transition #3. Is it enabled?
2026-07-11T11:30:59,781 [zio-default-async-5] INFO  a.f.a.t.b.SeqModelChecker - Step 1: Transition #3 is disabled
2026-07-11T11:30:59,781 [zio-default-async-5] DEBUG a.f.a.t.b.t.TransitionExecutorImpl - Step #1, transition #4
2026-07-11T11:30:59,782 [zio-default-async-5] DEBUG a.f.a.t.b.t.TransitionExecutorImpl - Translating to SMT
2026-07-11T11:30:59,824 [zio-default-async-5] DEBUG a.f.a.t.b.SeqModelChecker - Step 1: Transition #4. Is it enabled?
2026-07-11T11:30:59,826 [zio-default-async-5] INFO  a.f.a.t.b.SeqModelChecker - Step 1: Transition #4 is disabled
2026-07-11T11:30:59,828 [zio-default-async-5] DEBUG a.f.a.t.b.t.TransitionExecutorImpl - Step #1, transition #5
2026-07-11T11:30:59,828 [zio-default-async-5] DEBUG a.f.a.t.b.t.TransitionExecutorImpl - Translating to SMT
2026-07-11T11:30:59,896 [zio-default-async-5] DEBUG a.f.a.t.b.SeqModelChecker - Step 1: Transition #5. Is it enabled?
2026-07-11T11:30:59,900 [zio-default-async-5] INFO  a.f.a.t.b.SeqModelChecker - Step 1: Transition #5 is disabled
2026-07-11T11:30:59,901 [zio-default-async-5] DEBUG a.f.a.t.b.t.TransitionExecutorImpl - Step #1, transition #6
2026-07-11T11:30:59,901 [zio-default-async-5] DEBUG a.f.a.t.b.t.TransitionExecutorImpl - Translating to SMT
2026-07-11T11:30:59,941 [zio-default-async-5] DEBUG a.f.a.t.b.SeqModelChecker - Step 1: Transition #6. Is it enabled?
2026-07-11T11:30:59,946 [zio-default-async-5] INFO  a.f.a.t.b.SeqModelChecker - Step 1: Transition #6 is disabled
2026-07-11T11:30:59,947 [zio-default-async-5] DEBUG a.f.a.t.b.t.TransitionExecutorImpl - Step #1, transition #7
2026-07-11T11:30:59,947 [zio-default-async-5] DEBUG a.f.a.t.b.t.TransitionExecutorImpl - Translating to SMT
2026-07-11T11:30:59,997 [zio-default-async-5] DEBUG a.f.a.t.b.SeqModelChecker - Step 1: Transition #7. Is it enabled?
2026-07-11T11:31:00,001 [zio-default-async-5] DEBUG a.f.a.t.b.SeqModelChecker - Step 1: Transition #7 is enabled
2026-07-11T11:31:00,001 [zio-default-async-5] INFO  a.f.a.t.b.SeqModelChecker - State 1: Checking 2 state invariants
2026-07-11T11:31:00,002 [zio-default-async-5] DEBUG a.f.a.t.b.SeqModelChecker - State 1: Checking state invariant 1
2026-07-11T11:31:00,010 [zio-default-async-5] INFO  a.f.a.t.b.SeqModelChecker - State 1: state invariant 1 holds.
2026-07-11T11:31:00,012 [zio-default-async-5] DEBUG a.f.a.t.b.SeqModelChecker - State 1: Checking state invariant 2
2026-07-11T11:31:00,019 [zio-default-async-5] INFO  a.f.a.t.b.SeqModelChecker - State 1: state invariant 2 holds.
2026-07-11T11:31:00,021 [zio-default-async-5] DEBUG a.f.a.t.b.t.TransitionExecutorImpl - Step #1, transition #8
2026-07-11T11:31:00,021 [zio-default-async-5] DEBUG a.f.a.t.b.t.TransitionExecutorImpl - Translating to SMT
2026-07-11T11:31:00,045 [zio-default-async-5] DEBUG a.f.a.t.b.SeqModelChecker - Step 1: Transition #8. Is it enabled?
2026-07-11T11:31:00,046 [zio-default-async-5] INFO  a.f.a.t.b.SeqModelChecker - Step 1: Transition #8 is disabled
2026-07-11T11:31:00,048 [zio-default-async-5] DEBUG a.f.a.t.b.t.TransitionExecutorImpl - Step #1, transition #9
2026-07-11T11:31:00,048 [zio-default-async-5] DEBUG a.f.a.t.b.t.TransitionExecutorImpl - Translating to SMT
2026-07-11T11:31:00,060 [zio-default-async-5] DEBUG a.f.a.t.b.SeqModelChecker - Step 1: Transition #9. Is it enabled?
2026-07-11T11:31:00,063 [zio-default-async-5] INFO  a.f.a.t.b.SeqModelChecker - Step 1: Transition #9 is disabled
2026-07-11T11:31:00,064 [zio-default-async-5] DEBUG a.f.a.t.b.t.TransitionExecutorImpl - Step #1, transition #10
2026-07-11T11:31:00,065 [zio-default-async-5] DEBUG a.f.a.t.b.t.TransitionExecutorImpl - Translating to SMT
2026-07-11T11:31:00,071 [zio-default-async-5] DEBUG a.f.a.t.b.SeqModelChecker - Step 1: Transition #10. Is it enabled?
2026-07-11T11:31:00,073 [zio-default-async-5] INFO  a.f.a.t.b.SeqModelChecker - Step 1: Transition #10 is disabled
2026-07-11T11:31:00,074 [zio-default-async-5] INFO  a.f.a.t.b.t.TransitionExecutorImpl - Step 1: picking a transition out of 2 transition(s)
2026-07-11T11:31:00,095 [zio-default-async-5] DEBUG a.f.a.t.b.t.TransitionExecutorImpl - Step #2, transition #0
2026-07-11T11:31:00,095 [zio-default-async-5] DEBUG a.f.a.t.b.t.TransitionExecutorImpl - Translating to SMT
2026-07-11T11:31:00,098 [zio-default-async-5] DEBUG a.f.a.t.b.SeqModelChecker - Step 2: Transition #0. Is it enabled?
2026-07-11T11:31:00,099 [zio-default-async-5] DEBUG a.f.a.t.b.SeqModelChecker - Step 2: Transition #0 is enabled
2026-07-11T11:31:00,100 [zio-default-async-5] DEBUG a.f.a.t.b.t.TransitionExecutorImpl - Step #2, transition #1
2026-07-11T11:31:00,100 [zio-default-async-5] DEBUG a.f.a.t.b.t.TransitionExecutorImpl - Translating to SMT
2026-07-11T11:31:00,105 [zio-default-async-5] DEBUG a.f.a.t.b.SeqModelChecker - Step 2: Transition #1. Is it enabled?
2026-07-11T11:31:00,106 [zio-default-async-5] DEBUG a.f.a.t.b.SeqModelChecker - Step 2: Transition #1 is enabled
2026-07-11T11:31:00,107 [zio-default-async-5] DEBUG a.f.a.t.b.t.TransitionExecutorImpl - Step #2, transition #2
2026-07-11T11:31:00,107 [zio-default-async-5] DEBUG a.f.a.t.b.t.TransitionExecutorImpl - Translating to SMT
2026-07-11T11:31:00,116 [zio-default-async-5] DEBUG a.f.a.t.b.SeqModelChecker - Step 2: Transition #2. Is it enabled?
2026-07-11T11:31:00,118 [zio-default-async-5] DEBUG a.f.a.t.b.SeqModelChecker - Step 2: Transition #2 is enabled
2026-07-11T11:31:00,118 [zio-default-async-5] INFO  a.f.a.t.b.SeqModelChecker - State 2: Checking 1 state invariants
2026-07-11T11:31:00,118 [zio-default-async-5] DEBUG a.f.a.t.b.SeqModelChecker - State 2: Checking state invariant 3
2026-07-11T11:31:00,123 [zio-default-async-5] INFO  a.f.a.t.b.SeqModelChecker - State 2: state invariant 3 holds.
2026-07-11T11:31:00,125 [zio-default-async-5] DEBUG a.f.a.t.b.t.TransitionExecutorImpl - Step #2, transition #3
2026-07-11T11:31:00,125 [zio-default-async-5] DEBUG a.f.a.t.b.t.TransitionExecutorImpl - Translating to SMT
2026-07-11T11:31:00,129 [zio-default-async-5] DEBUG a.f.a.t.b.SeqModelChecker - Step 2: Transition #3. Is it enabled?
2026-07-11T11:31:00,131 [zio-default-async-5] INFO  a.f.a.t.b.SeqModelChecker - Step 2: Transition #3 is disabled
2026-07-11T11:31:00,132 [zio-default-async-5] DEBUG a.f.a.t.b.t.TransitionExecutorImpl - Step #2, transition #4
2026-07-11T11:31:00,132 [zio-default-async-5] DEBUG a.f.a.t.b.t.TransitionExecutorImpl - Translating to SMT
2026-07-11T11:31:00,162 [zio-default-async-5] DEBUG a.f.a.t.b.SeqModelChecker - Step 2: Transition #4. Is it enabled?
2026-07-11T11:31:00,166 [zio-default-async-5] INFO  a.f.a.t.b.SeqModelChecker - Step 2: Transition #4 is disabled
2026-07-11T11:31:00,167 [zio-default-async-5] DEBUG a.f.a.t.b.t.TransitionExecutorImpl - Step #2, transition #5
2026-07-11T11:31:00,167 [zio-default-async-5] DEBUG a.f.a.t.b.t.TransitionExecutorImpl - Translating to SMT
2026-07-11T11:31:00,203 [zio-default-async-5] DEBUG a.f.a.t.b.SeqModelChecker - Step 2: Transition #5. Is it enabled?
2026-07-11T11:31:00,205 [zio-default-async-5] DEBUG a.f.a.t.b.SeqModelChecker - Step 2: Transition #5 is enabled
2026-07-11T11:31:00,206 [zio-default-async-5] INFO  a.f.a.t.b.SeqModelChecker - State 2: Checking 3 state invariants
2026-07-11T11:31:00,206 [zio-default-async-5] DEBUG a.f.a.t.b.SeqModelChecker - State 2: Checking state invariant 1
2026-07-11T11:31:00,211 [zio-default-async-5] INFO  a.f.a.t.b.SeqModelChecker - State 2: state invariant 1 holds.
2026-07-11T11:31:00,212 [zio-default-async-5] DEBUG a.f.a.t.b.SeqModelChecker - State 2: Checking state invariant 2
2026-07-11T11:31:00,216 [zio-default-async-5] INFO  a.f.a.t.b.SeqModelChecker - State 2: state invariant 2 holds.
2026-07-11T11:31:00,217 [zio-default-async-5] DEBUG a.f.a.t.b.SeqModelChecker - State 2: Checking state invariant 3
2026-07-11T11:31:00,220 [zio-default-async-5] INFO  a.f.a.t.b.SeqModelChecker - State 2: state invariant 3 holds.
2026-07-11T11:31:00,222 [zio-default-async-5] DEBUG a.f.a.t.b.t.TransitionExecutorImpl - Step #2, transition #6
2026-07-11T11:31:00,222 [zio-default-async-5] DEBUG a.f.a.t.b.t.TransitionExecutorImpl - Translating to SMT
2026-07-11T11:31:00,248 [zio-default-async-5] DEBUG a.f.a.t.b.SeqModelChecker - Step 2: Transition #6. Is it enabled?
2026-07-11T11:31:00,251 [zio-default-async-5] INFO  a.f.a.t.b.SeqModelChecker - Step 2: Transition #6 is disabled
2026-07-11T11:31:00,253 [zio-default-async-5] DEBUG a.f.a.t.b.t.TransitionExecutorImpl - Step #2, transition #7
2026-07-11T11:31:00,253 [zio-default-async-5] DEBUG a.f.a.t.b.t.TransitionExecutorImpl - Translating to SMT
2026-07-11T11:31:00,286 [zio-default-async-5] DEBUG a.f.a.t.b.SeqModelChecker - Step 2: Transition #7. Is it enabled?
2026-07-11T11:31:00,289 [zio-default-async-5] DEBUG a.f.a.t.b.SeqModelChecker - Step 2: Transition #7 is enabled
2026-07-11T11:31:00,289 [zio-default-async-5] INFO  a.f.a.t.b.SeqModelChecker - State 2: Checking 2 state invariants
2026-07-11T11:31:00,289 [zio-default-async-5] DEBUG a.f.a.t.b.SeqModelChecker - State 2: Checking state invariant 1
2026-07-11T11:31:00,294 [zio-default-async-5] INFO  a.f.a.t.b.SeqModelChecker - State 2: state invariant 1 holds.
2026-07-11T11:31:00,294 [zio-default-async-5] DEBUG a.f.a.t.b.SeqModelChecker - State 2: Checking state invariant 2
2026-07-11T11:31:00,297 [zio-default-async-5] INFO  a.f.a.t.b.SeqModelChecker - State 2: state invariant 2 holds.
2026-07-11T11:31:00,298 [zio-default-async-5] DEBUG a.f.a.t.b.t.TransitionExecutorImpl - Step #2, transition #8
2026-07-11T11:31:00,298 [zio-default-async-5] DEBUG a.f.a.t.b.t.TransitionExecutorImpl - Translating to SMT
2026-07-11T11:31:00,310 [zio-default-async-5] DEBUG a.f.a.t.b.SeqModelChecker - Step 2: Transition #8. Is it enabled?
2026-07-11T11:31:00,312 [zio-default-async-5] DEBUG a.f.a.t.b.SeqModelChecker - Step 2: Transition #8 is enabled
2026-07-11T11:31:00,313 [zio-default-async-5] DEBUG a.f.a.t.b.t.TransitionExecutorImpl - Step #2, transition #9
2026-07-11T11:31:00,313 [zio-default-async-5] DEBUG a.f.a.t.b.t.TransitionExecutorImpl - Translating to SMT
2026-07-11T11:31:00,320 [zio-default-async-5] DEBUG a.f.a.t.b.SeqModelChecker - Step 2: Transition #9. Is it enabled?
2026-07-11T11:31:00,322 [zio-default-async-5] DEBUG a.f.a.t.b.SeqModelChecker - Step 2: Transition #9 is enabled
2026-07-11T11:31:00,323 [zio-default-async-5] INFO  a.f.a.t.b.SeqModelChecker - State 2: Checking 1 state invariants
2026-07-11T11:31:00,323 [zio-default-async-5] DEBUG a.f.a.t.b.SeqModelChecker - State 2: Checking state invariant 3
2026-07-11T11:31:00,326 [zio-default-async-5] INFO  a.f.a.t.b.SeqModelChecker - State 2: state invariant 3 holds.
2026-07-11T11:31:00,328 [zio-default-async-5] DEBUG a.f.a.t.b.t.TransitionExecutorImpl - Step #2, transition #10
2026-07-11T11:31:00,328 [zio-default-async-5] DEBUG a.f.a.t.b.t.TransitionExecutorImpl - Translating to SMT
2026-07-11T11:31:00,331 [zio-default-async-5] DEBUG a.f.a.t.b.SeqModelChecker - Step 2: Transition #10. Is it enabled?
2026-07-11T11:31:00,332 [zio-default-async-5] INFO  a.f.a.t.b.SeqModelChecker - Step 2: Transition #10 is disabled
2026-07-11T11:31:00,333 [zio-default-async-5] INFO  a.f.a.t.b.t.TransitionExecutorImpl - Step 2: picking a transition out of 7 transition(s)
2026-07-11T11:31:00,361 [zio-default-async-5] DEBUG a.f.a.t.b.t.TransitionExecutorImpl - Step #3, transition #0
2026-07-11T11:31:00,361 [zio-default-async-5] DEBUG a.f.a.t.b.t.TransitionExecutorImpl - Translating to SMT
2026-07-11T11:31:00,362 [zio-default-async-5] DEBUG a.f.a.t.b.SeqModelChecker - Step 3: Transition #0. Is it enabled?
2026-07-11T11:31:00,364 [zio-default-async-5] DEBUG a.f.a.t.b.SeqModelChecker - Step 3: Transition #0 is enabled
2026-07-11T11:31:00,365 [zio-default-async-5] DEBUG a.f.a.t.b.t.TransitionExecutorImpl - Step #3, transition #1
2026-07-11T11:31:00,365 [zio-default-async-5] DEBUG a.f.a.t.b.t.TransitionExecutorImpl - Translating to SMT
2026-07-11T11:31:00,369 [zio-default-async-5] DEBUG a.f.a.t.b.SeqModelChecker - Step 3: Transition #1. Is it enabled?
2026-07-11T11:31:00,370 [zio-default-async-5] DEBUG a.f.a.t.b.SeqModelChecker - Step 3: Transition #1 is enabled
2026-07-11T11:31:00,372 [zio-default-async-5] DEBUG a.f.a.t.b.t.TransitionExecutorImpl - Step #3, transition #2
2026-07-11T11:31:00,372 [zio-default-async-5] DEBUG a.f.a.t.b.t.TransitionExecutorImpl - Translating to SMT
2026-07-11T11:31:00,378 [zio-default-async-5] DEBUG a.f.a.t.b.SeqModelChecker - Step 3: Transition #2. Is it enabled?
2026-07-11T11:31:00,379 [zio-default-async-5] DEBUG a.f.a.t.b.SeqModelChecker - Step 3: Transition #2 is enabled
2026-07-11T11:31:00,379 [zio-default-async-5] INFO  a.f.a.t.b.SeqModelChecker - State 3: Checking 1 state invariants
2026-07-11T11:31:00,380 [zio-default-async-5] DEBUG a.f.a.t.b.SeqModelChecker - State 3: Checking state invariant 3
2026-07-11T11:31:00,383 [zio-default-async-5] INFO  a.f.a.t.b.SeqModelChecker - State 3: state invariant 3 holds.
2026-07-11T11:31:00,385 [zio-default-async-5] DEBUG a.f.a.t.b.t.TransitionExecutorImpl - Step #3, transition #3
2026-07-11T11:31:00,385 [zio-default-async-5] DEBUG a.f.a.t.b.t.TransitionExecutorImpl - Translating to SMT
2026-07-11T11:31:00,387 [zio-default-async-5] DEBUG a.f.a.t.b.SeqModelChecker - Step 3: Transition #3. Is it enabled?
2026-07-11T11:31:00,390 [zio-default-async-5] DEBUG a.f.a.t.b.SeqModelChecker - Step 3: Transition #3 is enabled
2026-07-11T11:31:00,391 [zio-default-async-5] DEBUG a.f.a.t.b.t.TransitionExecutorImpl - Step #3, transition #4
2026-07-11T11:31:00,391 [zio-default-async-5] DEBUG a.f.a.t.b.t.TransitionExecutorImpl - Translating to SMT
2026-07-11T11:31:00,422 [zio-default-async-5] DEBUG a.f.a.t.b.SeqModelChecker - Step 3: Transition #4. Is it enabled?
2026-07-11T11:31:00,424 [zio-default-async-5] DEBUG a.f.a.t.b.SeqModelChecker - Step 3: Transition #4 is enabled
2026-07-11T11:31:00,424 [zio-default-async-5] INFO  a.f.a.t.b.SeqModelChecker - State 3: Checking 2 state invariants
2026-07-11T11:31:00,425 [zio-default-async-5] DEBUG a.f.a.t.b.SeqModelChecker - State 3: Checking state invariant 1
2026-07-11T11:31:00,431 [zio-default-async-5] INFO  a.f.a.t.b.SeqModelChecker - State 3: state invariant 1 holds.
2026-07-11T11:31:00,432 [zio-default-async-5] DEBUG a.f.a.t.b.SeqModelChecker - State 3: Checking state invariant 2
2026-07-11T11:31:00,436 [zio-default-async-5] INFO  a.f.a.t.b.SeqModelChecker - State 3: state invariant 2 holds.
2026-07-11T11:31:00,436 [zio-default-async-5] DEBUG a.f.a.t.b.t.TransitionExecutorImpl - Step #3, transition #5
2026-07-11T11:31:00,436 [zio-default-async-5] DEBUG a.f.a.t.b.t.TransitionExecutorImpl - Translating to SMT
2026-07-11T11:31:00,463 [zio-default-async-5] DEBUG a.f.a.t.b.SeqModelChecker - Step 3: Transition #5. Is it enabled?
2026-07-11T11:31:00,467 [zio-default-async-5] DEBUG a.f.a.t.b.SeqModelChecker - Step 3: Transition #5 is enabled
2026-07-11T11:31:00,467 [zio-default-async-5] INFO  a.f.a.t.b.SeqModelChecker - State 3: Checking 3 state invariants
2026-07-11T11:31:00,467 [zio-default-async-5] DEBUG a.f.a.t.b.SeqModelChecker - State 3: Checking state invariant 1
2026-07-11T11:31:00,475 [zio-default-async-5] INFO  a.f.a.t.b.SeqModelChecker - State 3: state invariant 1 holds.
2026-07-11T11:31:00,475 [zio-default-async-5] DEBUG a.f.a.t.b.SeqModelChecker - State 3: Checking state invariant 2
2026-07-11T11:31:00,481 [zio-default-async-5] INFO  a.f.a.t.b.SeqModelChecker - State 3: state invariant 2 holds.
2026-07-11T11:31:00,482 [zio-default-async-5] DEBUG a.f.a.t.b.SeqModelChecker - State 3: Checking state invariant 3
2026-07-11T11:31:00,485 [zio-default-async-5] INFO  a.f.a.t.b.SeqModelChecker - State 3: state invariant 3 holds.
2026-07-11T11:31:00,486 [zio-default-async-5] DEBUG a.f.a.t.b.t.TransitionExecutorImpl - Step #3, transition #6
2026-07-11T11:31:00,486 [zio-default-async-5] DEBUG a.f.a.t.b.t.TransitionExecutorImpl - Translating to SMT
2026-07-11T11:31:00,506 [zio-default-async-5] DEBUG a.f.a.t.b.SeqModelChecker - Step 3: Transition #6. Is it enabled?
2026-07-11T11:31:00,513 [zio-default-async-5] DEBUG a.f.a.t.b.SeqModelChecker - Step 3: Transition #6 is enabled
2026-07-11T11:31:00,513 [zio-default-async-5] INFO  a.f.a.t.b.SeqModelChecker - State 3: Checking 2 state invariants
2026-07-11T11:31:00,513 [zio-default-async-5] DEBUG a.f.a.t.b.SeqModelChecker - State 3: Checking state invariant 1
2026-07-11T11:31:00,519 [zio-default-async-5] INFO  a.f.a.t.b.SeqModelChecker - State 3: state invariant 1 holds.
2026-07-11T11:31:00,520 [zio-default-async-5] DEBUG a.f.a.t.b.SeqModelChecker - State 3: Checking state invariant 2
2026-07-11T11:31:00,525 [zio-default-async-5] INFO  a.f.a.t.b.SeqModelChecker - State 3: state invariant 2 holds.
2026-07-11T11:31:00,528 [zio-default-async-5] DEBUG a.f.a.t.b.t.TransitionExecutorImpl - Step #3, transition #7
2026-07-11T11:31:00,528 [zio-default-async-5] DEBUG a.f.a.t.b.t.TransitionExecutorImpl - Translating to SMT
2026-07-11T11:31:00,557 [zio-default-async-5] DEBUG a.f.a.t.b.SeqModelChecker - Step 3: Transition #7. Is it enabled?
2026-07-11T11:31:00,564 [zio-default-async-5] DEBUG a.f.a.t.b.SeqModelChecker - Step 3: Transition #7 is enabled
2026-07-11T11:31:00,564 [zio-default-async-5] INFO  a.f.a.t.b.SeqModelChecker - State 3: Checking 2 state invariants
2026-07-11T11:31:00,564 [zio-default-async-5] DEBUG a.f.a.t.b.SeqModelChecker - State 3: Checking state invariant 1
2026-07-11T11:31:00,578 [zio-default-async-5] INFO  a.f.a.t.b.SeqModelChecker - State 3: state invariant 1 holds.
2026-07-11T11:31:00,578 [zio-default-async-5] DEBUG a.f.a.t.b.SeqModelChecker - State 3: Checking state invariant 2
2026-07-11T11:31:00,583 [zio-default-async-5] INFO  a.f.a.t.b.SeqModelChecker - State 3: state invariant 2 holds.
2026-07-11T11:31:00,583 [zio-default-async-5] DEBUG a.f.a.t.b.t.TransitionExecutorImpl - Step #3, transition #8
2026-07-11T11:31:00,583 [zio-default-async-5] DEBUG a.f.a.t.b.t.TransitionExecutorImpl - Translating to SMT
2026-07-11T11:31:00,593 [zio-default-async-5] DEBUG a.f.a.t.b.SeqModelChecker - Step 3: Transition #8. Is it enabled?
2026-07-11T11:31:00,597 [zio-default-async-5] DEBUG a.f.a.t.b.SeqModelChecker - Step 3: Transition #8 is enabled
2026-07-11T11:31:00,598 [zio-default-async-5] DEBUG a.f.a.t.b.t.TransitionExecutorImpl - Step #3, transition #9
2026-07-11T11:31:00,598 [zio-default-async-5] DEBUG a.f.a.t.b.t.TransitionExecutorImpl - Translating to SMT
2026-07-11T11:31:00,602 [zio-default-async-5] DEBUG a.f.a.t.b.SeqModelChecker - Step 3: Transition #9. Is it enabled?
2026-07-11T11:31:00,604 [zio-default-async-5] DEBUG a.f.a.t.b.SeqModelChecker - Step 3: Transition #9 is enabled
2026-07-11T11:31:00,605 [zio-default-async-5] INFO  a.f.a.t.b.SeqModelChecker - State 3: Checking 1 state invariants
2026-07-11T11:31:00,605 [zio-default-async-5] DEBUG a.f.a.t.b.SeqModelChecker - State 3: Checking state invariant 3
2026-07-11T11:31:00,609 [zio-default-async-5] INFO  a.f.a.t.b.SeqModelChecker - State 3: state invariant 3 holds.
2026-07-11T11:31:00,609 [zio-default-async-5] DEBUG a.f.a.t.b.t.TransitionExecutorImpl - Step #3, transition #10
2026-07-11T11:31:00,610 [zio-default-async-5] DEBUG a.f.a.t.b.t.TransitionExecutorImpl - Translating to SMT
2026-07-11T11:31:00,612 [zio-default-async-5] DEBUG a.f.a.t.b.SeqModelChecker - Step 3: Transition #10. Is it enabled?
2026-07-11T11:31:00,616 [zio-default-async-5] DEBUG a.f.a.t.b.SeqModelChecker - Step 3: Transition #10 is enabled
2026-07-11T11:31:00,617 [zio-default-async-5] INFO  a.f.a.t.b.t.TransitionExecutorImpl - Step 3: picking a transition out of 11 transition(s)
2026-07-11T11:31:00,647 [zio-default-async-5] DEBUG a.f.a.t.b.t.TransitionExecutorImpl - Step #4, transition #0
2026-07-11T11:31:00,648 [zio-default-async-5] DEBUG a.f.a.t.b.t.TransitionExecutorImpl - Translating to SMT
2026-07-11T11:31:00,649 [zio-default-async-5] DEBUG a.f.a.t.b.SeqModelChecker - Step 4: Transition #0. Is it enabled?
2026-07-11T11:31:00,655 [zio-default-async-5] DEBUG a.f.a.t.b.SeqModelChecker - Step 4: Transition #0 is enabled
2026-07-11T11:31:00,656 [zio-default-async-5] DEBUG a.f.a.t.b.t.TransitionExecutorImpl - Step #4, transition #1
2026-07-11T11:31:00,656 [zio-default-async-5] DEBUG a.f.a.t.b.t.TransitionExecutorImpl - Translating to SMT
2026-07-11T11:31:00,659 [zio-default-async-5] DEBUG a.f.a.t.b.SeqModelChecker - Step 4: Transition #1. Is it enabled?
2026-07-11T11:31:00,662 [zio-default-async-5] DEBUG a.f.a.t.b.SeqModelChecker - Step 4: Transition #1 is enabled
2026-07-11T11:31:00,663 [zio-default-async-5] DEBUG a.f.a.t.b.t.TransitionExecutorImpl - Step #4, transition #2
2026-07-11T11:31:00,663 [zio-default-async-5] DEBUG a.f.a.t.b.t.TransitionExecutorImpl - Translating to SMT
2026-07-11T11:31:00,667 [zio-default-async-5] DEBUG a.f.a.t.b.SeqModelChecker - Step 4: Transition #2. Is it enabled?
2026-07-11T11:31:00,670 [zio-default-async-5] DEBUG a.f.a.t.b.SeqModelChecker - Step 4: Transition #2 is enabled
2026-07-11T11:31:00,671 [zio-default-async-5] INFO  a.f.a.t.b.SeqModelChecker - State 4: Checking 1 state invariants
2026-07-11T11:31:00,671 [zio-default-async-5] DEBUG a.f.a.t.b.SeqModelChecker - State 4: Checking state invariant 3
2026-07-11T11:31:00,676 [zio-default-async-5] INFO  a.f.a.t.b.SeqModelChecker - State 4: state invariant 3 holds.
2026-07-11T11:31:00,677 [zio-default-async-5] DEBUG a.f.a.t.b.t.TransitionExecutorImpl - Step #4, transition #3
2026-07-11T11:31:00,677 [zio-default-async-5] DEBUG a.f.a.t.b.t.TransitionExecutorImpl - Translating to SMT
2026-07-11T11:31:00,679 [zio-default-async-5] DEBUG a.f.a.t.b.SeqModelChecker - Step 4: Transition #3. Is it enabled?
2026-07-11T11:31:00,687 [zio-default-async-5] DEBUG a.f.a.t.b.SeqModelChecker - Step 4: Transition #3 is enabled
2026-07-11T11:31:00,689 [zio-default-async-5] DEBUG a.f.a.t.b.t.TransitionExecutorImpl - Step #4, transition #4
2026-07-11T11:31:00,689 [zio-default-async-5] DEBUG a.f.a.t.b.t.TransitionExecutorImpl - Translating to SMT
2026-07-11T11:31:00,702 [zio-default-async-5] DEBUG a.f.a.t.b.SeqModelChecker - Step 4: Transition #4. Is it enabled?
2026-07-11T11:31:00,712 [zio-default-async-5] DEBUG a.f.a.t.b.SeqModelChecker - Step 4: Transition #4 is enabled
2026-07-11T11:31:00,713 [zio-default-async-5] INFO  a.f.a.t.b.SeqModelChecker - State 4: Checking 2 state invariants
2026-07-11T11:31:00,713 [zio-default-async-5] DEBUG a.f.a.t.b.SeqModelChecker - State 4: Checking state invariant 1
2026-07-11T11:31:00,737 [zio-default-async-5] INFO  a.f.a.t.b.SeqModelChecker - State 4: state invariant 1 holds.
2026-07-11T11:31:00,738 [zio-default-async-5] DEBUG a.f.a.t.b.SeqModelChecker - State 4: Checking state invariant 2
2026-07-11T11:31:00,749 [zio-default-async-5] INFO  a.f.a.t.b.SeqModelChecker - State 4: state invariant 2 holds.
2026-07-11T11:31:00,750 [zio-default-async-5] DEBUG a.f.a.t.b.t.TransitionExecutorImpl - Step #4, transition #5
2026-07-11T11:31:00,750 [zio-default-async-5] DEBUG a.f.a.t.b.t.TransitionExecutorImpl - Translating to SMT
2026-07-11T11:31:00,776 [zio-default-async-5] DEBUG a.f.a.t.b.SeqModelChecker - Step 4: Transition #5. Is it enabled?
2026-07-11T11:31:00,787 [zio-default-async-5] DEBUG a.f.a.t.b.SeqModelChecker - Step 4: Transition #5 is enabled
2026-07-11T11:31:00,788 [zio-default-async-5] INFO  a.f.a.t.b.SeqModelChecker - State 4: Checking 3 state invariants
2026-07-11T11:31:00,788 [zio-default-async-5] DEBUG a.f.a.t.b.SeqModelChecker - State 4: Checking state invariant 1
2026-07-11T11:31:00,809 [zio-default-async-5] INFO  a.f.a.t.b.SeqModelChecker - State 4: state invariant 1 holds.
2026-07-11T11:31:00,810 [zio-default-async-5] DEBUG a.f.a.t.b.SeqModelChecker - State 4: Checking state invariant 2
2026-07-11T11:31:00,825 [zio-default-async-5] INFO  a.f.a.t.b.SeqModelChecker - State 4: state invariant 2 holds.
2026-07-11T11:31:00,826 [zio-default-async-5] DEBUG a.f.a.t.b.SeqModelChecker - State 4: Checking state invariant 3
2026-07-11T11:31:00,832 [zio-default-async-5] INFO  a.f.a.t.b.SeqModelChecker - State 4: state invariant 3 holds.
2026-07-11T11:31:00,833 [zio-default-async-5] DEBUG a.f.a.t.b.t.TransitionExecutorImpl - Step #4, transition #6
2026-07-11T11:31:00,833 [zio-default-async-5] DEBUG a.f.a.t.b.t.TransitionExecutorImpl - Translating to SMT
2026-07-11T11:31:00,855 [zio-default-async-5] DEBUG a.f.a.t.b.SeqModelChecker - Step 4: Transition #6. Is it enabled?
2026-07-11T11:31:00,865 [zio-default-async-5] DEBUG a.f.a.t.b.SeqModelChecker - Step 4: Transition #6 is enabled
2026-07-11T11:31:00,865 [zio-default-async-5] INFO  a.f.a.t.b.SeqModelChecker - State 4: Checking 2 state invariants
2026-07-11T11:31:00,865 [zio-default-async-5] DEBUG a.f.a.t.b.SeqModelChecker - State 4: Checking state invariant 1
2026-07-11T11:31:00,883 [zio-default-async-5] INFO  a.f.a.t.b.SeqModelChecker - State 4: state invariant 1 holds.
2026-07-11T11:31:00,884 [zio-default-async-5] DEBUG a.f.a.t.b.SeqModelChecker - State 4: Checking state invariant 2
2026-07-11T11:31:00,898 [zio-default-async-5] INFO  a.f.a.t.b.SeqModelChecker - State 4: state invariant 2 holds.
2026-07-11T11:31:00,899 [zio-default-async-5] DEBUG a.f.a.t.b.t.TransitionExecutorImpl - Step #4, transition #7
2026-07-11T11:31:00,899 [zio-default-async-5] DEBUG a.f.a.t.b.t.TransitionExecutorImpl - Translating to SMT
2026-07-11T11:31:00,923 [zio-default-async-5] DEBUG a.f.a.t.b.SeqModelChecker - Step 4: Transition #7. Is it enabled?
2026-07-11T11:31:00,946 [zio-default-async-5] DEBUG a.f.a.t.b.SeqModelChecker - Step 4: Transition #7 is enabled
2026-07-11T11:31:00,946 [zio-default-async-5] INFO  a.f.a.t.b.SeqModelChecker - State 4: Checking 2 state invariants
2026-07-11T11:31:00,946 [zio-default-async-5] DEBUG a.f.a.t.b.SeqModelChecker - State 4: Checking state invariant 1
2026-07-11T11:31:01,010 [zio-default-async-5] INFO  a.f.a.t.b.SeqModelChecker - State 4: state invariant 1 holds.
2026-07-11T11:31:01,011 [zio-default-async-5] DEBUG a.f.a.t.b.SeqModelChecker - State 4: Checking state invariant 2
2026-07-11T11:31:01,031 [zio-default-async-5] INFO  a.f.a.t.b.SeqModelChecker - State 4: state invariant 2 holds.
2026-07-11T11:31:01,033 [zio-default-async-5] DEBUG a.f.a.t.b.t.TransitionExecutorImpl - Step #4, transition #8
2026-07-11T11:31:01,033 [zio-default-async-5] DEBUG a.f.a.t.b.t.TransitionExecutorImpl - Translating to SMT
2026-07-11T11:31:01,042 [zio-default-async-5] DEBUG a.f.a.t.b.SeqModelChecker - Step 4: Transition #8. Is it enabled?
2026-07-11T11:31:01,052 [zio-default-async-5] DEBUG a.f.a.t.b.SeqModelChecker - Step 4: Transition #8 is enabled
2026-07-11T11:31:01,053 [zio-default-async-5] DEBUG a.f.a.t.b.t.TransitionExecutorImpl - Step #4, transition #9
2026-07-11T11:31:01,053 [zio-default-async-5] DEBUG a.f.a.t.b.t.TransitionExecutorImpl - Translating to SMT
2026-07-11T11:31:01,069 [zio-default-async-5] DEBUG a.f.a.t.b.SeqModelChecker - Step 4: Transition #9. Is it enabled?
2026-07-11T11:31:01,078 [zio-default-async-5] DEBUG a.f.a.t.b.SeqModelChecker - Step 4: Transition #9 is enabled
2026-07-11T11:31:01,078 [zio-default-async-5] INFO  a.f.a.t.b.SeqModelChecker - State 4: Checking 1 state invariants
2026-07-11T11:31:01,078 [zio-default-async-5] DEBUG a.f.a.t.b.SeqModelChecker - State 4: Checking state invariant 3
2026-07-11T11:31:01,087 [zio-default-async-5] INFO  a.f.a.t.b.SeqModelChecker - State 4: state invariant 3 holds.
2026-07-11T11:31:01,088 [zio-default-async-5] DEBUG a.f.a.t.b.t.TransitionExecutorImpl - Step #4, transition #10
2026-07-11T11:31:01,088 [zio-default-async-5] DEBUG a.f.a.t.b.t.TransitionExecutorImpl - Translating to SMT
2026-07-11T11:31:01,091 [zio-default-async-5] DEBUG a.f.a.t.b.SeqModelChecker - Step 4: Transition #10. Is it enabled?
2026-07-11T11:31:01,101 [zio-default-async-5] DEBUG a.f.a.t.b.SeqModelChecker - Step 4: Transition #10 is enabled
2026-07-11T11:31:01,102 [zio-default-async-5] INFO  a.f.a.t.b.t.TransitionExecutorImpl - Step 4: picking a transition out of 11 transition(s)
2026-07-11T11:31:01,132 [zio-default-async-5] DEBUG a.f.a.t.b.t.TransitionExecutorImpl - Step #5, transition #0
2026-07-11T11:31:01,132 [zio-default-async-5] DEBUG a.f.a.t.b.t.TransitionExecutorImpl - Translating to SMT
2026-07-11T11:31:01,133 [zio-default-async-5] DEBUG a.f.a.t.b.SeqModelChecker - Step 5: Transition #0. Is it enabled?
2026-07-11T11:31:01,143 [zio-default-async-5] DEBUG a.f.a.t.b.SeqModelChecker - Step 5: Transition #0 is enabled
2026-07-11T11:31:01,144 [zio-default-async-5] DEBUG a.f.a.t.b.t.TransitionExecutorImpl - Step #5, transition #1
2026-07-11T11:31:01,145 [zio-default-async-5] DEBUG a.f.a.t.b.t.TransitionExecutorImpl - Translating to SMT
2026-07-11T11:31:01,148 [zio-default-async-5] DEBUG a.f.a.t.b.SeqModelChecker - Step 5: Transition #1. Is it enabled?
2026-07-11T11:31:01,161 [zio-default-async-5] DEBUG a.f.a.t.b.SeqModelChecker - Step 5: Transition #1 is enabled
2026-07-11T11:31:01,162 [zio-default-async-5] DEBUG a.f.a.t.b.t.TransitionExecutorImpl - Step #5, transition #2
2026-07-11T11:31:01,163 [zio-default-async-5] DEBUG a.f.a.t.b.t.TransitionExecutorImpl - Translating to SMT
2026-07-11T11:31:01,169 [zio-default-async-5] DEBUG a.f.a.t.b.SeqModelChecker - Step 5: Transition #2. Is it enabled?
2026-07-11T11:31:01,176 [zio-default-async-5] DEBUG a.f.a.t.b.SeqModelChecker - Step 5: Transition #2 is enabled
2026-07-11T11:31:01,176 [zio-default-async-5] INFO  a.f.a.t.b.SeqModelChecker - State 5: Checking 1 state invariants
2026-07-11T11:31:01,176 [zio-default-async-5] DEBUG a.f.a.t.b.SeqModelChecker - State 5: Checking state invariant 3
2026-07-11T11:31:01,187 [zio-default-async-5] INFO  a.f.a.t.b.SeqModelChecker - State 5: state invariant 3 holds.
2026-07-11T11:31:01,188 [zio-default-async-5] DEBUG a.f.a.t.b.t.TransitionExecutorImpl - Step #5, transition #3
2026-07-11T11:31:01,188 [zio-default-async-5] DEBUG a.f.a.t.b.t.TransitionExecutorImpl - Translating to SMT
2026-07-11T11:31:01,189 [zio-default-async-5] DEBUG a.f.a.t.b.SeqModelChecker - Step 5: Transition #3. Is it enabled?
2026-07-11T11:31:01,196 [zio-default-async-5] DEBUG a.f.a.t.b.SeqModelChecker - Step 5: Transition #3 is enabled
2026-07-11T11:31:01,198 [zio-default-async-5] DEBUG a.f.a.t.b.t.TransitionExecutorImpl - Step #5, transition #4
2026-07-11T11:31:01,198 [zio-default-async-5] DEBUG a.f.a.t.b.t.TransitionExecutorImpl - Translating to SMT
2026-07-11T11:31:01,216 [zio-default-async-5] DEBUG a.f.a.t.b.SeqModelChecker - Step 5: Transition #4. Is it enabled?
2026-07-11T11:31:01,235 [zio-default-async-5] DEBUG a.f.a.t.b.SeqModelChecker - Step 5: Transition #4 is enabled
2026-07-11T11:31:01,235 [zio-default-async-5] INFO  a.f.a.t.b.SeqModelChecker - State 5: Checking 2 state invariants
2026-07-11T11:31:01,235 [zio-default-async-5] DEBUG a.f.a.t.b.SeqModelChecker - State 5: Checking state invariant 1
2026-07-11T11:31:01,393 [zio-default-async-5] INFO  a.f.a.t.b.SeqModelChecker - State 5: state invariant 1 holds.
2026-07-11T11:31:01,394 [zio-default-async-5] DEBUG a.f.a.t.b.SeqModelChecker - State 5: Checking state invariant 2
2026-07-11T11:31:01,451 [zio-default-async-5] INFO  a.f.a.t.b.SeqModelChecker - State 5: state invariant 2 holds.
2026-07-11T11:31:01,452 [zio-default-async-5] DEBUG a.f.a.t.b.t.TransitionExecutorImpl - Step #5, transition #5
2026-07-11T11:31:01,452 [zio-default-async-5] DEBUG a.f.a.t.b.t.TransitionExecutorImpl - Translating to SMT
2026-07-11T11:31:01,473 [zio-default-async-5] DEBUG a.f.a.t.b.SeqModelChecker - Step 5: Transition #5. Is it enabled?
2026-07-11T11:31:01,507 [zio-default-async-5] DEBUG a.f.a.t.b.SeqModelChecker - Step 5: Transition #5 is enabled
2026-07-11T11:31:01,508 [zio-default-async-5] INFO  a.f.a.t.b.SeqModelChecker - State 5: Checking 3 state invariants
2026-07-11T11:31:01,508 [zio-default-async-5] DEBUG a.f.a.t.b.SeqModelChecker - State 5: Checking state invariant 1
2026-07-11T11:31:01,558 [zio-default-async-5] INFO  a.f.a.t.b.SeqModelChecker - State 5: state invariant 1 holds.
2026-07-11T11:31:01,559 [zio-default-async-5] DEBUG a.f.a.t.b.SeqModelChecker - State 5: Checking state invariant 2
2026-07-11T11:31:01,596 [zio-default-async-5] INFO  a.f.a.t.b.SeqModelChecker - State 5: state invariant 2 holds.
2026-07-11T11:31:01,597 [zio-default-async-5] DEBUG a.f.a.t.b.SeqModelChecker - State 5: Checking state invariant 3
2026-07-11T11:31:01,608 [zio-default-async-5] INFO  a.f.a.t.b.SeqModelChecker - State 5: state invariant 3 holds.
2026-07-11T11:31:01,610 [zio-default-async-5] DEBUG a.f.a.t.b.t.TransitionExecutorImpl - Step #5, transition #6
2026-07-11T11:31:01,610 [zio-default-async-5] DEBUG a.f.a.t.b.t.TransitionExecutorImpl - Translating to SMT
2026-07-11T11:31:01,629 [zio-default-async-5] DEBUG a.f.a.t.b.SeqModelChecker - Step 5: Transition #6. Is it enabled?
2026-07-11T11:31:01,650 [zio-default-async-5] DEBUG a.f.a.t.b.SeqModelChecker - Step 5: Transition #6 is enabled
2026-07-11T11:31:01,651 [zio-default-async-5] INFO  a.f.a.t.b.SeqModelChecker - State 5: Checking 2 state invariants
2026-07-11T11:31:01,651 [zio-default-async-5] DEBUG a.f.a.t.b.SeqModelChecker - State 5: Checking state invariant 1
2026-07-11T11:31:01,720 [zio-default-async-5] INFO  a.f.a.t.b.SeqModelChecker - State 5: state invariant 1 holds.
2026-07-11T11:31:01,721 [zio-default-async-5] DEBUG a.f.a.t.b.SeqModelChecker - State 5: Checking state invariant 2
2026-07-11T11:31:01,762 [zio-default-async-5] INFO  a.f.a.t.b.SeqModelChecker - State 5: state invariant 2 holds.
2026-07-11T11:31:01,763 [zio-default-async-5] DEBUG a.f.a.t.b.t.TransitionExecutorImpl - Step #5, transition #7
2026-07-11T11:31:01,763 [zio-default-async-5] DEBUG a.f.a.t.b.t.TransitionExecutorImpl - Translating to SMT
2026-07-11T11:31:01,783 [zio-default-async-5] DEBUG a.f.a.t.b.SeqModelChecker - Step 5: Transition #7. Is it enabled?
2026-07-11T11:31:01,820 [zio-default-async-5] DEBUG a.f.a.t.b.SeqModelChecker - Step 5: Transition #7 is enabled
2026-07-11T11:31:01,820 [zio-default-async-5] INFO  a.f.a.t.b.SeqModelChecker - State 5: Checking 2 state invariants
2026-07-11T11:31:01,821 [zio-default-async-5] DEBUG a.f.a.t.b.SeqModelChecker - State 5: Checking state invariant 1
2026-07-11T11:31:01,930 [zio-default-async-5] INFO  a.f.a.t.b.SeqModelChecker - State 5: state invariant 1 holds.
2026-07-11T11:31:01,931 [zio-default-async-5] DEBUG a.f.a.t.b.SeqModelChecker - State 5: Checking state invariant 2
2026-07-11T11:31:02,005 [zio-default-async-5] INFO  a.f.a.t.b.SeqModelChecker - State 5: state invariant 2 holds.
2026-07-11T11:31:02,007 [zio-default-async-5] DEBUG a.f.a.t.b.t.TransitionExecutorImpl - Step #5, transition #8
2026-07-11T11:31:02,007 [zio-default-async-5] DEBUG a.f.a.t.b.t.TransitionExecutorImpl - Translating to SMT
2026-07-11T11:31:02,018 [zio-default-async-5] DEBUG a.f.a.t.b.SeqModelChecker - Step 5: Transition #8. Is it enabled?
2026-07-11T11:31:02,039 [zio-default-async-5] DEBUG a.f.a.t.b.SeqModelChecker - Step 5: Transition #8 is enabled
2026-07-11T11:31:02,041 [zio-default-async-5] DEBUG a.f.a.t.b.t.TransitionExecutorImpl - Step #5, transition #9
2026-07-11T11:31:02,041 [zio-default-async-5] DEBUG a.f.a.t.b.t.TransitionExecutorImpl - Translating to SMT
2026-07-11T11:31:02,045 [zio-default-async-5] DEBUG a.f.a.t.b.SeqModelChecker - Step 5: Transition #9. Is it enabled?
2026-07-11T11:31:02,049 [zio-default-async-5] DEBUG a.f.a.t.b.SeqModelChecker - Step 5: Transition #9 is enabled
2026-07-11T11:31:02,049 [zio-default-async-5] INFO  a.f.a.t.b.SeqModelChecker - State 5: Checking 1 state invariants
2026-07-11T11:31:02,049 [zio-default-async-5] DEBUG a.f.a.t.b.SeqModelChecker - State 5: Checking state invariant 3
2026-07-11T11:31:02,061 [zio-default-async-5] INFO  a.f.a.t.b.SeqModelChecker - State 5: state invariant 3 holds.
2026-07-11T11:31:02,062 [zio-default-async-5] DEBUG a.f.a.t.b.t.TransitionExecutorImpl - Step #5, transition #10
2026-07-11T11:31:02,062 [zio-default-async-5] DEBUG a.f.a.t.b.t.TransitionExecutorImpl - Translating to SMT
2026-07-11T11:31:02,064 [zio-default-async-5] DEBUG a.f.a.t.b.SeqModelChecker - Step 5: Transition #10. Is it enabled?
2026-07-11T11:31:02,075 [zio-default-async-5] DEBUG a.f.a.t.b.SeqModelChecker - Step 5: Transition #10 is enabled
2026-07-11T11:31:02,077 [zio-default-async-5] INFO  a.f.a.t.b.t.TransitionExecutorImpl - Step 5: picking a transition out of 11 transition(s)
2026-07-11T11:31:02,104 [zio-default-async-5] DEBUG a.f.a.t.b.t.TransitionExecutorImpl - Step #6, transition #0
2026-07-11T11:31:02,104 [zio-default-async-5] DEBUG a.f.a.t.b.t.TransitionExecutorImpl - Translating to SMT
2026-07-11T11:31:02,105 [zio-default-async-5] DEBUG a.f.a.t.b.SeqModelChecker - Step 6: Transition #0. Is it enabled?
2026-07-11T11:31:02,130 [zio-default-async-5] DEBUG a.f.a.t.b.SeqModelChecker - Step 6: Transition #0 is enabled
2026-07-11T11:31:02,131 [zio-default-async-5] DEBUG a.f.a.t.b.t.TransitionExecutorImpl - Step #6, transition #1
2026-07-11T11:31:02,131 [zio-default-async-5] DEBUG a.f.a.t.b.t.TransitionExecutorImpl - Translating to SMT
2026-07-11T11:31:02,135 [zio-default-async-5] DEBUG a.f.a.t.b.SeqModelChecker - Step 6: Transition #1. Is it enabled?
2026-07-11T11:31:02,140 [zio-default-async-5] DEBUG a.f.a.t.b.SeqModelChecker - Step 6: Transition #1 is enabled
2026-07-11T11:31:02,142 [zio-default-async-5] DEBUG a.f.a.t.b.t.TransitionExecutorImpl - Step #6, transition #2
2026-07-11T11:31:02,142 [zio-default-async-5] DEBUG a.f.a.t.b.t.TransitionExecutorImpl - Translating to SMT
2026-07-11T11:31:02,146 [zio-default-async-5] DEBUG a.f.a.t.b.SeqModelChecker - Step 6: Transition #2. Is it enabled?
2026-07-11T11:31:02,153 [zio-default-async-5] DEBUG a.f.a.t.b.SeqModelChecker - Step 6: Transition #2 is enabled
2026-07-11T11:31:02,153 [zio-default-async-5] INFO  a.f.a.t.b.SeqModelChecker - State 6: Checking 1 state invariants
2026-07-11T11:31:02,153 [zio-default-async-5] DEBUG a.f.a.t.b.SeqModelChecker - State 6: Checking state invariant 3
2026-07-11T11:31:02,182 [zio-default-async-5] INFO  a.f.a.t.b.SeqModelChecker - State 6: state invariant 3 holds.
2026-07-11T11:31:02,183 [zio-default-async-5] DEBUG a.f.a.t.b.t.TransitionExecutorImpl - Step #6, transition #3
2026-07-11T11:31:02,183 [zio-default-async-5] DEBUG a.f.a.t.b.t.TransitionExecutorImpl - Translating to SMT
2026-07-11T11:31:02,184 [zio-default-async-5] DEBUG a.f.a.t.b.SeqModelChecker - Step 6: Transition #3. Is it enabled?
2026-07-11T11:31:02,245 [zio-default-async-5] DEBUG a.f.a.t.b.SeqModelChecker - Step 6: Transition #3 is enabled
2026-07-11T11:31:02,247 [zio-default-async-5] DEBUG a.f.a.t.b.t.TransitionExecutorImpl - Step #6, transition #4
2026-07-11T11:31:02,247 [zio-default-async-5] DEBUG a.f.a.t.b.t.TransitionExecutorImpl - Translating to SMT
2026-07-11T11:31:02,259 [zio-default-async-5] DEBUG a.f.a.t.b.SeqModelChecker - Step 6: Transition #4. Is it enabled?
2026-07-11T11:31:02,307 [zio-default-async-5] DEBUG a.f.a.t.b.SeqModelChecker - Step 6: Transition #4 is enabled
2026-07-11T11:31:02,308 [zio-default-async-5] INFO  a.f.a.t.b.SeqModelChecker - State 6: Checking 2 state invariants
2026-07-11T11:31:02,308 [zio-default-async-5] DEBUG a.f.a.t.b.SeqModelChecker - State 6: Checking state invariant 1
2026-07-11T11:31:02,440 [zio-default-async-5] INFO  a.f.a.t.b.SeqModelChecker - State 6: state invariant 1 holds.
2026-07-11T11:31:02,441 [zio-default-async-5] DEBUG a.f.a.t.b.SeqModelChecker - State 6: Checking state invariant 2
2026-07-11T11:31:02,551 [zio-default-async-5] INFO  a.f.a.t.b.SeqModelChecker - State 6: state invariant 2 holds.
2026-07-11T11:31:02,554 [zio-default-async-5] DEBUG a.f.a.t.b.t.TransitionExecutorImpl - Step #6, transition #5
2026-07-11T11:31:02,554 [zio-default-async-5] DEBUG a.f.a.t.b.t.TransitionExecutorImpl - Translating to SMT
2026-07-11T11:31:02,575 [zio-default-async-5] DEBUG a.f.a.t.b.SeqModelChecker - Step 6: Transition #5. Is it enabled?
2026-07-11T11:31:02,629 [zio-default-async-5] DEBUG a.f.a.t.b.SeqModelChecker - Step 6: Transition #5 is enabled
2026-07-11T11:31:02,630 [zio-default-async-5] INFO  a.f.a.t.b.SeqModelChecker - State 6: Checking 3 state invariants
2026-07-11T11:31:02,630 [zio-default-async-5] DEBUG a.f.a.t.b.SeqModelChecker - State 6: Checking state invariant 1
2026-07-11T11:31:02,765 [zio-default-async-5] INFO  a.f.a.t.b.SeqModelChecker - State 6: state invariant 1 holds.
2026-07-11T11:31:02,766 [zio-default-async-5] DEBUG a.f.a.t.b.SeqModelChecker - State 6: Checking state invariant 2
2026-07-11T11:31:02,870 [zio-default-async-5] INFO  a.f.a.t.b.SeqModelChecker - State 6: state invariant 2 holds.
2026-07-11T11:31:02,871 [zio-default-async-5] DEBUG a.f.a.t.b.SeqModelChecker - State 6: Checking state invariant 3
2026-07-11T11:31:02,883 [zio-default-async-5] INFO  a.f.a.t.b.SeqModelChecker - State 6: state invariant 3 holds.
2026-07-11T11:31:02,884 [zio-default-async-5] DEBUG a.f.a.t.b.t.TransitionExecutorImpl - Step #6, transition #6
2026-07-11T11:31:02,884 [zio-default-async-5] DEBUG a.f.a.t.b.t.TransitionExecutorImpl - Translating to SMT
2026-07-11T11:31:02,900 [zio-default-async-5] DEBUG a.f.a.t.b.SeqModelChecker - Step 6: Transition #6. Is it enabled?
2026-07-11T11:31:02,925 [zio-default-async-5] DEBUG a.f.a.t.b.SeqModelChecker - Step 6: Transition #6 is enabled
2026-07-11T11:31:02,926 [zio-default-async-5] INFO  a.f.a.t.b.SeqModelChecker - State 6: Checking 2 state invariants
2026-07-11T11:31:02,926 [zio-default-async-5] DEBUG a.f.a.t.b.SeqModelChecker - State 6: Checking state invariant 1
2026-07-11T11:31:03,075 [zio-default-async-5] INFO  a.f.a.t.b.SeqModelChecker - State 6: state invariant 1 holds.
2026-07-11T11:31:03,077 [zio-default-async-5] DEBUG a.f.a.t.b.SeqModelChecker - State 6: Checking state invariant 2
2026-07-11T11:31:03,119 [zio-default-async-5] INFO  a.f.a.t.b.SeqModelChecker - State 6: state invariant 2 holds.
2026-07-11T11:31:03,123 [zio-default-async-5] DEBUG a.f.a.t.b.t.TransitionExecutorImpl - Step #6, transition #7
2026-07-11T11:31:03,123 [zio-default-async-5] DEBUG a.f.a.t.b.t.TransitionExecutorImpl - Translating to SMT
2026-07-11T11:31:03,148 [zio-default-async-5] DEBUG a.f.a.t.b.SeqModelChecker - Step 6: Transition #7. Is it enabled?
2026-07-11T11:31:03,274 [zio-default-async-5] DEBUG a.f.a.t.b.SeqModelChecker - Step 6: Transition #7 is enabled
2026-07-11T11:31:03,274 [zio-default-async-5] INFO  a.f.a.t.b.SeqModelChecker - State 6: Checking 2 state invariants
2026-07-11T11:31:03,274 [zio-default-async-5] DEBUG a.f.a.t.b.SeqModelChecker - State 6: Checking state invariant 1
2026-07-11T11:31:03,505 [zio-default-async-5] INFO  a.f.a.t.b.SeqModelChecker - State 6: state invariant 1 holds.
2026-07-11T11:31:03,507 [zio-default-async-5] DEBUG a.f.a.t.b.SeqModelChecker - State 6: Checking state invariant 2
2026-07-11T11:31:03,657 [zio-default-async-5] INFO  a.f.a.t.b.SeqModelChecker - State 6: state invariant 2 holds.
2026-07-11T11:31:03,659 [zio-default-async-5] DEBUG a.f.a.t.b.t.TransitionExecutorImpl - Step #6, transition #8
2026-07-11T11:31:03,659 [zio-default-async-5] DEBUG a.f.a.t.b.t.TransitionExecutorImpl - Translating to SMT
2026-07-11T11:31:03,669 [zio-default-async-5] DEBUG a.f.a.t.b.SeqModelChecker - Step 6: Transition #8. Is it enabled?
2026-07-11T11:31:03,703 [zio-default-async-5] DEBUG a.f.a.t.b.SeqModelChecker - Step 6: Transition #8 is enabled
2026-07-11T11:31:03,707 [zio-default-async-5] DEBUG a.f.a.t.b.t.TransitionExecutorImpl - Step #6, transition #9
2026-07-11T11:31:03,707 [zio-default-async-5] DEBUG a.f.a.t.b.t.TransitionExecutorImpl - Translating to SMT
2026-07-11T11:31:03,711 [zio-default-async-5] DEBUG a.f.a.t.b.SeqModelChecker - Step 6: Transition #9. Is it enabled?
2026-07-11T11:31:03,721 [zio-default-async-5] DEBUG a.f.a.t.b.SeqModelChecker - Step 6: Transition #9 is enabled
2026-07-11T11:31:03,722 [zio-default-async-5] INFO  a.f.a.t.b.SeqModelChecker - State 6: Checking 1 state invariants
2026-07-11T11:31:03,722 [zio-default-async-5] DEBUG a.f.a.t.b.SeqModelChecker - State 6: Checking state invariant 3
2026-07-11T11:31:03,735 [zio-default-async-5] INFO  a.f.a.t.b.SeqModelChecker - State 6: state invariant 3 holds.
2026-07-11T11:31:03,737 [zio-default-async-5] DEBUG a.f.a.t.b.t.TransitionExecutorImpl - Step #6, transition #10
2026-07-11T11:31:03,737 [zio-default-async-5] DEBUG a.f.a.t.b.t.TransitionExecutorImpl - Translating to SMT
2026-07-11T11:31:03,739 [zio-default-async-5] DEBUG a.f.a.t.b.SeqModelChecker - Step 6: Transition #10. Is it enabled?
2026-07-11T11:31:03,760 [zio-default-async-5] DEBUG a.f.a.t.b.SeqModelChecker - Step 6: Transition #10 is enabled
2026-07-11T11:31:03,762 [zio-default-async-5] INFO  a.f.a.t.b.t.TransitionExecutorImpl - Step 6: picking a transition out of 11 transition(s)
2026-07-11T11:31:03,808 [zio-default-async-5] DEBUG a.f.a.t.b.t.TransitionExecutorImpl - Step #7, transition #0
2026-07-11T11:31:03,808 [zio-default-async-5] DEBUG a.f.a.t.b.t.TransitionExecutorImpl - Translating to SMT
2026-07-11T11:31:03,810 [zio-default-async-5] DEBUG a.f.a.t.b.SeqModelChecker - Step 7: Transition #0. Is it enabled?
2026-07-11T11:31:03,843 [zio-default-async-5] DEBUG a.f.a.t.b.SeqModelChecker - Step 7: Transition #0 is enabled
2026-07-11T11:31:03,846 [zio-default-async-5] DEBUG a.f.a.t.b.t.TransitionExecutorImpl - Step #7, transition #1
2026-07-11T11:31:03,846 [zio-default-async-5] DEBUG a.f.a.t.b.t.TransitionExecutorImpl - Translating to SMT
2026-07-11T11:31:03,849 [zio-default-async-5] DEBUG a.f.a.t.b.SeqModelChecker - Step 7: Transition #1. Is it enabled?
2026-07-11T11:31:03,858 [zio-default-async-5] DEBUG a.f.a.t.b.SeqModelChecker - Step 7: Transition #1 is enabled
2026-07-11T11:31:03,860 [zio-default-async-5] DEBUG a.f.a.t.b.t.TransitionExecutorImpl - Step #7, transition #2
2026-07-11T11:31:03,860 [zio-default-async-5] DEBUG a.f.a.t.b.t.TransitionExecutorImpl - Translating to SMT
2026-07-11T11:31:03,863 [zio-default-async-5] DEBUG a.f.a.t.b.SeqModelChecker - Step 7: Transition #2. Is it enabled?
2026-07-11T11:31:03,869 [zio-default-async-5] DEBUG a.f.a.t.b.SeqModelChecker - Step 7: Transition #2 is enabled
2026-07-11T11:31:03,869 [zio-default-async-5] INFO  a.f.a.t.b.SeqModelChecker - State 7: Checking 1 state invariants
2026-07-11T11:31:03,869 [zio-default-async-5] DEBUG a.f.a.t.b.SeqModelChecker - State 7: Checking state invariant 3
2026-07-11T11:31:03,891 [zio-default-async-5] INFO  a.f.a.t.b.SeqModelChecker - State 7: state invariant 3 holds.
2026-07-11T11:31:03,892 [zio-default-async-5] DEBUG a.f.a.t.b.t.TransitionExecutorImpl - Step #7, transition #3
2026-07-11T11:31:03,892 [zio-default-async-5] DEBUG a.f.a.t.b.t.TransitionExecutorImpl - Translating to SMT
2026-07-11T11:31:03,894 [zio-default-async-5] DEBUG a.f.a.t.b.SeqModelChecker - Step 7: Transition #3. Is it enabled?
2026-07-11T11:31:03,933 [zio-default-async-5] DEBUG a.f.a.t.b.SeqModelChecker - Step 7: Transition #3 is enabled
2026-07-11T11:31:03,934 [zio-default-async-5] DEBUG a.f.a.t.b.t.TransitionExecutorImpl - Step #7, transition #4
2026-07-11T11:31:03,935 [zio-default-async-5] DEBUG a.f.a.t.b.t.TransitionExecutorImpl - Translating to SMT
2026-07-11T11:31:03,946 [zio-default-async-5] DEBUG a.f.a.t.b.SeqModelChecker - Step 7: Transition #4. Is it enabled?
2026-07-11T11:31:03,966 [zio-default-async-5] DEBUG a.f.a.t.b.SeqModelChecker - Step 7: Transition #4 is enabled
2026-07-11T11:31:03,966 [zio-default-async-5] INFO  a.f.a.t.b.SeqModelChecker - State 7: Checking 2 state invariants
2026-07-11T11:31:03,966 [zio-default-async-5] DEBUG a.f.a.t.b.SeqModelChecker - State 7: Checking state invariant 1
2026-07-11T11:31:04,348 [zio-default-async-5] INFO  a.f.a.t.b.SeqModelChecker - State 7: state invariant 1 holds.
2026-07-11T11:31:04,349 [zio-default-async-5] DEBUG a.f.a.t.b.SeqModelChecker - State 7: Checking state invariant 2
2026-07-11T11:31:04,456 [zio-default-async-5] INFO  a.f.a.t.b.SeqModelChecker - State 7: state invariant 2 holds.
2026-07-11T11:31:04,457 [zio-default-async-5] DEBUG a.f.a.t.b.t.TransitionExecutorImpl - Step #7, transition #5
2026-07-11T11:31:04,457 [zio-default-async-5] DEBUG a.f.a.t.b.t.TransitionExecutorImpl - Translating to SMT
2026-07-11T11:31:04,483 [zio-default-async-5] DEBUG a.f.a.t.b.SeqModelChecker - Step 7: Transition #5. Is it enabled?
2026-07-11T11:31:04,604 [zio-default-async-5] DEBUG a.f.a.t.b.SeqModelChecker - Step 7: Transition #5 is enabled
2026-07-11T11:31:04,604 [zio-default-async-5] INFO  a.f.a.t.b.SeqModelChecker - State 7: Checking 3 state invariants
2026-07-11T11:31:04,604 [zio-default-async-5] DEBUG a.f.a.t.b.SeqModelChecker - State 7: Checking state invariant 1
2026-07-11T11:31:04,702 [zio-default-async-5] INFO  a.f.a.t.b.SeqModelChecker - State 7: state invariant 1 holds.
2026-07-11T11:31:04,703 [zio-default-async-5] DEBUG a.f.a.t.b.SeqModelChecker - State 7: Checking state invariant 2
2026-07-11T11:31:04,766 [zio-default-async-5] INFO  a.f.a.t.b.SeqModelChecker - State 7: state invariant 2 holds.
2026-07-11T11:31:04,767 [zio-default-async-5] DEBUG a.f.a.t.b.SeqModelChecker - State 7: Checking state invariant 3
2026-07-11T11:31:04,791 [zio-default-async-5] INFO  a.f.a.t.b.SeqModelChecker - State 7: state invariant 3 holds.
2026-07-11T11:31:04,795 [zio-default-async-5] DEBUG a.f.a.t.b.t.TransitionExecutorImpl - Step #7, transition #6
2026-07-11T11:31:04,795 [zio-default-async-5] DEBUG a.f.a.t.b.t.TransitionExecutorImpl - Translating to SMT
2026-07-11T11:31:04,812 [zio-default-async-5] DEBUG a.f.a.t.b.SeqModelChecker - Step 7: Transition #6. Is it enabled?
2026-07-11T11:31:04,890 [zio-default-async-5] DEBUG a.f.a.t.b.SeqModelChecker - Step 7: Transition #6 is enabled
2026-07-11T11:31:04,890 [zio-default-async-5] INFO  a.f.a.t.b.SeqModelChecker - State 7: Checking 2 state invariants
2026-07-11T11:31:04,890 [zio-default-async-5] DEBUG a.f.a.t.b.SeqModelChecker - State 7: Checking state invariant 1
2026-07-11T11:31:05,177 [zio-default-async-5] INFO  a.f.a.t.b.SeqModelChecker - State 7: state invariant 1 holds.
2026-07-11T11:31:05,178 [zio-default-async-5] DEBUG a.f.a.t.b.SeqModelChecker - State 7: Checking state invariant 2
2026-07-11T11:31:05,245 [zio-default-async-5] INFO  a.f.a.t.b.SeqModelChecker - State 7: state invariant 2 holds.
2026-07-11T11:31:05,246 [zio-default-async-5] DEBUG a.f.a.t.b.t.TransitionExecutorImpl - Step #7, transition #7
2026-07-11T11:31:05,246 [zio-default-async-5] DEBUG a.f.a.t.b.t.TransitionExecutorImpl - Translating to SMT
2026-07-11T11:31:05,266 [zio-default-async-5] DEBUG a.f.a.t.b.SeqModelChecker - Step 7: Transition #7. Is it enabled?
2026-07-11T11:31:05,387 [zio-default-async-5] DEBUG a.f.a.t.b.SeqModelChecker - Step 7: Transition #7 is enabled
2026-07-11T11:31:05,387 [zio-default-async-5] INFO  a.f.a.t.b.SeqModelChecker - State 7: Checking 2 state invariants
2026-07-11T11:31:05,387 [zio-default-async-5] DEBUG a.f.a.t.b.SeqModelChecker - State 7: Checking state invariant 1
2026-07-11T11:31:05,627 [zio-default-async-5] INFO  a.f.a.t.b.SeqModelChecker - State 7: state invariant 1 holds.
2026-07-11T11:31:05,628 [zio-default-async-5] DEBUG a.f.a.t.b.SeqModelChecker - State 7: Checking state invariant 2
2026-07-11T11:31:05,832 [zio-default-async-5] INFO  a.f.a.t.b.SeqModelChecker - State 7: state invariant 2 holds.
2026-07-11T11:31:05,833 [zio-default-async-5] DEBUG a.f.a.t.b.t.TransitionExecutorImpl - Step #7, transition #8
2026-07-11T11:31:05,833 [zio-default-async-5] DEBUG a.f.a.t.b.t.TransitionExecutorImpl - Translating to SMT
2026-07-11T11:31:05,842 [zio-default-async-5] DEBUG a.f.a.t.b.SeqModelChecker - Step 7: Transition #8. Is it enabled?
2026-07-11T11:31:05,936 [zio-default-async-5] DEBUG a.f.a.t.b.SeqModelChecker - Step 7: Transition #8 is enabled
2026-07-11T11:31:05,938 [zio-default-async-5] DEBUG a.f.a.t.b.t.TransitionExecutorImpl - Step #7, transition #9
2026-07-11T11:31:05,938 [zio-default-async-5] DEBUG a.f.a.t.b.t.TransitionExecutorImpl - Translating to SMT
2026-07-11T11:31:05,942 [zio-default-async-5] DEBUG a.f.a.t.b.SeqModelChecker - Step 7: Transition #9. Is it enabled?
2026-07-11T11:31:05,951 [zio-default-async-5] DEBUG a.f.a.t.b.SeqModelChecker - Step 7: Transition #9 is enabled
2026-07-11T11:31:05,952 [zio-default-async-5] INFO  a.f.a.t.b.SeqModelChecker - State 7: Checking 1 state invariants
2026-07-11T11:31:05,952 [zio-default-async-5] DEBUG a.f.a.t.b.SeqModelChecker - State 7: Checking state invariant 3
2026-07-11T11:31:05,986 [zio-default-async-5] INFO  a.f.a.t.b.SeqModelChecker - State 7: state invariant 3 holds.
2026-07-11T11:31:05,987 [zio-default-async-5] DEBUG a.f.a.t.b.t.TransitionExecutorImpl - Step #7, transition #10
2026-07-11T11:31:05,987 [zio-default-async-5] DEBUG a.f.a.t.b.t.TransitionExecutorImpl - Translating to SMT
2026-07-11T11:31:05,990 [zio-default-async-5] DEBUG a.f.a.t.b.SeqModelChecker - Step 7: Transition #10. Is it enabled?
2026-07-11T11:31:06,025 [zio-default-async-5] DEBUG a.f.a.t.b.SeqModelChecker - Step 7: Transition #10 is enabled
2026-07-11T11:31:06,027 [zio-default-async-5] INFO  a.f.a.t.b.t.TransitionExecutorImpl - Step 7: picking a transition out of 11 transition(s)
2026-07-11T11:31:06,054 [zio-default-async-5] DEBUG a.f.a.t.b.t.TransitionExecutorImpl - Step #8, transition #0
2026-07-11T11:31:06,054 [zio-default-async-5] DEBUG a.f.a.t.b.t.TransitionExecutorImpl - Translating to SMT
2026-07-11T11:31:06,055 [zio-default-async-5] DEBUG a.f.a.t.b.SeqModelChecker - Step 8: Transition #0. Is it enabled?
2026-07-11T11:31:06,120 [zio-default-async-5] DEBUG a.f.a.t.b.SeqModelChecker - Step 8: Transition #0 is enabled
2026-07-11T11:31:06,122 [zio-default-async-5] DEBUG a.f.a.t.b.t.TransitionExecutorImpl - Step #8, transition #1
2026-07-11T11:31:06,123 [zio-default-async-5] DEBUG a.f.a.t.b.t.TransitionExecutorImpl - Translating to SMT
2026-07-11T11:31:06,125 [zio-default-async-5] DEBUG a.f.a.t.b.SeqModelChecker - Step 8: Transition #1. Is it enabled?
2026-07-11T11:31:06,138 [zio-default-async-5] DEBUG a.f.a.t.b.SeqModelChecker - Step 8: Transition #1 is enabled
2026-07-11T11:31:06,142 [zio-default-async-5] DEBUG a.f.a.t.b.t.TransitionExecutorImpl - Step #8, transition #2
2026-07-11T11:31:06,142 [zio-default-async-5] DEBUG a.f.a.t.b.t.TransitionExecutorImpl - Translating to SMT
2026-07-11T11:31:06,147 [zio-default-async-5] DEBUG a.f.a.t.b.SeqModelChecker - Step 8: Transition #2. Is it enabled?
2026-07-11T11:31:06,155 [zio-default-async-5] DEBUG a.f.a.t.b.SeqModelChecker - Step 8: Transition #2 is enabled
2026-07-11T11:31:06,155 [zio-default-async-5] INFO  a.f.a.t.b.SeqModelChecker - State 8: Checking 1 state invariants
2026-07-11T11:31:06,155 [zio-default-async-5] DEBUG a.f.a.t.b.SeqModelChecker - State 8: Checking state invariant 3
2026-07-11T11:31:06,180 [zio-default-async-5] INFO  a.f.a.t.b.SeqModelChecker - State 8: state invariant 3 holds.
2026-07-11T11:31:06,181 [zio-default-async-5] DEBUG a.f.a.t.b.t.TransitionExecutorImpl - Step #8, transition #3
2026-07-11T11:31:06,181 [zio-default-async-5] DEBUG a.f.a.t.b.t.TransitionExecutorImpl - Translating to SMT
2026-07-11T11:31:06,182 [zio-default-async-5] DEBUG a.f.a.t.b.SeqModelChecker - Step 8: Transition #3. Is it enabled?
2026-07-11T11:31:06,202 [zio-default-async-5] DEBUG a.f.a.t.b.SeqModelChecker - Step 8: Transition #3 is enabled
2026-07-11T11:31:06,204 [zio-default-async-5] DEBUG a.f.a.t.b.t.TransitionExecutorImpl - Step #8, transition #4
2026-07-11T11:31:06,204 [zio-default-async-5] DEBUG a.f.a.t.b.t.TransitionExecutorImpl - Translating to SMT
2026-07-11T11:31:06,215 [zio-default-async-5] DEBUG a.f.a.t.b.SeqModelChecker - Step 8: Transition #4. Is it enabled?
2026-07-11T11:31:06,229 [zio-default-async-5] DEBUG a.f.a.t.b.SeqModelChecker - Step 8: Transition #4 is enabled
2026-07-11T11:31:06,229 [zio-default-async-5] INFO  a.f.a.t.b.SeqModelChecker - State 8: Checking 2 state invariants
2026-07-11T11:31:06,229 [zio-default-async-5] DEBUG a.f.a.t.b.SeqModelChecker - State 8: Checking state invariant 1
2026-07-11T11:31:06,714 [zio-default-async-5] INFO  a.f.a.t.b.SeqModelChecker - State 8: state invariant 1 holds.
2026-07-11T11:31:06,716 [zio-default-async-5] DEBUG a.f.a.t.b.SeqModelChecker - State 8: Checking state invariant 2
2026-07-11T11:31:07,038 [zio-default-async-5] INFO  a.f.a.t.b.SeqModelChecker - State 8: state invariant 2 holds.
2026-07-11T11:31:07,040 [zio-default-async-5] DEBUG a.f.a.t.b.t.TransitionExecutorImpl - Step #8, transition #5
2026-07-11T11:31:07,040 [zio-default-async-5] DEBUG a.f.a.t.b.t.TransitionExecutorImpl - Translating to SMT
2026-07-11T11:31:07,059 [zio-default-async-5] DEBUG a.f.a.t.b.SeqModelChecker - Step 8: Transition #5. Is it enabled?
2026-07-11T11:31:07,193 [zio-default-async-5] DEBUG a.f.a.t.b.SeqModelChecker - Step 8: Transition #5 is enabled
2026-07-11T11:31:07,194 [zio-default-async-5] INFO  a.f.a.t.b.SeqModelChecker - State 8: Checking 3 state invariants
2026-07-11T11:31:07,194 [zio-default-async-5] DEBUG a.f.a.t.b.SeqModelChecker - State 8: Checking state invariant 1
2026-07-11T11:31:07,522 [zio-default-async-5] INFO  a.f.a.t.b.SeqModelChecker - State 8: state invariant 1 holds.
2026-07-11T11:31:07,523 [zio-default-async-5] DEBUG a.f.a.t.b.SeqModelChecker - State 8: Checking state invariant 2
2026-07-11T11:31:07,659 [zio-default-async-5] INFO  a.f.a.t.b.SeqModelChecker - State 8: state invariant 2 holds.
2026-07-11T11:31:07,661 [zio-default-async-5] DEBUG a.f.a.t.b.SeqModelChecker - State 8: Checking state invariant 3
2026-07-11T11:31:07,689 [zio-default-async-5] INFO  a.f.a.t.b.SeqModelChecker - State 8: state invariant 3 holds.
2026-07-11T11:31:07,691 [zio-default-async-5] DEBUG a.f.a.t.b.t.TransitionExecutorImpl - Step #8, transition #6
2026-07-11T11:31:07,691 [zio-default-async-5] DEBUG a.f.a.t.b.t.TransitionExecutorImpl - Translating to SMT
2026-07-11T11:31:07,706 [zio-default-async-5] DEBUG a.f.a.t.b.SeqModelChecker - Step 8: Transition #6. Is it enabled?
2026-07-11T11:31:07,751 [zio-default-async-5] DEBUG a.f.a.t.b.SeqModelChecker - Step 8: Transition #6 is enabled
2026-07-11T11:31:07,751 [zio-default-async-5] INFO  a.f.a.t.b.SeqModelChecker - State 8: Checking 2 state invariants
2026-07-11T11:31:07,751 [zio-default-async-5] DEBUG a.f.a.t.b.SeqModelChecker - State 8: Checking state invariant 1
2026-07-11T11:31:08,099 [zio-default-async-5] INFO  a.f.a.t.b.SeqModelChecker - State 8: state invariant 1 holds.
2026-07-11T11:31:08,100 [zio-default-async-5] DEBUG a.f.a.t.b.SeqModelChecker - State 8: Checking state invariant 2
2026-07-11T11:31:08,237 [zio-default-async-5] INFO  a.f.a.t.b.SeqModelChecker - State 8: state invariant 2 holds.
2026-07-11T11:31:08,238 [zio-default-async-5] DEBUG a.f.a.t.b.t.TransitionExecutorImpl - Step #8, transition #7
2026-07-11T11:31:08,238 [zio-default-async-5] DEBUG a.f.a.t.b.t.TransitionExecutorImpl - Translating to SMT
2026-07-11T11:31:08,257 [zio-default-async-5] DEBUG a.f.a.t.b.SeqModelChecker - Step 8: Transition #7. Is it enabled?
2026-07-11T11:31:08,434 [zio-default-async-5] DEBUG a.f.a.t.b.SeqModelChecker - Step 8: Transition #7 is enabled
2026-07-11T11:31:08,434 [zio-default-async-5] INFO  a.f.a.t.b.SeqModelChecker - State 8: Checking 2 state invariants
2026-07-11T11:31:08,434 [zio-default-async-5] DEBUG a.f.a.t.b.SeqModelChecker - State 8: Checking state invariant 1
2026-07-11T11:31:09,024 [zio-default-async-5] INFO  a.f.a.t.b.SeqModelChecker - State 8: state invariant 1 holds.
2026-07-11T11:31:09,026 [zio-default-async-5] DEBUG a.f.a.t.b.SeqModelChecker - State 8: Checking state invariant 2
2026-07-11T11:31:09,355 [zio-default-async-5] INFO  a.f.a.t.b.SeqModelChecker - State 8: state invariant 2 holds.
2026-07-11T11:31:09,357 [zio-default-async-5] DEBUG a.f.a.t.b.t.TransitionExecutorImpl - Step #8, transition #8
2026-07-11T11:31:09,357 [zio-default-async-5] DEBUG a.f.a.t.b.t.TransitionExecutorImpl - Translating to SMT
2026-07-11T11:31:09,366 [zio-default-async-5] DEBUG a.f.a.t.b.SeqModelChecker - Step 8: Transition #8. Is it enabled?
2026-07-11T11:31:09,483 [zio-default-async-5] DEBUG a.f.a.t.b.SeqModelChecker - Step 8: Transition #8 is enabled
2026-07-11T11:31:09,486 [zio-default-async-5] DEBUG a.f.a.t.b.t.TransitionExecutorImpl - Step #8, transition #9
2026-07-11T11:31:09,486 [zio-default-async-5] DEBUG a.f.a.t.b.t.TransitionExecutorImpl - Translating to SMT
2026-07-11T11:31:09,489 [zio-default-async-5] DEBUG a.f.a.t.b.SeqModelChecker - Step 8: Transition #9. Is it enabled?
2026-07-11T11:31:09,534 [zio-default-async-5] DEBUG a.f.a.t.b.SeqModelChecker - Step 8: Transition #9 is enabled
2026-07-11T11:31:09,535 [zio-default-async-5] INFO  a.f.a.t.b.SeqModelChecker - State 8: Checking 1 state invariants
2026-07-11T11:31:09,535 [zio-default-async-5] DEBUG a.f.a.t.b.SeqModelChecker - State 8: Checking state invariant 3
2026-07-11T11:31:09,555 [zio-default-async-5] INFO  a.f.a.t.b.SeqModelChecker - State 8: state invariant 3 holds.
2026-07-11T11:31:09,557 [zio-default-async-5] DEBUG a.f.a.t.b.t.TransitionExecutorImpl - Step #8, transition #10
2026-07-11T11:31:09,557 [zio-default-async-5] DEBUG a.f.a.t.b.t.TransitionExecutorImpl - Translating to SMT
2026-07-11T11:31:09,559 [zio-default-async-5] DEBUG a.f.a.t.b.SeqModelChecker - Step 8: Transition #10. Is it enabled?
2026-07-11T11:31:09,602 [zio-default-async-5] DEBUG a.f.a.t.b.SeqModelChecker - Step 8: Transition #10 is enabled
2026-07-11T11:31:09,604 [zio-default-async-5] INFO  a.f.a.t.b.t.TransitionExecutorImpl - Step 8: picking a transition out of 11 transition(s)
2026-07-11T11:31:09,629 [zio-default-async-5] DEBUG a.f.a.t.b.t.TransitionExecutorImpl - Step #9, transition #0
2026-07-11T11:31:09,629 [zio-default-async-5] DEBUG a.f.a.t.b.t.TransitionExecutorImpl - Translating to SMT
2026-07-11T11:31:09,630 [zio-default-async-5] DEBUG a.f.a.t.b.SeqModelChecker - Step 9: Transition #0. Is it enabled?
2026-07-11T11:31:09,647 [zio-default-async-5] DEBUG a.f.a.t.b.SeqModelChecker - Step 9: Transition #0 is enabled
2026-07-11T11:31:09,649 [zio-default-async-5] DEBUG a.f.a.t.b.t.TransitionExecutorImpl - Step #9, transition #1
2026-07-11T11:31:09,649 [zio-default-async-5] DEBUG a.f.a.t.b.t.TransitionExecutorImpl - Translating to SMT
2026-07-11T11:31:09,651 [zio-default-async-5] DEBUG a.f.a.t.b.SeqModelChecker - Step 9: Transition #1. Is it enabled?
2026-07-11T11:31:09,661 [zio-default-async-5] DEBUG a.f.a.t.b.SeqModelChecker - Step 9: Transition #1 is enabled
2026-07-11T11:31:09,663 [zio-default-async-5] DEBUG a.f.a.t.b.t.TransitionExecutorImpl - Step #9, transition #2
2026-07-11T11:31:09,663 [zio-default-async-5] DEBUG a.f.a.t.b.t.TransitionExecutorImpl - Translating to SMT
2026-07-11T11:31:09,687 [zio-default-async-5] DEBUG a.f.a.t.b.SeqModelChecker - Step 9: Transition #2. Is it enabled?
2026-07-11T11:31:09,704 [zio-default-async-5] DEBUG a.f.a.t.b.SeqModelChecker - Step 9: Transition #2 is enabled
2026-07-11T11:31:09,705 [zio-default-async-5] INFO  a.f.a.t.b.SeqModelChecker - State 9: Checking 1 state invariants
2026-07-11T11:31:09,705 [zio-default-async-5] DEBUG a.f.a.t.b.SeqModelChecker - State 9: Checking state invariant 3
2026-07-11T11:31:09,749 [zio-default-async-5] INFO  a.f.a.t.b.SeqModelChecker - State 9: state invariant 3 holds.
2026-07-11T11:31:09,750 [zio-default-async-5] DEBUG a.f.a.t.b.t.TransitionExecutorImpl - Step #9, transition #3
2026-07-11T11:31:09,751 [zio-default-async-5] DEBUG a.f.a.t.b.t.TransitionExecutorImpl - Translating to SMT
2026-07-11T11:31:09,752 [zio-default-async-5] DEBUG a.f.a.t.b.SeqModelChecker - Step 9: Transition #3. Is it enabled?
2026-07-11T11:31:09,837 [zio-default-async-5] DEBUG a.f.a.t.b.SeqModelChecker - Step 9: Transition #3 is enabled
2026-07-11T11:31:09,841 [zio-default-async-5] DEBUG a.f.a.t.b.t.TransitionExecutorImpl - Step #9, transition #4
2026-07-11T11:31:09,841 [zio-default-async-5] DEBUG a.f.a.t.b.t.TransitionExecutorImpl - Translating to SMT
2026-07-11T11:31:09,853 [zio-default-async-5] DEBUG a.f.a.t.b.SeqModelChecker - Step 9: Transition #4. Is it enabled?
2026-07-11T11:31:10,079 [zio-default-async-5] DEBUG a.f.a.t.b.SeqModelChecker - Step 9: Transition #4 is enabled
2026-07-11T11:31:10,079 [zio-default-async-5] INFO  a.f.a.t.b.SeqModelChecker - State 9: Checking 2 state invariants
2026-07-11T11:31:10,079 [zio-default-async-5] DEBUG a.f.a.t.b.SeqModelChecker - State 9: Checking state invariant 1
2026-07-11T11:31:10,515 [zio-default-async-5] INFO  a.f.a.t.b.SeqModelChecker - State 9: state invariant 1 holds.
2026-07-11T11:31:10,517 [zio-default-async-5] DEBUG a.f.a.t.b.SeqModelChecker - State 9: Checking state invariant 2
2026-07-11T11:31:10,797 [zio-default-async-5] INFO  a.f.a.t.b.SeqModelChecker - State 9: state invariant 2 holds.
2026-07-11T11:31:10,799 [zio-default-async-5] DEBUG a.f.a.t.b.t.TransitionExecutorImpl - Step #9, transition #5
2026-07-11T11:31:10,799 [zio-default-async-5] DEBUG a.f.a.t.b.t.TransitionExecutorImpl - Translating to SMT
2026-07-11T11:31:10,819 [zio-default-async-5] DEBUG a.f.a.t.b.SeqModelChecker - Step 9: Transition #5. Is it enabled?
2026-07-11T11:31:11,074 [zio-default-async-5] DEBUG a.f.a.t.b.SeqModelChecker - Step 9: Transition #5 is enabled
2026-07-11T11:31:11,075 [zio-default-async-5] INFO  a.f.a.t.b.SeqModelChecker - State 9: Checking 3 state invariants
2026-07-11T11:31:11,075 [zio-default-async-5] DEBUG a.f.a.t.b.SeqModelChecker - State 9: Checking state invariant 1
2026-07-11T11:31:11,285 [zio-default-async-5] INFO  a.f.a.t.b.SeqModelChecker - State 9: state invariant 1 holds.
2026-07-11T11:31:11,286 [zio-default-async-5] DEBUG a.f.a.t.b.SeqModelChecker - State 9: Checking state invariant 2
2026-07-11T11:31:11,600 [zio-default-async-5] INFO  a.f.a.t.b.SeqModelChecker - State 9: state invariant 2 holds.
2026-07-11T11:31:11,602 [zio-default-async-5] DEBUG a.f.a.t.b.SeqModelChecker - State 9: Checking state invariant 3
2026-07-11T11:31:11,651 [zio-default-async-5] INFO  a.f.a.t.b.SeqModelChecker - State 9: state invariant 3 holds.
2026-07-11T11:31:11,653 [zio-default-async-5] DEBUG a.f.a.t.b.t.TransitionExecutorImpl - Step #9, transition #6
2026-07-11T11:31:11,653 [zio-default-async-5] DEBUG a.f.a.t.b.t.TransitionExecutorImpl - Translating to SMT
2026-07-11T11:31:11,668 [zio-default-async-5] DEBUG a.f.a.t.b.SeqModelChecker - Step 9: Transition #6. Is it enabled?
2026-07-11T11:31:11,815 [zio-default-async-5] DEBUG a.f.a.t.b.SeqModelChecker - Step 9: Transition #6 is enabled
2026-07-11T11:31:11,816 [zio-default-async-5] INFO  a.f.a.t.b.SeqModelChecker - State 9: Checking 2 state invariants
2026-07-11T11:31:11,816 [zio-default-async-5] DEBUG a.f.a.t.b.SeqModelChecker - State 9: Checking state invariant 1
2026-07-11T11:31:12,382 [zio-default-async-5] INFO  a.f.a.t.b.SeqModelChecker - State 9: state invariant 1 holds.
2026-07-11T11:31:12,383 [zio-default-async-5] DEBUG a.f.a.t.b.SeqModelChecker - State 9: Checking state invariant 2
2026-07-11T11:31:12,632 [zio-default-async-5] INFO  a.f.a.t.b.SeqModelChecker - State 9: state invariant 2 holds.
2026-07-11T11:31:12,634 [zio-default-async-5] DEBUG a.f.a.t.b.t.TransitionExecutorImpl - Step #9, transition #7
2026-07-11T11:31:12,635 [zio-default-async-5] DEBUG a.f.a.t.b.t.TransitionExecutorImpl - Translating to SMT
2026-07-11T11:31:12,653 [zio-default-async-5] DEBUG a.f.a.t.b.SeqModelChecker - Step 9: Transition #7. Is it enabled?
2026-07-11T11:31:12,871 [zio-default-async-5] DEBUG a.f.a.t.b.SeqModelChecker - Step 9: Transition #7 is enabled
2026-07-11T11:31:12,872 [zio-default-async-5] INFO  a.f.a.t.b.SeqModelChecker - State 9: Checking 2 state invariants
2026-07-11T11:31:12,872 [zio-default-async-5] DEBUG a.f.a.t.b.SeqModelChecker - State 9: Checking state invariant 1
2026-07-11T11:31:13,841 [zio-default-async-5] INFO  a.f.a.t.b.SeqModelChecker - State 9: state invariant 1 holds.
2026-07-11T11:31:13,843 [zio-default-async-5] DEBUG a.f.a.t.b.SeqModelChecker - State 9: Checking state invariant 2
2026-07-11T11:31:14,335 [zio-default-async-5] INFO  a.f.a.t.b.SeqModelChecker - State 9: state invariant 2 holds.
2026-07-11T11:31:14,338 [zio-default-async-5] DEBUG a.f.a.t.b.t.TransitionExecutorImpl - Step #9, transition #8
2026-07-11T11:31:14,338 [zio-default-async-5] DEBUG a.f.a.t.b.t.TransitionExecutorImpl - Translating to SMT
2026-07-11T11:31:14,346 [zio-default-async-5] DEBUG a.f.a.t.b.SeqModelChecker - Step 9: Transition #8. Is it enabled?
2026-07-11T11:31:14,439 [zio-default-async-5] DEBUG a.f.a.t.b.SeqModelChecker - Step 9: Transition #8 is enabled
2026-07-11T11:31:14,442 [zio-default-async-5] DEBUG a.f.a.t.b.t.TransitionExecutorImpl - Step #9, transition #9
2026-07-11T11:31:14,442 [zio-default-async-5] DEBUG a.f.a.t.b.t.TransitionExecutorImpl - Translating to SMT
2026-07-11T11:31:14,445 [zio-default-async-5] DEBUG a.f.a.t.b.SeqModelChecker - Step 9: Transition #9. Is it enabled?
2026-07-11T11:31:14,459 [zio-default-async-5] DEBUG a.f.a.t.b.SeqModelChecker - Step 9: Transition #9 is enabled
2026-07-11T11:31:14,459 [zio-default-async-5] INFO  a.f.a.t.b.SeqModelChecker - State 9: Checking 1 state invariants
2026-07-11T11:31:14,459 [zio-default-async-5] DEBUG a.f.a.t.b.SeqModelChecker - State 9: Checking state invariant 3
2026-07-11T11:31:14,505 [zio-default-async-5] INFO  a.f.a.t.b.SeqModelChecker - State 9: state invariant 3 holds.
2026-07-11T11:31:14,506 [zio-default-async-5] DEBUG a.f.a.t.b.t.TransitionExecutorImpl - Step #9, transition #10
2026-07-11T11:31:14,506 [zio-default-async-5] DEBUG a.f.a.t.b.t.TransitionExecutorImpl - Translating to SMT
2026-07-11T11:31:14,508 [zio-default-async-5] DEBUG a.f.a.t.b.SeqModelChecker - Step 9: Transition #10. Is it enabled?
2026-07-11T11:31:14,600 [zio-default-async-5] DEBUG a.f.a.t.b.SeqModelChecker - Step 9: Transition #10 is enabled
2026-07-11T11:31:14,602 [zio-default-async-5] INFO  a.f.a.t.b.t.TransitionExecutorImpl - Step 9: picking a transition out of 11 transition(s)
2026-07-11T11:31:14,628 [zio-default-async-5] DEBUG a.f.a.t.b.t.TransitionExecutorImpl - Step #10, transition #0
2026-07-11T11:31:14,628 [zio-default-async-5] DEBUG a.f.a.t.b.t.TransitionExecutorImpl - Translating to SMT
2026-07-11T11:31:14,629 [zio-default-async-5] DEBUG a.f.a.t.b.SeqModelChecker - Step 10: Transition #0. Is it enabled?
2026-07-11T11:31:14,860 [zio-default-async-5] DEBUG a.f.a.t.b.SeqModelChecker - Step 10: Transition #0 is enabled
2026-07-11T11:31:14,863 [zio-default-async-5] DEBUG a.f.a.t.b.t.TransitionExecutorImpl - Step #10, transition #1
2026-07-11T11:31:14,863 [zio-default-async-5] DEBUG a.f.a.t.b.t.TransitionExecutorImpl - Translating to SMT
2026-07-11T11:31:14,865 [zio-default-async-5] DEBUG a.f.a.t.b.SeqModelChecker - Step 10: Transition #1. Is it enabled?
2026-07-11T11:31:14,873 [zio-default-async-5] DEBUG a.f.a.t.b.SeqModelChecker - Step 10: Transition #1 is enabled
2026-07-11T11:31:14,875 [zio-default-async-5] DEBUG a.f.a.t.b.t.TransitionExecutorImpl - Step #10, transition #2
2026-07-11T11:31:14,875 [zio-default-async-5] DEBUG a.f.a.t.b.t.TransitionExecutorImpl - Translating to SMT
2026-07-11T11:31:14,879 [zio-default-async-5] DEBUG a.f.a.t.b.SeqModelChecker - Step 10: Transition #2. Is it enabled?
2026-07-11T11:31:14,890 [zio-default-async-5] DEBUG a.f.a.t.b.SeqModelChecker - Step 10: Transition #2 is enabled
2026-07-11T11:31:14,890 [zio-default-async-5] INFO  a.f.a.t.b.SeqModelChecker - State 10: Checking 1 state invariants
2026-07-11T11:31:14,890 [zio-default-async-5] DEBUG a.f.a.t.b.SeqModelChecker - State 10: Checking state invariant 3
2026-07-11T11:31:14,997 [zio-default-async-5] INFO  a.f.a.t.b.SeqModelChecker - State 10: state invariant 3 holds.
2026-07-11T11:31:14,999 [zio-default-async-5] DEBUG a.f.a.t.b.t.TransitionExecutorImpl - Step #10, transition #3
2026-07-11T11:31:14,999 [zio-default-async-5] DEBUG a.f.a.t.b.t.TransitionExecutorImpl - Translating to SMT
2026-07-11T11:31:15,000 [zio-default-async-5] DEBUG a.f.a.t.b.SeqModelChecker - Step 10: Transition #3. Is it enabled?
2026-07-11T11:31:15,155 [zio-default-async-5] DEBUG a.f.a.t.b.SeqModelChecker - Step 10: Transition #3 is enabled
2026-07-11T11:31:15,160 [zio-default-async-5] DEBUG a.f.a.t.b.t.TransitionExecutorImpl - Step #10, transition #4
2026-07-11T11:31:15,160 [zio-default-async-5] DEBUG a.f.a.t.b.t.TransitionExecutorImpl - Translating to SMT
2026-07-11T11:31:15,171 [zio-default-async-5] DEBUG a.f.a.t.b.SeqModelChecker - Step 10: Transition #4. Is it enabled?
2026-07-11T11:31:15,411 [zio-default-async-5] DEBUG a.f.a.t.b.SeqModelChecker - Step 10: Transition #4 is enabled
2026-07-11T11:31:15,411 [zio-default-async-5] INFO  a.f.a.t.b.SeqModelChecker - State 10: Checking 2 state invariants
2026-07-11T11:31:15,412 [zio-default-async-5] DEBUG a.f.a.t.b.SeqModelChecker - State 10: Checking state invariant 1
2026-07-11T11:31:15,950 [zio-default-async-5] INFO  a.f.a.t.b.SeqModelChecker - State 10: state invariant 1 holds.
2026-07-11T11:31:15,952 [zio-default-async-5] DEBUG a.f.a.t.b.SeqModelChecker - State 10: Checking state invariant 2
2026-07-11T11:31:16,324 [zio-default-async-5] INFO  a.f.a.t.b.SeqModelChecker - State 10: state invariant 2 holds.
2026-07-11T11:31:16,327 [zio-default-async-5] DEBUG a.f.a.t.b.t.TransitionExecutorImpl - Step #10, transition #5
2026-07-11T11:31:16,327 [zio-default-async-5] DEBUG a.f.a.t.b.t.TransitionExecutorImpl - Translating to SMT
2026-07-11T11:31:16,345 [zio-default-async-5] DEBUG a.f.a.t.b.SeqModelChecker - Step 10: Transition #5. Is it enabled?
2026-07-11T11:31:16,721 [zio-default-async-5] DEBUG a.f.a.t.b.SeqModelChecker - Step 10: Transition #5 is enabled
2026-07-11T11:31:16,721 [zio-default-async-5] INFO  a.f.a.t.b.SeqModelChecker - State 10: Checking 3 state invariants
2026-07-11T11:31:16,721 [zio-default-async-5] DEBUG a.f.a.t.b.SeqModelChecker - State 10: Checking state invariant 1
2026-07-11T11:31:17,107 [zio-default-async-5] INFO  a.f.a.t.b.SeqModelChecker - State 10: state invariant 1 holds.
2026-07-11T11:31:17,108 [zio-default-async-5] DEBUG a.f.a.t.b.SeqModelChecker - State 10: Checking state invariant 2
2026-07-11T11:31:17,241 [zio-default-async-5] INFO  a.f.a.t.b.SeqModelChecker - State 10: state invariant 2 holds.
2026-07-11T11:31:17,243 [zio-default-async-5] DEBUG a.f.a.t.b.SeqModelChecker - State 10: Checking state invariant 3
2026-07-11T11:31:17,277 [zio-default-async-5] INFO  a.f.a.t.b.SeqModelChecker - State 10: state invariant 3 holds.
2026-07-11T11:31:17,279 [zio-default-async-5] DEBUG a.f.a.t.b.t.TransitionExecutorImpl - Step #10, transition #6
2026-07-11T11:31:17,279 [zio-default-async-5] DEBUG a.f.a.t.b.t.TransitionExecutorImpl - Translating to SMT
2026-07-11T11:31:17,294 [zio-default-async-5] DEBUG a.f.a.t.b.SeqModelChecker - Step 10: Transition #6. Is it enabled?
2026-07-11T11:31:17,459 [zio-default-async-5] DEBUG a.f.a.t.b.SeqModelChecker - Step 10: Transition #6 is enabled
2026-07-11T11:31:17,459 [zio-default-async-5] INFO  a.f.a.t.b.SeqModelChecker - State 10: Checking 2 state invariants
2026-07-11T11:31:17,459 [zio-default-async-5] DEBUG a.f.a.t.b.SeqModelChecker - State 10: Checking state invariant 1
2026-07-11T11:31:18,481 [zio-default-async-5] INFO  a.f.a.t.b.SeqModelChecker - State 10: state invariant 1 holds.
2026-07-11T11:31:18,483 [zio-default-async-5] DEBUG a.f.a.t.b.SeqModelChecker - State 10: Checking state invariant 2
2026-07-11T11:31:18,784 [zio-default-async-5] INFO  a.f.a.t.b.SeqModelChecker - State 10: state invariant 2 holds.
2026-07-11T11:31:18,786 [zio-default-async-5] DEBUG a.f.a.t.b.t.TransitionExecutorImpl - Step #10, transition #7
2026-07-11T11:31:18,786 [zio-default-async-5] DEBUG a.f.a.t.b.t.TransitionExecutorImpl - Translating to SMT
2026-07-11T11:31:18,806 [zio-default-async-5] DEBUG a.f.a.t.b.SeqModelChecker - Step 10: Transition #7. Is it enabled?
2026-07-11T11:31:19,426 [zio-default-async-5] DEBUG a.f.a.t.b.SeqModelChecker - Step 10: Transition #7 is enabled
2026-07-11T11:31:19,426 [zio-default-async-5] INFO  a.f.a.t.b.SeqModelChecker - State 10: Checking 2 state invariants
2026-07-11T11:31:19,426 [zio-default-async-5] DEBUG a.f.a.t.b.SeqModelChecker - State 10: Checking state invariant 1
2026-07-11T11:31:20,494 [zio-default-async-5] INFO  a.f.a.t.b.SeqModelChecker - State 10: state invariant 1 holds.
2026-07-11T11:31:20,496 [zio-default-async-5] DEBUG a.f.a.t.b.SeqModelChecker - State 10: Checking state invariant 2
2026-07-11T11:31:20,789 [zio-default-async-5] INFO  a.f.a.t.b.SeqModelChecker - State 10: state invariant 2 holds.
2026-07-11T11:31:20,791 [zio-default-async-5] DEBUG a.f.a.t.b.t.TransitionExecutorImpl - Step #10, transition #8
2026-07-11T11:31:20,792 [zio-default-async-5] DEBUG a.f.a.t.b.t.TransitionExecutorImpl - Translating to SMT
2026-07-11T11:31:20,799 [zio-default-async-5] DEBUG a.f.a.t.b.SeqModelChecker - Step 10: Transition #8. Is it enabled?
2026-07-11T11:31:21,142 [zio-default-async-5] DEBUG a.f.a.t.b.SeqModelChecker - Step 10: Transition #8 is enabled
2026-07-11T11:31:21,146 [zio-default-async-5] DEBUG a.f.a.t.b.t.TransitionExecutorImpl - Step #10, transition #9
2026-07-11T11:31:21,146 [zio-default-async-5] DEBUG a.f.a.t.b.t.TransitionExecutorImpl - Translating to SMT
2026-07-11T11:31:21,149 [zio-default-async-5] DEBUG a.f.a.t.b.SeqModelChecker - Step 10: Transition #9. Is it enabled?
2026-07-11T11:31:21,198 [zio-default-async-5] DEBUG a.f.a.t.b.SeqModelChecker - Step 10: Transition #9 is enabled
2026-07-11T11:31:21,199 [zio-default-async-5] INFO  a.f.a.t.b.SeqModelChecker - State 10: Checking 1 state invariants
2026-07-11T11:31:21,199 [zio-default-async-5] DEBUG a.f.a.t.b.SeqModelChecker - State 10: Checking state invariant 3
2026-07-11T11:31:21,251 [zio-default-async-5] INFO  a.f.a.t.b.SeqModelChecker - State 10: state invariant 3 holds.
2026-07-11T11:31:21,253 [zio-default-async-5] DEBUG a.f.a.t.b.t.TransitionExecutorImpl - Step #10, transition #10
2026-07-11T11:31:21,253 [zio-default-async-5] DEBUG a.f.a.t.b.t.TransitionExecutorImpl - Translating to SMT
2026-07-11T11:31:21,256 [zio-default-async-5] DEBUG a.f.a.t.b.SeqModelChecker - Step 10: Transition #10. Is it enabled?
2026-07-11T11:31:21,403 [zio-default-async-5] DEBUG a.f.a.t.b.SeqModelChecker - Step 10: Transition #10 is enabled
2026-07-11T11:31:21,407 [zio-default-async-5] INFO  a.f.a.t.b.t.TransitionExecutorImpl - Step 10: picking a transition out of 11 transition(s)
2026-07-11T11:31:21,436 [zio-default-async-5] DEBUG a.f.a.t.b.t.TransitionExecutorImpl - Step #11, transition #0
2026-07-11T11:31:21,436 [zio-default-async-5] DEBUG a.f.a.t.b.t.TransitionExecutorImpl - Translating to SMT
2026-07-11T11:31:21,437 [zio-default-async-5] DEBUG a.f.a.t.b.SeqModelChecker - Step 11: Transition #0. Is it enabled?
2026-07-11T11:31:21,545 [zio-default-async-5] DEBUG a.f.a.t.b.SeqModelChecker - Step 11: Transition #0 is enabled
2026-07-11T11:31:21,548 [zio-default-async-5] DEBUG a.f.a.t.b.t.TransitionExecutorImpl - Step #11, transition #1
2026-07-11T11:31:21,549 [zio-default-async-5] DEBUG a.f.a.t.b.t.TransitionExecutorImpl - Translating to SMT
2026-07-11T11:31:21,551 [zio-default-async-5] DEBUG a.f.a.t.b.SeqModelChecker - Step 11: Transition #1. Is it enabled?
2026-07-11T11:31:21,561 [zio-default-async-5] DEBUG a.f.a.t.b.SeqModelChecker - Step 11: Transition #1 is enabled
2026-07-11T11:31:21,565 [zio-default-async-5] DEBUG a.f.a.t.b.t.TransitionExecutorImpl - Step #11, transition #2
2026-07-11T11:31:21,565 [zio-default-async-5] DEBUG a.f.a.t.b.t.TransitionExecutorImpl - Translating to SMT
2026-07-11T11:31:21,568 [zio-default-async-5] DEBUG a.f.a.t.b.SeqModelChecker - Step 11: Transition #2. Is it enabled?
2026-07-11T11:31:21,579 [zio-default-async-5] DEBUG a.f.a.t.b.SeqModelChecker - Step 11: Transition #2 is enabled
2026-07-11T11:31:21,579 [zio-default-async-5] INFO  a.f.a.t.b.SeqModelChecker - State 11: Checking 1 state invariants
2026-07-11T11:31:21,579 [zio-default-async-5] DEBUG a.f.a.t.b.SeqModelChecker - State 11: Checking state invariant 3
2026-07-11T11:31:21,666 [zio-default-async-5] INFO  a.f.a.t.b.SeqModelChecker - State 11: state invariant 3 holds.
2026-07-11T11:31:21,668 [zio-default-async-5] DEBUG a.f.a.t.b.t.TransitionExecutorImpl - Step #11, transition #3
2026-07-11T11:31:21,669 [zio-default-async-5] DEBUG a.f.a.t.b.t.TransitionExecutorImpl - Translating to SMT
2026-07-11T11:31:21,670 [zio-default-async-5] DEBUG a.f.a.t.b.SeqModelChecker - Step 11: Transition #3. Is it enabled?
2026-07-11T11:31:21,792 [zio-default-async-5] DEBUG a.f.a.t.b.SeqModelChecker - Step 11: Transition #3 is enabled
2026-07-11T11:31:21,797 [zio-default-async-5] DEBUG a.f.a.t.b.t.TransitionExecutorImpl - Step #11, transition #4
2026-07-11T11:31:21,797 [zio-default-async-5] DEBUG a.f.a.t.b.t.TransitionExecutorImpl - Translating to SMT
2026-07-11T11:31:21,827 [zio-default-async-5] DEBUG a.f.a.t.b.SeqModelChecker - Step 11: Transition #4. Is it enabled?
2026-07-11T11:31:22,206 [zio-default-async-5] DEBUG a.f.a.t.b.SeqModelChecker - Step 11: Transition #4 is enabled
2026-07-11T11:31:22,206 [zio-default-async-5] INFO  a.f.a.t.b.SeqModelChecker - State 11: Checking 2 state invariants
2026-07-11T11:31:22,206 [zio-default-async-5] DEBUG a.f.a.t.b.SeqModelChecker - State 11: Checking state invariant 1
2026-07-11T11:31:23,043 [zio-default-async-5] INFO  a.f.a.t.b.SeqModelChecker - State 11: state invariant 1 holds.
2026-07-11T11:31:23,044 [zio-default-async-5] DEBUG a.f.a.t.b.SeqModelChecker - State 11: Checking state invariant 2
2026-07-11T11:31:23,701 [zio-default-async-5] INFO  a.f.a.t.b.SeqModelChecker - State 11: state invariant 2 holds.
2026-07-11T11:31:23,703 [zio-default-async-5] DEBUG a.f.a.t.b.t.TransitionExecutorImpl - Step #11, transition #5
2026-07-11T11:31:23,703 [zio-default-async-5] DEBUG a.f.a.t.b.t.TransitionExecutorImpl - Translating to SMT
2026-07-11T11:31:23,722 [zio-default-async-5] DEBUG a.f.a.t.b.SeqModelChecker - Step 11: Transition #5. Is it enabled?
2026-07-11T11:31:24,097 [zio-default-async-5] DEBUG a.f.a.t.b.SeqModelChecker - Step 11: Transition #5 is enabled
2026-07-11T11:31:24,098 [zio-default-async-5] INFO  a.f.a.t.b.SeqModelChecker - State 11: Checking 3 state invariants
2026-07-11T11:31:24,098 [zio-default-async-5] DEBUG a.f.a.t.b.SeqModelChecker - State 11: Checking state invariant 1
2026-07-11T11:31:24,556 [zio-default-async-5] INFO  a.f.a.t.b.SeqModelChecker - State 11: state invariant 1 holds.
2026-07-11T11:31:24,557 [zio-default-async-5] DEBUG a.f.a.t.b.SeqModelChecker - State 11: Checking state invariant 2
2026-07-11T11:31:24,775 [zio-default-async-5] INFO  a.f.a.t.b.SeqModelChecker - State 11: state invariant 2 holds.
2026-07-11T11:31:24,777 [zio-default-async-5] DEBUG a.f.a.t.b.SeqModelChecker - State 11: Checking state invariant 3
2026-07-11T11:31:24,818 [zio-default-async-5] INFO  a.f.a.t.b.SeqModelChecker - State 11: state invariant 3 holds.
2026-07-11T11:31:24,820 [zio-default-async-5] DEBUG a.f.a.t.b.t.TransitionExecutorImpl - Step #11, transition #6
2026-07-11T11:31:24,820 [zio-default-async-5] DEBUG a.f.a.t.b.t.TransitionExecutorImpl - Translating to SMT
2026-07-11T11:31:24,835 [zio-default-async-5] DEBUG a.f.a.t.b.SeqModelChecker - Step 11: Transition #6. Is it enabled?
2026-07-11T11:31:25,190 [zio-default-async-5] DEBUG a.f.a.t.b.SeqModelChecker - Step 11: Transition #6 is enabled
2026-07-11T11:31:25,191 [zio-default-async-5] INFO  a.f.a.t.b.SeqModelChecker - State 11: Checking 2 state invariants
2026-07-11T11:31:25,191 [zio-default-async-5] DEBUG a.f.a.t.b.SeqModelChecker - State 11: Checking state invariant 1
2026-07-11T11:31:28,438 [zio-default-async-5] INFO  a.f.a.t.b.SeqModelChecker - State 11: state invariant 1 holds.
2026-07-11T11:31:28,442 [zio-default-async-5] DEBUG a.f.a.t.b.SeqModelChecker - State 11: Checking state invariant 2
2026-07-11T11:31:29,035 [zio-default-async-5] INFO  a.f.a.t.b.SeqModelChecker - State 11: state invariant 2 holds.
2026-07-11T11:31:29,042 [zio-default-async-5] DEBUG a.f.a.t.b.t.TransitionExecutorImpl - Step #11, transition #7
2026-07-11T11:31:29,042 [zio-default-async-5] DEBUG a.f.a.t.b.t.TransitionExecutorImpl - Translating to SMT
2026-07-11T11:31:29,087 [zio-default-async-5] DEBUG a.f.a.t.b.SeqModelChecker - Step 11: Transition #7. Is it enabled?
2026-07-11T11:31:29,883 [zio-default-async-5] DEBUG a.f.a.t.b.SeqModelChecker - Step 11: Transition #7 is enabled
2026-07-11T11:31:29,885 [zio-default-async-5] INFO  a.f.a.t.b.SeqModelChecker - State 11: Checking 2 state invariants
2026-07-11T11:31:29,885 [zio-default-async-5] DEBUG a.f.a.t.b.SeqModelChecker - State 11: Checking state invariant 1
2026-07-11T11:31:32,978 [zio-default-async-5] INFO  a.f.a.t.b.SeqModelChecker - State 11: state invariant 1 holds.
2026-07-11T11:31:32,982 [zio-default-async-5] DEBUG a.f.a.t.b.SeqModelChecker - State 11: Checking state invariant 2
2026-07-11T11:31:35,255 [zio-default-async-5] INFO  a.f.a.t.b.SeqModelChecker - State 11: state invariant 2 holds.
2026-07-11T11:31:35,262 [zio-default-async-5] DEBUG a.f.a.t.b.t.TransitionExecutorImpl - Step #11, transition #8
2026-07-11T11:31:35,263 [zio-default-async-5] DEBUG a.f.a.t.b.t.TransitionExecutorImpl - Translating to SMT
2026-07-11T11:31:35,279 [zio-default-async-5] DEBUG a.f.a.t.b.SeqModelChecker - Step 11: Transition #8. Is it enabled?
2026-07-11T11:31:35,673 [zio-default-async-5] DEBUG a.f.a.t.b.SeqModelChecker - Step 11: Transition #8 is enabled
2026-07-11T11:31:35,680 [zio-default-async-5] DEBUG a.f.a.t.b.t.TransitionExecutorImpl - Step #11, transition #9
2026-07-11T11:31:35,681 [zio-default-async-5] DEBUG a.f.a.t.b.t.TransitionExecutorImpl - Translating to SMT
2026-07-11T11:31:35,694 [zio-default-async-5] DEBUG a.f.a.t.b.SeqModelChecker - Step 11: Transition #9. Is it enabled?
2026-07-11T11:31:35,717 [zio-default-async-5] DEBUG a.f.a.t.b.SeqModelChecker - Step 11: Transition #9 is enabled
2026-07-11T11:31:35,719 [zio-default-async-5] INFO  a.f.a.t.b.SeqModelChecker - State 11: Checking 1 state invariants
2026-07-11T11:31:35,719 [zio-default-async-5] DEBUG a.f.a.t.b.SeqModelChecker - State 11: Checking state invariant 3
2026-07-11T11:31:35,841 [zio-default-async-5] INFO  a.f.a.t.b.SeqModelChecker - State 11: state invariant 3 holds.
2026-07-11T11:31:35,846 [zio-default-async-5] DEBUG a.f.a.t.b.t.TransitionExecutorImpl - Step #11, transition #10
2026-07-11T11:31:35,847 [zio-default-async-5] DEBUG a.f.a.t.b.t.TransitionExecutorImpl - Translating to SMT
2026-07-11T11:31:35,854 [zio-default-async-5] DEBUG a.f.a.t.b.SeqModelChecker - Step 11: Transition #10. Is it enabled?
2026-07-11T11:31:36,360 [zio-default-async-5] DEBUG a.f.a.t.b.SeqModelChecker - Step 11: Transition #10 is enabled
2026-07-11T11:31:36,371 [zio-default-async-5] INFO  a.f.a.t.b.t.TransitionExecutorImpl - Step 11: picking a transition out of 11 transition(s)
2026-07-11T11:31:36,433 [zio-default-async-5] DEBUG a.f.a.t.b.t.TransitionExecutorImpl - Step #12, transition #0
2026-07-11T11:31:36,433 [zio-default-async-5] DEBUG a.f.a.t.b.t.TransitionExecutorImpl - Translating to SMT
2026-07-11T11:31:36,438 [zio-default-async-5] DEBUG a.f.a.t.b.SeqModelChecker - Step 12: Transition #0. Is it enabled?
2026-07-11T11:31:37,299 [zio-default-async-5] DEBUG a.f.a.t.b.SeqModelChecker - Step 12: Transition #0 is enabled
2026-07-11T11:31:37,308 [zio-default-async-5] DEBUG a.f.a.t.b.t.TransitionExecutorImpl - Step #12, transition #1
2026-07-11T11:31:37,308 [zio-default-async-5] DEBUG a.f.a.t.b.t.TransitionExecutorImpl - Translating to SMT
2026-07-11T11:31:37,316 [zio-default-async-5] DEBUG a.f.a.t.b.SeqModelChecker - Step 12: Transition #1. Is it enabled?
2026-07-11T11:31:37,341 [zio-default-async-5] DEBUG a.f.a.t.b.SeqModelChecker - Step 12: Transition #1 is enabled
2026-07-11T11:31:37,351 [zio-default-async-5] DEBUG a.f.a.t.b.t.TransitionExecutorImpl - Step #12, transition #2
2026-07-11T11:31:37,352 [zio-default-async-5] DEBUG a.f.a.t.b.t.TransitionExecutorImpl - Translating to SMT
2026-07-11T11:31:37,362 [zio-default-async-5] DEBUG a.f.a.t.b.SeqModelChecker - Step 12: Transition #2. Is it enabled?
2026-07-11T11:31:37,386 [zio-default-async-5] DEBUG a.f.a.t.b.SeqModelChecker - Step 12: Transition #2 is enabled
2026-07-11T11:31:37,387 [zio-default-async-5] INFO  a.f.a.t.b.SeqModelChecker - State 12: Checking 1 state invariants
2026-07-11T11:31:37,388 [zio-default-async-5] DEBUG a.f.a.t.b.SeqModelChecker - State 12: Checking state invariant 3
2026-07-11T11:31:37,688 [zio-default-async-5] INFO  a.f.a.t.b.SeqModelChecker - State 12: state invariant 3 holds.
2026-07-11T11:31:37,694 [zio-default-async-5] DEBUG a.f.a.t.b.t.TransitionExecutorImpl - Step #12, transition #3
2026-07-11T11:31:37,694 [zio-default-async-5] DEBUG a.f.a.t.b.t.TransitionExecutorImpl - Translating to SMT
2026-07-11T11:31:37,698 [zio-default-async-5] DEBUG a.f.a.t.b.SeqModelChecker - Step 12: Transition #3. Is it enabled?
2026-07-11T11:31:38,393 [zio-default-async-5] DEBUG a.f.a.t.b.SeqModelChecker - Step 12: Transition #3 is enabled
2026-07-11T11:31:38,403 [zio-default-async-5] DEBUG a.f.a.t.b.t.TransitionExecutorImpl - Step #12, transition #4
2026-07-11T11:31:38,404 [zio-default-async-5] DEBUG a.f.a.t.b.t.TransitionExecutorImpl - Translating to SMT
2026-07-11T11:31:38,425 [zio-default-async-5] DEBUG a.f.a.t.b.SeqModelChecker - Step 12: Transition #4. Is it enabled?
2026-07-11T11:31:39,088 [zio-default-async-5] DEBUG a.f.a.t.b.SeqModelChecker - Step 12: Transition #4 is enabled
2026-07-11T11:31:39,088 [zio-default-async-5] INFO  a.f.a.t.b.SeqModelChecker - State 12: Checking 2 state invariants
2026-07-11T11:31:39,088 [zio-default-async-5] DEBUG a.f.a.t.b.SeqModelChecker - State 12: Checking state invariant 1
2026-07-11T11:31:40,451 [zio-default-async-5] INFO  a.f.a.t.b.SeqModelChecker - State 12: state invariant 1 holds.
2026-07-11T11:31:40,453 [zio-default-async-5] DEBUG a.f.a.t.b.SeqModelChecker - State 12: Checking state invariant 2
2026-07-11T11:31:41,254 [zio-default-async-5] INFO  a.f.a.t.b.SeqModelChecker - State 12: state invariant 2 holds.
2026-07-11T11:31:41,259 [zio-default-async-5] DEBUG a.f.a.t.b.t.TransitionExecutorImpl - Step #12, transition #5
2026-07-11T11:31:41,259 [zio-default-async-5] DEBUG a.f.a.t.b.t.TransitionExecutorImpl - Translating to SMT
2026-07-11T11:31:41,277 [zio-default-async-5] DEBUG a.f.a.t.b.SeqModelChecker - Step 12: Transition #5. Is it enabled?
2026-07-11T11:31:41,879 [zio-default-async-5] DEBUG a.f.a.t.b.SeqModelChecker - Step 12: Transition #5 is enabled
2026-07-11T11:31:41,880 [zio-default-async-5] INFO  a.f.a.t.b.SeqModelChecker - State 12: Checking 3 state invariants
2026-07-11T11:31:41,880 [zio-default-async-5] DEBUG a.f.a.t.b.SeqModelChecker - State 12: Checking state invariant 1
2026-07-11T11:31:42,113 [zio-default-async-5] INFO  a.f.a.t.b.SeqModelChecker - State 12: state invariant 1 holds.
2026-07-11T11:31:42,115 [zio-default-async-5] DEBUG a.f.a.t.b.SeqModelChecker - State 12: Checking state invariant 2
2026-07-11T11:31:42,522 [zio-default-async-5] INFO  a.f.a.t.b.SeqModelChecker - State 12: state invariant 2 holds.
2026-07-11T11:31:42,523 [zio-default-async-5] DEBUG a.f.a.t.b.SeqModelChecker - State 12: Checking state invariant 3
2026-07-11T11:31:42,565 [zio-default-async-5] INFO  a.f.a.t.b.SeqModelChecker - State 12: state invariant 3 holds.
2026-07-11T11:31:42,568 [zio-default-async-5] DEBUG a.f.a.t.b.t.TransitionExecutorImpl - Step #12, transition #6
2026-07-11T11:31:42,568 [zio-default-async-5] DEBUG a.f.a.t.b.t.TransitionExecutorImpl - Translating to SMT
2026-07-11T11:31:42,583 [zio-default-async-5] DEBUG a.f.a.t.b.SeqModelChecker - Step 12: Transition #6. Is it enabled?
2026-07-11T11:31:42,921 [zio-default-async-5] DEBUG a.f.a.t.b.SeqModelChecker - Step 12: Transition #6 is enabled
2026-07-11T11:31:42,921 [zio-default-async-5] INFO  a.f.a.t.b.SeqModelChecker - State 12: Checking 2 state invariants
2026-07-11T11:31:42,921 [zio-default-async-5] DEBUG a.f.a.t.b.SeqModelChecker - State 12: Checking state invariant 1
2026-07-11T11:31:45,396 [zio-default-async-5] INFO  a.f.a.t.b.SeqModelChecker - State 12: state invariant 1 holds.
2026-07-11T11:31:45,398 [zio-default-async-5] DEBUG a.f.a.t.b.SeqModelChecker - State 12: Checking state invariant 2
2026-07-11T11:31:46,498 [zio-default-async-5] INFO  a.f.a.t.b.SeqModelChecker - State 12: state invariant 2 holds.
2026-07-11T11:31:46,504 [zio-default-async-5] DEBUG a.f.a.t.b.t.TransitionExecutorImpl - Step #12, transition #7
2026-07-11T11:31:46,504 [zio-default-async-5] DEBUG a.f.a.t.b.t.TransitionExecutorImpl - Translating to SMT
2026-07-11T11:31:46,524 [zio-default-async-5] DEBUG a.f.a.t.b.SeqModelChecker - Step 12: Transition #7. Is it enabled?
2026-07-11T11:31:47,042 [zio-default-async-5] DEBUG a.f.a.t.b.SeqModelChecker - Step 12: Transition #7 is enabled
2026-07-11T11:31:47,043 [zio-default-async-5] INFO  a.f.a.t.b.SeqModelChecker - State 12: Checking 2 state invariants
2026-07-11T11:31:47,043 [zio-default-async-5] DEBUG a.f.a.t.b.SeqModelChecker - State 12: Checking state invariant 1
2026-07-11T11:31:48,800 [zio-default-async-5] INFO  a.f.a.t.b.SeqModelChecker - State 12: state invariant 1 holds.
2026-07-11T11:31:48,802 [zio-default-async-5] DEBUG a.f.a.t.b.SeqModelChecker - State 12: Checking state invariant 2
2026-07-11T11:31:50,467 [zio-default-async-5] INFO  a.f.a.t.b.SeqModelChecker - State 12: state invariant 2 holds.
2026-07-11T11:31:50,470 [zio-default-async-5] DEBUG a.f.a.t.b.t.TransitionExecutorImpl - Step #12, transition #8
2026-07-11T11:31:50,470 [zio-default-async-5] DEBUG a.f.a.t.b.t.TransitionExecutorImpl - Translating to SMT
2026-07-11T11:31:50,479 [zio-default-async-5] DEBUG a.f.a.t.b.SeqModelChecker - Step 12: Transition #8. Is it enabled?
2026-07-11T11:31:50,709 [zio-default-async-5] DEBUG a.f.a.t.b.SeqModelChecker - Step 12: Transition #8 is enabled
2026-07-11T11:31:50,714 [zio-default-async-5] DEBUG a.f.a.t.b.t.TransitionExecutorImpl - Step #12, transition #9
2026-07-11T11:31:50,714 [zio-default-async-5] DEBUG a.f.a.t.b.t.TransitionExecutorImpl - Translating to SMT
2026-07-11T11:31:50,717 [zio-default-async-5] DEBUG a.f.a.t.b.SeqModelChecker - Step 12: Transition #9. Is it enabled?
2026-07-11T11:31:50,959 [zio-default-async-5] DEBUG a.f.a.t.b.SeqModelChecker - Step 12: Transition #9 is enabled
2026-07-11T11:31:50,960 [zio-default-async-5] INFO  a.f.a.t.b.SeqModelChecker - State 12: Checking 1 state invariants
2026-07-11T11:31:50,960 [zio-default-async-5] DEBUG a.f.a.t.b.SeqModelChecker - State 12: Checking state invariant 3
2026-07-11T11:31:51,087 [zio-default-async-5] INFO  a.f.a.t.b.SeqModelChecker - State 12: state invariant 3 holds.
2026-07-11T11:31:51,089 [zio-default-async-5] DEBUG a.f.a.t.b.t.TransitionExecutorImpl - Step #12, transition #10
2026-07-11T11:31:51,089 [zio-default-async-5] DEBUG a.f.a.t.b.t.TransitionExecutorImpl - Translating to SMT
2026-07-11T11:31:51,092 [zio-default-async-5] DEBUG a.f.a.t.b.SeqModelChecker - Step 12: Transition #10. Is it enabled?
2026-07-11T11:31:51,299 [zio-default-async-5] DEBUG a.f.a.t.b.SeqModelChecker - Step 12: Transition #10 is enabled
2026-07-11T11:31:51,306 [zio-default-async-5] INFO  a.f.a.t.b.t.TransitionExecutorImpl - Step 12: picking a transition out of 11 transition(s)
2026-07-11T11:31:51,351 [zio-default-async-5] DEBUG a.f.a.t.b.s.Z3SolverContext - Disposing Z3 solver context 0
2026-07-11T11:31:51,373 [zio-default-async-5] INFO  a.f.a.t.b.p.BoundedCheckerPassImpl - The outcome is: NoError
2026-07-11T11:31:51,373 [zio-default-async-5] DEBUG a.f.a.i.p.PassChainExecutor - PASS #13: BoundedChecker [OK]
