2026-07-11T10:07:46,418 [main] INFO  a.f.a.t.Tool$ - # APALACHE version: 0.56.1 | build: 70cdaf4
2026-07-11T10:07:46,431 [main] INFO  a.f.a.t.t.o.ServerCmd - Starting checker server on port 8822...
2026-07-11T10:07:49,278 [zio-default-async-5] INFO  a.f.a.i.p.PassChainExecutor - PASS #0: SanyParser
2026-07-11T10:07:49,976 [zio-default-async-5] DEBUG a.f.a.i.p.PassChainExecutor - PASS #0: SanyParser [OK]
2026-07-11T10:07:49,977 [zio-default-async-5] INFO  a.f.a.i.p.PassChainExecutor - PASS #1: TypeCheckerSnowcat
2026-07-11T10:07:49,977 [zio-default-async-5] INFO  a.f.a.t.p.t.EtcTypeCheckerPassImpl -  > Running Snowcat .::.
2026-07-11T10:07:55,815 [zio-default-async-5] INFO  a.f.a.t.p.t.EtcTypeCheckerPassImpl -  > Your types are purrfect!
2026-07-11T10:07:55,815 [zio-default-async-5] INFO  a.f.a.t.p.t.EtcTypeCheckerPassImpl -  > All expressions are typed
2026-07-11T10:07:55,815 [zio-default-async-5] DEBUG a.f.a.i.p.PassChainExecutor - PASS #1: TypeCheckerSnowcat [OK]
2026-07-11T10:07:55,816 [zio-default-async-5] INFO  a.f.a.i.p.PassChainExecutor - PASS #2: ConfigurationPass
2026-07-11T10:07:55,821 [zio-default-async-5] INFO  a.f.a.t.p.p.ConfigurationPassImpl -   > Set the initialization predicate to q::init
2026-07-11T10:07:55,821 [zio-default-async-5] INFO  a.f.a.t.p.p.ConfigurationPassImpl -   > Set the transition predicate to q::step
2026-07-11T10:07:55,822 [zio-default-async-5] INFO  a.f.a.t.p.p.ConfigurationPassImpl -   > Set a temporal property to q::temporalProps
2026-07-11T10:07:55,828 [zio-default-async-5] DEBUG a.f.a.i.p.PassChainExecutor - PASS #2: ConfigurationPass [OK]
2026-07-11T10:07:55,828 [zio-default-async-5] INFO  a.f.a.i.p.PassChainExecutor - PASS #3: DesugarerPass
2026-07-11T10:07:55,829 [zio-default-async-5] INFO  a.f.a.t.p.p.DesugarerPassImpl -   > Desugaring...
2026-07-11T10:07:55,845 [zio-default-async-5] DEBUG a.f.a.i.p.PassChainExecutor - PASS #3: DesugarerPass [OK]
2026-07-11T10:07:55,845 [zio-default-async-5] INFO  a.f.a.i.p.PassChainExecutor - PASS #4: InlinePass
2026-07-11T10:07:55,846 [zio-default-async-5] INFO  a.f.a.t.p.p.InlinePassImpl - Leaving only relevant operators: CInitPrimed, q::init, q::initPrimed, q::step, q::temporalProps
2026-07-11T10:07:55,926 [zio-default-async-5] DEBUG a.f.a.i.p.PassChainExecutor - PASS #4: InlinePass [OK]
2026-07-11T10:07:55,927 [zio-default-async-5] INFO  a.f.a.i.p.PassChainExecutor - PASS #5: TemporalPass
2026-07-11T10:07:55,927 [zio-default-async-5] INFO  a.f.a.t.p.p.TemporalPassImpl -   > Rewriting temporal operators...
2026-07-11T10:07:55,932 [zio-default-async-5] INFO  a.f.a.t.p.p.TemporalPassImpl -   > Found 1 temporal properties
2026-07-11T10:07:55,933 [zio-default-async-5] INFO  a.f.a.t.p.p.TemporalPassImpl -   > Adding logic for loop finding
2026-07-11T10:07:55,969 [zio-default-async-5] DEBUG a.f.a.i.p.PassChainExecutor - PASS #5: TemporalPass [OK]
2026-07-11T10:07:55,970 [zio-default-async-5] INFO  a.f.a.i.p.PassChainExecutor - PASS #6: InlinePass
2026-07-11T10:07:55,970 [zio-default-async-5] INFO  a.f.a.t.p.p.InlinePassImpl - Leaving only relevant operators: CInitPrimed, q::init, q::initPrimed, q::step, q::temporalProps
2026-07-11T10:07:55,987 [zio-default-async-5] DEBUG a.f.a.i.p.PassChainExecutor - PASS #6: InlinePass [OK]
2026-07-11T10:07:55,987 [zio-default-async-5] INFO  a.f.a.i.p.PassChainExecutor - PASS #7: PrimingPass
2026-07-11T10:07:55,990 [zio-default-async-5] INFO  a.f.a.t.p.a.PrimingPassImpl -   > Introducing q::initPrimed for q::init'
2026-07-11T10:07:55,991 [zio-default-async-5] DEBUG a.f.a.i.p.PassChainExecutor - PASS #7: PrimingPass [OK]
2026-07-11T10:07:55,991 [zio-default-async-5] INFO  a.f.a.i.p.PassChainExecutor - PASS #8: VCGen
2026-07-11T10:07:55,992 [zio-default-async-5] INFO  a.f.a.t.b.p.VCGenPassImpl -   > Producing verification conditions from the invariant q::temporalProps
2026-07-11T10:07:55,994 [zio-default-async-5] INFO  a.f.a.t.b.VCGenerator -   > VCGen produced 1 verification condition(s)
2026-07-11T10:07:55,997 [zio-default-async-5] DEBUG a.f.a.i.p.PassChainExecutor - PASS #8: VCGen [OK]
2026-07-11T10:07:55,998 [zio-default-async-5] INFO  a.f.a.i.p.PassChainExecutor - PASS #9: PreprocessingPass
2026-07-11T10:07:55,998 [zio-default-async-5] INFO  a.f.a.t.p.p.PreproPassImpl -   > Before preprocessing: unique renaming
2026-07-11T10:07:56,004 [zio-default-async-5] INFO  a.f.a.t.p.p.PreproPassImpl -  > Applying standard transformations:
2026-07-11T10:07:56,005 [zio-default-async-5] INFO  a.f.a.t.p.p.PreproPassImpl -   > PrimePropagation
2026-07-11T10:07:56,008 [zio-default-async-5] INFO  a.f.a.t.p.p.PreproPassImpl -   > Desugarer
2026-07-11T10:07:56,021 [zio-default-async-5] INFO  a.f.a.t.p.p.PreproPassImpl -   > UniqueRenamer
2026-07-11T10:07:56,030 [zio-default-async-5] INFO  a.f.a.t.p.p.PreproPassImpl -   > Normalizer
2026-07-11T10:07:56,039 [zio-default-async-5] INFO  a.f.a.t.p.p.PreproPassImpl -   > Keramelizer
2026-07-11T10:07:56,070 [zio-default-async-5] INFO  a.f.a.t.p.p.PreproPassImpl -   > After preprocessing: UniqueRenamer
2026-07-11T10:07:56,092 [zio-default-async-5] DEBUG a.f.a.i.p.PassChainExecutor - PASS #9: PreprocessingPass [OK]
2026-07-11T10:07:56,093 [zio-default-async-5] INFO  a.f.a.i.p.PassChainExecutor - PASS #10: TransitionFinderPass
2026-07-11T10:07:56,131 [zio-default-async-5] INFO  a.f.a.t.p.a.TransitionPassImpl -   > Found 1 initializing transitions
2026-07-11T10:07:56,184 [zio-default-async-5] INFO  a.f.a.t.p.a.TransitionPassImpl -   > Found 22 transitions
2026-07-11T10:07:56,185 [zio-default-async-5] INFO  a.f.a.t.p.a.TransitionPassImpl -   > No constant initializer
2026-07-11T10:07:56,186 [zio-default-async-5] INFO  a.f.a.t.p.a.TransitionPassImpl -   > Applying unique renaming
2026-07-11T10:07:56,210 [zio-default-async-5] DEBUG a.f.a.i.p.PassChainExecutor - PASS #10: TransitionFinderPass [OK]
2026-07-11T10:07:56,210 [zio-default-async-5] INFO  a.f.a.i.p.PassChainExecutor - PASS #11: OptimizationPass
2026-07-11T10:07:56,216 [zio-default-async-5] INFO  a.f.a.t.p.p.OptPassImpl -  > Applying optimizations:
2026-07-11T10:07:56,216 [zio-default-async-5] INFO  a.f.a.t.p.p.OptPassImpl -   > ConstSimplifier
2026-07-11T10:07:56,291 [zio-default-async-5] INFO  a.f.a.t.p.p.OptPassImpl -   > ExprOptimizer
2026-07-11T10:07:56,314 [zio-default-async-5] INFO  a.f.a.t.p.p.OptPassImpl -   > SetMembershipSimplifier
2026-07-11T10:07:56,323 [zio-default-async-5] INFO  a.f.a.t.p.p.OptPassImpl -   > ConstSimplifier
2026-07-11T10:07:56,377 [zio-default-async-5] DEBUG a.f.a.i.p.PassChainExecutor - PASS #11: OptimizationPass [OK]
2026-07-11T10:07:56,377 [zio-default-async-5] INFO  a.f.a.i.p.PassChainExecutor - PASS #12: AnalysisPass
2026-07-11T10:07:56,380 [zio-default-async-5] INFO  a.f.a.t.b.p.AnalysisPassImpl -  > Marking skolemizable existentials and sets to be expanded...
2026-07-11T10:07:56,380 [zio-default-async-5] INFO  a.f.a.t.b.p.AnalysisPassImpl -   > Skolemization
2026-07-11T10:07:56,384 [zio-default-async-5] INFO  a.f.a.t.b.p.AnalysisPassImpl -   > Expansion
2026-07-11T10:07:56,406 [zio-default-async-5] INFO  a.f.a.t.b.p.AnalysisPassImpl -   > Remove unused let-in defs
2026-07-11T10:07:56,424 [zio-default-async-5] INFO  a.f.a.t.b.p.AnalysisPassImpl -  > Running analyzers...
2026-07-11T10:07:56,437 [zio-default-async-5] INFO  a.f.a.t.b.p.AnalysisPassImpl -   > Introduced expression grades
2026-07-11T10:07:56,438 [zio-default-async-5] DEBUG a.f.a.i.p.PassChainExecutor - PASS #12: AnalysisPass [OK]
2026-07-11T10:07:56,438 [zio-default-async-5] INFO  a.f.a.i.p.PassChainExecutor - PASS #13: BoundedChecker
2026-07-11T10:07:56,468 [zio-default-async-5] DEBUG a.f.a.t.b.s.Z3SolverContext - Creating Z3 solver context 0
2026-07-11T10:07:56,736 [zio-default-async-5] DEBUG a.f.a.t.b.t.TransitionExecutorImpl - Step #0, transition #0
2026-07-11T10:07:56,737 [zio-default-async-5] DEBUG a.f.a.t.b.t.TransitionExecutorImpl - Translating to SMT
2026-07-11T10:07:56,863 [zio-default-async-5] DEBUG a.f.a.t.b.SeqModelChecker - Step 0: Transition #0. Is it enabled?
2026-07-11T10:07:56,867 [zio-default-async-5] DEBUG a.f.a.t.b.SeqModelChecker - Step 0: Transition #0 is enabled
2026-07-11T10:07:56,869 [zio-default-async-5] INFO  a.f.a.t.b.SeqModelChecker - State 0: Checking 1 state invariants
2026-07-11T10:07:56,870 [zio-default-async-5] DEBUG a.f.a.t.b.SeqModelChecker - State 0: Checking state invariant 0
2026-07-11T10:07:56,882 [zio-default-async-5] INFO  a.f.a.t.b.SeqModelChecker - State 0: state invariant 0 holds.
2026-07-11T10:07:56,896 [zio-default-async-5] INFO  a.f.a.t.b.t.TransitionExecutorImpl - Step 0: picking a transition out of 1 transition(s)
2026-07-11T10:07:56,900 [zio-default-async-5] DEBUG a.f.a.t.b.t.TransitionExecutorImpl - Step #1, transition #0
2026-07-11T10:07:56,900 [zio-default-async-5] DEBUG a.f.a.t.b.t.TransitionExecutorImpl - Translating to SMT
2026-07-11T10:07:56,955 [zio-default-async-5] DEBUG a.f.a.t.b.SeqModelChecker - Step 1: Transition #0. Is it enabled?
2026-07-11T10:07:56,957 [zio-default-async-5] DEBUG a.f.a.t.b.SeqModelChecker - Step 1: Transition #0 is enabled
2026-07-11T10:07:56,958 [zio-default-async-5] INFO  a.f.a.t.b.SeqModelChecker - State 1: Checking 1 state invariants
2026-07-11T10:07:56,959 [zio-default-async-5] DEBUG a.f.a.t.b.SeqModelChecker - State 1: Checking state invariant 0
2026-07-11T10:07:56,973 [zio-default-async-5] INFO  a.f.a.t.b.SeqModelChecker - State 1: state invariant 0 holds.
2026-07-11T10:07:56,974 [zio-default-async-5] DEBUG a.f.a.t.b.t.TransitionExecutorImpl - Step #1, transition #1
2026-07-11T10:07:56,974 [zio-default-async-5] DEBUG a.f.a.t.b.t.TransitionExecutorImpl - Translating to SMT
2026-07-11T10:07:57,007 [zio-default-async-5] DEBUG a.f.a.t.b.SeqModelChecker - Step 1: Transition #1. Is it enabled?
2026-07-11T10:07:57,008 [zio-default-async-5] DEBUG a.f.a.t.b.SeqModelChecker - Step 1: Transition #1 is enabled
2026-07-11T10:07:57,009 [zio-default-async-5] INFO  a.f.a.t.b.SeqModelChecker - State 1: Checking 1 state invariants
2026-07-11T10:07:57,010 [zio-default-async-5] DEBUG a.f.a.t.b.SeqModelChecker - State 1: Checking state invariant 0
2026-07-11T10:07:57,017 [zio-default-async-5] INFO  a.f.a.t.b.SeqModelChecker - State 1: state invariant 0 holds.
2026-07-11T10:07:57,018 [zio-default-async-5] DEBUG a.f.a.t.b.t.TransitionExecutorImpl - Step #1, transition #2
2026-07-11T10:07:57,019 [zio-default-async-5] DEBUG a.f.a.t.b.t.TransitionExecutorImpl - Translating to SMT
2026-07-11T10:07:57,049 [zio-default-async-5] DEBUG a.f.a.t.b.SeqModelChecker - Step 1: Transition #2. Is it enabled?
2026-07-11T10:07:57,050 [zio-default-async-5] INFO  a.f.a.t.b.SeqModelChecker - Step 1: Transition #2 is disabled
2026-07-11T10:07:57,051 [zio-default-async-5] DEBUG a.f.a.t.b.t.TransitionExecutorImpl - Step #1, transition #3
2026-07-11T10:07:57,051 [zio-default-async-5] DEBUG a.f.a.t.b.t.TransitionExecutorImpl - Translating to SMT
2026-07-11T10:07:57,073 [zio-default-async-5] DEBUG a.f.a.t.b.SeqModelChecker - Step 1: Transition #3. Is it enabled?
2026-07-11T10:07:57,074 [zio-default-async-5] INFO  a.f.a.t.b.SeqModelChecker - Step 1: Transition #3 is disabled
2026-07-11T10:07:57,075 [zio-default-async-5] DEBUG a.f.a.t.b.t.TransitionExecutorImpl - Step #1, transition #4
2026-07-11T10:07:57,075 [zio-default-async-5] DEBUG a.f.a.t.b.t.TransitionExecutorImpl - Translating to SMT
2026-07-11T10:07:57,162 [zio-default-async-5] DEBUG a.f.a.t.b.SeqModelChecker - Step 1: Transition #4. Is it enabled?
2026-07-11T10:07:57,167 [zio-default-async-5] INFO  a.f.a.t.b.SeqModelChecker - Step 1: Transition #4 is disabled
2026-07-11T10:07:57,169 [zio-default-async-5] DEBUG a.f.a.t.b.t.TransitionExecutorImpl - Step #1, transition #5
2026-07-11T10:07:57,169 [zio-default-async-5] DEBUG a.f.a.t.b.t.TransitionExecutorImpl - Translating to SMT
2026-07-11T10:07:57,246 [zio-default-async-5] DEBUG a.f.a.t.b.SeqModelChecker - Step 1: Transition #5. Is it enabled?
2026-07-11T10:07:57,249 [zio-default-async-5] INFO  a.f.a.t.b.SeqModelChecker - Step 1: Transition #5 is disabled
2026-07-11T10:07:57,251 [zio-default-async-5] DEBUG a.f.a.t.b.t.TransitionExecutorImpl - Step #1, transition #6
2026-07-11T10:07:57,251 [zio-default-async-5] DEBUG a.f.a.t.b.t.TransitionExecutorImpl - Translating to SMT
2026-07-11T10:07:57,298 [zio-default-async-5] DEBUG a.f.a.t.b.SeqModelChecker - Step 1: Transition #6. Is it enabled?
2026-07-11T10:07:57,302 [zio-default-async-5] INFO  a.f.a.t.b.SeqModelChecker - Step 1: Transition #6 is disabled
2026-07-11T10:07:57,303 [zio-default-async-5] DEBUG a.f.a.t.b.t.TransitionExecutorImpl - Step #1, transition #7
2026-07-11T10:07:57,303 [zio-default-async-5] DEBUG a.f.a.t.b.t.TransitionExecutorImpl - Translating to SMT
2026-07-11T10:07:57,349 [zio-default-async-5] DEBUG a.f.a.t.b.SeqModelChecker - Step 1: Transition #7. Is it enabled?
2026-07-11T10:07:57,352 [zio-default-async-5] INFO  a.f.a.t.b.SeqModelChecker - Step 1: Transition #7 is disabled
2026-07-11T10:07:57,353 [zio-default-async-5] DEBUG a.f.a.t.b.t.TransitionExecutorImpl - Step #1, transition #8
2026-07-11T10:07:57,353 [zio-default-async-5] DEBUG a.f.a.t.b.t.TransitionExecutorImpl - Translating to SMT
2026-07-11T10:07:57,397 [zio-default-async-5] DEBUG a.f.a.t.b.SeqModelChecker - Step 1: Transition #8. Is it enabled?
2026-07-11T10:07:57,401 [zio-default-async-5] DEBUG a.f.a.t.b.SeqModelChecker - Step 1: Transition #8 is enabled
2026-07-11T10:07:57,401 [zio-default-async-5] INFO  a.f.a.t.b.SeqModelChecker - State 1: Checking 1 state invariants
2026-07-11T10:07:57,402 [zio-default-async-5] DEBUG a.f.a.t.b.SeqModelChecker - State 1: Checking state invariant 0
2026-07-11T10:07:57,421 [zio-default-async-5] INFO  a.f.a.t.b.SeqModelChecker - State 1: state invariant 0 holds.
2026-07-11T10:07:57,423 [zio-default-async-5] DEBUG a.f.a.t.b.t.TransitionExecutorImpl - Step #1, transition #9
2026-07-11T10:07:57,423 [zio-default-async-5] DEBUG a.f.a.t.b.t.TransitionExecutorImpl - Translating to SMT
2026-07-11T10:07:57,466 [zio-default-async-5] DEBUG a.f.a.t.b.SeqModelChecker - Step 1: Transition #9. Is it enabled?
2026-07-11T10:07:57,470 [zio-default-async-5] DEBUG a.f.a.t.b.SeqModelChecker - Step 1: Transition #9 is enabled
2026-07-11T10:07:57,470 [zio-default-async-5] INFO  a.f.a.t.b.SeqModelChecker - State 1: Checking 1 state invariants
2026-07-11T10:07:57,470 [zio-default-async-5] DEBUG a.f.a.t.b.SeqModelChecker - State 1: Checking state invariant 0
2026-07-11T10:07:57,491 [zio-default-async-5] INFO  a.f.a.t.b.SeqModelChecker - State 1: state invariant 0 holds.
2026-07-11T10:07:57,493 [zio-default-async-5] DEBUG a.f.a.t.b.t.TransitionExecutorImpl - Step #1, transition #10
2026-07-11T10:07:57,493 [zio-default-async-5] DEBUG a.f.a.t.b.t.TransitionExecutorImpl - Translating to SMT
2026-07-11T10:07:57,529 [zio-default-async-5] DEBUG a.f.a.t.b.SeqModelChecker - Step 1: Transition #10. Is it enabled?
2026-07-11T10:07:57,531 [zio-default-async-5] INFO  a.f.a.t.b.SeqModelChecker - Step 1: Transition #10 is disabled
2026-07-11T10:07:57,532 [zio-default-async-5] DEBUG a.f.a.t.b.t.TransitionExecutorImpl - Step #1, transition #11
2026-07-11T10:07:57,532 [zio-default-async-5] DEBUG a.f.a.t.b.t.TransitionExecutorImpl - Translating to SMT
2026-07-11T10:07:57,550 [zio-default-async-5] DEBUG a.f.a.t.b.SeqModelChecker - Step 1: Transition #11. Is it enabled?
2026-07-11T10:07:57,551 [zio-default-async-5] INFO  a.f.a.t.b.SeqModelChecker - Step 1: Transition #11 is disabled
2026-07-11T10:07:57,552 [zio-default-async-5] DEBUG a.f.a.t.b.t.TransitionExecutorImpl - Step #1, transition #12
2026-07-11T10:07:57,552 [zio-default-async-5] DEBUG a.f.a.t.b.t.TransitionExecutorImpl - Translating to SMT
2026-07-11T10:07:57,577 [zio-default-async-5] DEBUG a.f.a.t.b.SeqModelChecker - Step 1: Transition #12. Is it enabled?
2026-07-11T10:07:57,580 [zio-default-async-5] INFO  a.f.a.t.b.SeqModelChecker - Step 1: Transition #12 is disabled
2026-07-11T10:07:57,581 [zio-default-async-5] DEBUG a.f.a.t.b.t.TransitionExecutorImpl - Step #1, transition #13
2026-07-11T10:07:57,581 [zio-default-async-5] DEBUG a.f.a.t.b.t.TransitionExecutorImpl - Translating to SMT
2026-07-11T10:07:57,605 [zio-default-async-5] DEBUG a.f.a.t.b.SeqModelChecker - Step 1: Transition #13. Is it enabled?
2026-07-11T10:07:57,607 [zio-default-async-5] INFO  a.f.a.t.b.SeqModelChecker - Step 1: Transition #13 is disabled
2026-07-11T10:07:57,608 [zio-default-async-5] DEBUG a.f.a.t.b.t.TransitionExecutorImpl - Step #1, transition #14
2026-07-11T10:07:57,608 [zio-default-async-5] DEBUG a.f.a.t.b.t.TransitionExecutorImpl - Translating to SMT
2026-07-11T10:07:57,623 [zio-default-async-5] DEBUG a.f.a.t.b.SeqModelChecker - Step 1: Transition #14. Is it enabled?
2026-07-11T10:07:57,625 [zio-default-async-5] INFO  a.f.a.t.b.SeqModelChecker - Step 1: Transition #14 is disabled
2026-07-11T10:07:57,626 [zio-default-async-5] DEBUG a.f.a.t.b.t.TransitionExecutorImpl - Step #1, transition #15
2026-07-11T10:07:57,626 [zio-default-async-5] DEBUG a.f.a.t.b.t.TransitionExecutorImpl - Translating to SMT
2026-07-11T10:07:57,640 [zio-default-async-5] DEBUG a.f.a.t.b.SeqModelChecker - Step 1: Transition #15. Is it enabled?
2026-07-11T10:07:57,642 [zio-default-async-5] INFO  a.f.a.t.b.SeqModelChecker - Step 1: Transition #15 is disabled
2026-07-11T10:07:57,643 [zio-default-async-5] DEBUG a.f.a.t.b.t.TransitionExecutorImpl - Step #1, transition #16
2026-07-11T10:07:57,643 [zio-default-async-5] DEBUG a.f.a.t.b.t.TransitionExecutorImpl - Translating to SMT
2026-07-11T10:07:57,657 [zio-default-async-5] DEBUG a.f.a.t.b.SeqModelChecker - Step 1: Transition #16. Is it enabled?
2026-07-11T10:07:57,660 [zio-default-async-5] INFO  a.f.a.t.b.SeqModelChecker - Step 1: Transition #16 is disabled
2026-07-11T10:07:57,660 [zio-default-async-5] DEBUG a.f.a.t.b.t.TransitionExecutorImpl - Step #1, transition #17
2026-07-11T10:07:57,661 [zio-default-async-5] DEBUG a.f.a.t.b.t.TransitionExecutorImpl - Translating to SMT
2026-07-11T10:07:57,676 [zio-default-async-5] DEBUG a.f.a.t.b.SeqModelChecker - Step 1: Transition #17. Is it enabled?
2026-07-11T10:07:57,678 [zio-default-async-5] INFO  a.f.a.t.b.SeqModelChecker - Step 1: Transition #17 is disabled
2026-07-11T10:07:57,679 [zio-default-async-5] DEBUG a.f.a.t.b.t.TransitionExecutorImpl - Step #1, transition #18
2026-07-11T10:07:57,679 [zio-default-async-5] DEBUG a.f.a.t.b.t.TransitionExecutorImpl - Translating to SMT
2026-07-11T10:07:57,692 [zio-default-async-5] DEBUG a.f.a.t.b.SeqModelChecker - Step 1: Transition #18. Is it enabled?
2026-07-11T10:07:57,693 [zio-default-async-5] INFO  a.f.a.t.b.SeqModelChecker - Step 1: Transition #18 is disabled
2026-07-11T10:07:57,694 [zio-default-async-5] DEBUG a.f.a.t.b.t.TransitionExecutorImpl - Step #1, transition #19
2026-07-11T10:07:57,694 [zio-default-async-5] DEBUG a.f.a.t.b.t.TransitionExecutorImpl - Translating to SMT
2026-07-11T10:07:57,704 [zio-default-async-5] DEBUG a.f.a.t.b.SeqModelChecker - Step 1: Transition #19. Is it enabled?
2026-07-11T10:07:57,705 [zio-default-async-5] INFO  a.f.a.t.b.SeqModelChecker - Step 1: Transition #19 is disabled
2026-07-11T10:07:57,706 [zio-default-async-5] DEBUG a.f.a.t.b.t.TransitionExecutorImpl - Step #1, transition #20
2026-07-11T10:07:57,706 [zio-default-async-5] DEBUG a.f.a.t.b.t.TransitionExecutorImpl - Translating to SMT
2026-07-11T10:07:57,715 [zio-default-async-5] DEBUG a.f.a.t.b.SeqModelChecker - Step 1: Transition #20. Is it enabled?
2026-07-11T10:07:57,718 [zio-default-async-5] INFO  a.f.a.t.b.SeqModelChecker - Step 1: Transition #20 is disabled
2026-07-11T10:07:57,719 [zio-default-async-5] DEBUG a.f.a.t.b.t.TransitionExecutorImpl - Step #1, transition #21
2026-07-11T10:07:57,719 [zio-default-async-5] DEBUG a.f.a.t.b.t.TransitionExecutorImpl - Translating to SMT
2026-07-11T10:07:57,730 [zio-default-async-5] DEBUG a.f.a.t.b.SeqModelChecker - Step 1: Transition #21. Is it enabled?
2026-07-11T10:07:57,732 [zio-default-async-5] INFO  a.f.a.t.b.SeqModelChecker - Step 1: Transition #21 is disabled
2026-07-11T10:07:57,733 [zio-default-async-5] INFO  a.f.a.t.b.t.TransitionExecutorImpl - Step 1: picking a transition out of 4 transition(s)
2026-07-11T10:07:57,757 [zio-default-async-5] DEBUG a.f.a.t.b.t.TransitionExecutorImpl - Step #2, transition #0
2026-07-11T10:07:57,757 [zio-default-async-5] DEBUG a.f.a.t.b.t.TransitionExecutorImpl - Translating to SMT
2026-07-11T10:07:57,766 [zio-default-async-5] DEBUG a.f.a.t.b.SeqModelChecker - Step 2: Transition #0. Is it enabled?
2026-07-11T10:07:57,768 [zio-default-async-5] DEBUG a.f.a.t.b.SeqModelChecker - Step 2: Transition #0 is enabled
2026-07-11T10:07:57,768 [zio-default-async-5] INFO  a.f.a.t.b.SeqModelChecker - State 2: Checking 1 state invariants
2026-07-11T10:07:57,768 [zio-default-async-5] DEBUG a.f.a.t.b.SeqModelChecker - State 2: Checking state invariant 0
2026-07-11T10:07:57,787 [zio-default-async-5] INFO  a.f.a.t.b.SeqModelChecker - State 2: state invariant 0 holds.
2026-07-11T10:07:57,788 [zio-default-async-5] DEBUG a.f.a.t.b.t.TransitionExecutorImpl - Step #2, transition #1
2026-07-11T10:07:57,788 [zio-default-async-5] DEBUG a.f.a.t.b.t.TransitionExecutorImpl - Translating to SMT
2026-07-11T10:07:57,797 [zio-default-async-5] DEBUG a.f.a.t.b.SeqModelChecker - Step 2: Transition #1. Is it enabled?
2026-07-11T10:07:57,798 [zio-default-async-5] DEBUG a.f.a.t.b.SeqModelChecker - Step 2: Transition #1 is enabled
2026-07-11T10:07:57,799 [zio-default-async-5] INFO  a.f.a.t.b.SeqModelChecker - State 2: Checking 1 state invariants
2026-07-11T10:07:57,799 [zio-default-async-5] DEBUG a.f.a.t.b.SeqModelChecker - State 2: Checking state invariant 0
2026-07-11T10:07:57,802 [zio-default-async-5] INFO  a.f.a.t.b.SeqModelChecker - State 2: state invariant 0 holds.
2026-07-11T10:07:57,804 [zio-default-async-5] DEBUG a.f.a.t.b.t.TransitionExecutorImpl - Step #2, transition #2
2026-07-11T10:07:57,804 [zio-default-async-5] DEBUG a.f.a.t.b.t.TransitionExecutorImpl - Translating to SMT
2026-07-11T10:07:57,820 [zio-default-async-5] DEBUG a.f.a.t.b.SeqModelChecker - Step 2: Transition #2. Is it enabled?
2026-07-11T10:07:57,822 [zio-default-async-5] DEBUG a.f.a.t.b.SeqModelChecker - Step 2: Transition #2 is enabled
2026-07-11T10:07:57,822 [zio-default-async-5] INFO  a.f.a.t.b.SeqModelChecker - State 2: Checking 1 state invariants
2026-07-11T10:07:57,822 [zio-default-async-5] DEBUG a.f.a.t.b.SeqModelChecker - State 2: Checking state invariant 0
2026-07-11T10:07:57,844 [zio-default-async-5] INFO  a.f.a.t.b.SeqModelChecker - State 2: state invariant 0 holds.
2026-07-11T10:07:57,845 [zio-default-async-5] DEBUG a.f.a.t.b.t.TransitionExecutorImpl - Step #2, transition #3
2026-07-11T10:07:57,845 [zio-default-async-5] DEBUG a.f.a.t.b.t.TransitionExecutorImpl - Translating to SMT
2026-07-11T10:07:57,855 [zio-default-async-5] DEBUG a.f.a.t.b.SeqModelChecker - Step 2: Transition #3. Is it enabled?
2026-07-11T10:07:57,857 [zio-default-async-5] DEBUG a.f.a.t.b.SeqModelChecker - Step 2: Transition #3 is enabled
2026-07-11T10:07:57,857 [zio-default-async-5] INFO  a.f.a.t.b.SeqModelChecker - State 2: Checking 1 state invariants
2026-07-11T10:07:57,857 [zio-default-async-5] DEBUG a.f.a.t.b.SeqModelChecker - State 2: Checking state invariant 0
2026-07-11T10:07:57,861 [zio-default-async-5] INFO  a.f.a.t.b.SeqModelChecker - State 2: state invariant 0 holds.
2026-07-11T10:07:57,862 [zio-default-async-5] DEBUG a.f.a.t.b.t.TransitionExecutorImpl - Step #2, transition #4
2026-07-11T10:07:57,862 [zio-default-async-5] DEBUG a.f.a.t.b.t.TransitionExecutorImpl - Translating to SMT
2026-07-11T10:07:57,905 [zio-default-async-5] DEBUG a.f.a.t.b.SeqModelChecker - Step 2: Transition #4. Is it enabled?
2026-07-11T10:07:57,908 [zio-default-async-5] DEBUG a.f.a.t.b.SeqModelChecker - Step 2: Transition #4 is enabled
2026-07-11T10:07:57,908 [zio-default-async-5] INFO  a.f.a.t.b.SeqModelChecker - State 2: Checking 1 state invariants
2026-07-11T10:07:57,908 [zio-default-async-5] DEBUG a.f.a.t.b.SeqModelChecker - State 2: Checking state invariant 0
2026-07-11T10:07:57,938 [zio-default-async-5] INFO  a.f.a.t.b.SeqModelChecker - State 2: state invariant 0 holds.
2026-07-11T10:07:57,940 [zio-default-async-5] DEBUG a.f.a.t.b.t.TransitionExecutorImpl - Step #2, transition #5
2026-07-11T10:07:57,940 [zio-default-async-5] DEBUG a.f.a.t.b.t.TransitionExecutorImpl - Translating to SMT
2026-07-11T10:07:57,976 [zio-default-async-5] DEBUG a.f.a.t.b.SeqModelChecker - Step 2: Transition #5. Is it enabled?
2026-07-11T10:07:57,980 [zio-default-async-5] DEBUG a.f.a.t.b.SeqModelChecker - Step 2: Transition #5 is enabled
2026-07-11T10:07:57,980 [zio-default-async-5] INFO  a.f.a.t.b.SeqModelChecker - State 2: Checking 1 state invariants
2026-07-11T10:07:57,980 [zio-default-async-5] DEBUG a.f.a.t.b.SeqModelChecker - State 2: Checking state invariant 0
2026-07-11T10:07:58,008 [zio-default-async-5] INFO  a.f.a.t.b.SeqModelChecker - State 2: state invariant 0 holds.
2026-07-11T10:07:58,009 [zio-default-async-5] DEBUG a.f.a.t.b.t.TransitionExecutorImpl - Step #2, transition #6
2026-07-11T10:07:58,009 [zio-default-async-5] DEBUG a.f.a.t.b.t.TransitionExecutorImpl - Translating to SMT
2026-07-11T10:07:58,043 [zio-default-async-5] DEBUG a.f.a.t.b.SeqModelChecker - Step 2: Transition #6. Is it enabled?
2026-07-11T10:07:58,046 [zio-default-async-5] INFO  a.f.a.t.b.SeqModelChecker - Step 2: Transition #6 is disabled
2026-07-11T10:07:58,047 [zio-default-async-5] DEBUG a.f.a.t.b.t.TransitionExecutorImpl - Step #2, transition #7
2026-07-11T10:07:58,047 [zio-default-async-5] DEBUG a.f.a.t.b.t.TransitionExecutorImpl - Translating to SMT
2026-07-11T10:07:58,080 [zio-default-async-5] DEBUG a.f.a.t.b.SeqModelChecker - Step 2: Transition #7. Is it enabled?
2026-07-11T10:07:58,083 [zio-default-async-5] INFO  a.f.a.t.b.SeqModelChecker - Step 2: Transition #7 is disabled
2026-07-11T10:07:58,085 [zio-default-async-5] DEBUG a.f.a.t.b.t.TransitionExecutorImpl - Step #2, transition #8
2026-07-11T10:07:58,085 [zio-default-async-5] DEBUG a.f.a.t.b.t.TransitionExecutorImpl - Translating to SMT
2026-07-11T10:07:58,122 [zio-default-async-5] DEBUG a.f.a.t.b.SeqModelChecker - Step 2: Transition #8. Is it enabled?
2026-07-11T10:07:58,127 [zio-default-async-5] DEBUG a.f.a.t.b.SeqModelChecker - Step 2: Transition #8 is enabled
2026-07-11T10:07:58,127 [zio-default-async-5] INFO  a.f.a.t.b.SeqModelChecker - State 2: Checking 1 state invariants
2026-07-11T10:07:58,127 [zio-default-async-5] DEBUG a.f.a.t.b.SeqModelChecker - State 2: Checking state invariant 0
2026-07-11T10:07:58,149 [zio-default-async-5] INFO  a.f.a.t.b.SeqModelChecker - State 2: state invariant 0 holds.
2026-07-11T10:07:58,150 [zio-default-async-5] DEBUG a.f.a.t.b.t.TransitionExecutorImpl - Step #2, transition #9
2026-07-11T10:07:58,150 [zio-default-async-5] DEBUG a.f.a.t.b.t.TransitionExecutorImpl - Translating to SMT
2026-07-11T10:07:58,182 [zio-default-async-5] DEBUG a.f.a.t.b.SeqModelChecker - Step 2: Transition #9. Is it enabled?
2026-07-11T10:07:58,186 [zio-default-async-5] DEBUG a.f.a.t.b.SeqModelChecker - Step 2: Transition #9 is enabled
2026-07-11T10:07:58,187 [zio-default-async-5] INFO  a.f.a.t.b.SeqModelChecker - State 2: Checking 1 state invariants
2026-07-11T10:07:58,187 [zio-default-async-5] DEBUG a.f.a.t.b.SeqModelChecker - State 2: Checking state invariant 0
2026-07-11T10:07:58,203 [zio-default-async-5] INFO  a.f.a.t.b.SeqModelChecker - State 2: state invariant 0 holds.
2026-07-11T10:07:58,205 [zio-default-async-5] DEBUG a.f.a.t.b.t.TransitionExecutorImpl - Step #2, transition #10
2026-07-11T10:07:58,205 [zio-default-async-5] DEBUG a.f.a.t.b.t.TransitionExecutorImpl - Translating to SMT
2026-07-11T10:07:58,221 [zio-default-async-5] DEBUG a.f.a.t.b.SeqModelChecker - Step 2: Transition #10. Is it enabled?
2026-07-11T10:07:58,224 [zio-default-async-5] DEBUG a.f.a.t.b.SeqModelChecker - Step 2: Transition #10 is enabled
2026-07-11T10:07:58,225 [zio-default-async-5] INFO  a.f.a.t.b.SeqModelChecker - State 2: Checking 1 state invariants
2026-07-11T10:07:58,225 [zio-default-async-5] DEBUG a.f.a.t.b.SeqModelChecker - State 2: Checking state invariant 0
2026-07-11T10:07:58,244 [zio-default-async-5] INFO  a.f.a.t.b.SeqModelChecker - State 2: state invariant 0 holds.
2026-07-11T10:07:58,245 [zio-default-async-5] DEBUG a.f.a.t.b.t.TransitionExecutorImpl - Step #2, transition #11
2026-07-11T10:07:58,245 [zio-default-async-5] DEBUG a.f.a.t.b.t.TransitionExecutorImpl - Translating to SMT
2026-07-11T10:07:58,262 [zio-default-async-5] DEBUG a.f.a.t.b.SeqModelChecker - Step 2: Transition #11. Is it enabled?
2026-07-11T10:07:58,265 [zio-default-async-5] DEBUG a.f.a.t.b.SeqModelChecker - Step 2: Transition #11 is enabled
2026-07-11T10:07:58,266 [zio-default-async-5] INFO  a.f.a.t.b.SeqModelChecker - State 2: Checking 1 state invariants
2026-07-11T10:07:58,266 [zio-default-async-5] DEBUG a.f.a.t.b.SeqModelChecker - State 2: Checking state invariant 0
2026-07-11T10:07:58,269 [zio-default-async-5] INFO  a.f.a.t.b.SeqModelChecker - State 2: state invariant 0 holds.
2026-07-11T10:07:58,270 [zio-default-async-5] DEBUG a.f.a.t.b.t.TransitionExecutorImpl - Step #2, transition #12
2026-07-11T10:07:58,270 [zio-default-async-5] DEBUG a.f.a.t.b.t.TransitionExecutorImpl - Translating to SMT
2026-07-11T10:07:58,309 [zio-default-async-5] DEBUG a.f.a.t.b.SeqModelChecker - Step 2: Transition #12. Is it enabled?
2026-07-11T10:07:58,315 [zio-default-async-5] INFO  a.f.a.t.b.SeqModelChecker - Step 2: Transition #12 is disabled
2026-07-11T10:07:58,316 [zio-default-async-5] DEBUG a.f.a.t.b.t.TransitionExecutorImpl - Step #2, transition #13
2026-07-11T10:07:58,317 [zio-default-async-5] DEBUG a.f.a.t.b.t.TransitionExecutorImpl - Translating to SMT
2026-07-11T10:07:58,341 [zio-default-async-5] DEBUG a.f.a.t.b.SeqModelChecker - Step 2: Transition #13. Is it enabled?
2026-07-11T10:07:58,345 [zio-default-async-5] INFO  a.f.a.t.b.SeqModelChecker - Step 2: Transition #13 is disabled
2026-07-11T10:07:58,346 [zio-default-async-5] DEBUG a.f.a.t.b.t.TransitionExecutorImpl - Step #2, transition #14
2026-07-11T10:07:58,346 [zio-default-async-5] DEBUG a.f.a.t.b.t.TransitionExecutorImpl - Translating to SMT
2026-07-11T10:07:58,357 [zio-default-async-5] DEBUG a.f.a.t.b.SeqModelChecker - Step 2: Transition #14. Is it enabled?
2026-07-11T10:07:58,362 [zio-default-async-5] DEBUG a.f.a.t.b.SeqModelChecker - Step 2: Transition #14 is enabled
2026-07-11T10:07:58,362 [zio-default-async-5] INFO  a.f.a.t.b.SeqModelChecker - State 2: Checking 1 state invariants
2026-07-11T10:07:58,362 [zio-default-async-5] DEBUG a.f.a.t.b.SeqModelChecker - State 2: Checking state invariant 0
2026-07-11T10:07:58,383 [zio-default-async-5] INFO  a.f.a.t.b.SeqModelChecker - State 2: state invariant 0 holds.
2026-07-11T10:07:58,384 [zio-default-async-5] DEBUG a.f.a.t.b.t.TransitionExecutorImpl - Step #2, transition #15
2026-07-11T10:07:58,384 [zio-default-async-5] DEBUG a.f.a.t.b.t.TransitionExecutorImpl - Translating to SMT
2026-07-11T10:07:58,400 [zio-default-async-5] DEBUG a.f.a.t.b.SeqModelChecker - Step 2: Transition #15. Is it enabled?
2026-07-11T10:07:58,406 [zio-default-async-5] DEBUG a.f.a.t.b.SeqModelChecker - Step 2: Transition #15 is enabled
2026-07-11T10:07:58,406 [zio-default-async-5] INFO  a.f.a.t.b.SeqModelChecker - State 2: Checking 1 state invariants
2026-07-11T10:07:58,407 [zio-default-async-5] DEBUG a.f.a.t.b.SeqModelChecker - State 2: Checking state invariant 0
2026-07-11T10:07:58,411 [zio-default-async-5] INFO  a.f.a.t.b.SeqModelChecker - State 2: state invariant 0 holds.
2026-07-11T10:07:58,412 [zio-default-async-5] DEBUG a.f.a.t.b.t.TransitionExecutorImpl - Step #2, transition #16
2026-07-11T10:07:58,412 [zio-default-async-5] DEBUG a.f.a.t.b.t.TransitionExecutorImpl - Translating to SMT
2026-07-11T10:07:58,422 [zio-default-async-5] DEBUG a.f.a.t.b.SeqModelChecker - Step 2: Transition #16. Is it enabled?
2026-07-11T10:07:58,426 [zio-default-async-5] INFO  a.f.a.t.b.SeqModelChecker - Step 2: Transition #16 is disabled
2026-07-11T10:07:58,426 [zio-default-async-5] DEBUG a.f.a.t.b.t.TransitionExecutorImpl - Step #2, transition #17
2026-07-11T10:07:58,426 [zio-default-async-5] DEBUG a.f.a.t.b.t.TransitionExecutorImpl - Translating to SMT
2026-07-11T10:07:58,435 [zio-default-async-5] DEBUG a.f.a.t.b.SeqModelChecker - Step 2: Transition #17. Is it enabled?
2026-07-11T10:07:58,439 [zio-default-async-5] INFO  a.f.a.t.b.SeqModelChecker - Step 2: Transition #17 is disabled
2026-07-11T10:07:58,439 [zio-default-async-5] DEBUG a.f.a.t.b.t.TransitionExecutorImpl - Step #2, transition #18
2026-07-11T10:07:58,439 [zio-default-async-5] DEBUG a.f.a.t.b.t.TransitionExecutorImpl - Translating to SMT
2026-07-11T10:07:58,449 [zio-default-async-5] DEBUG a.f.a.t.b.SeqModelChecker - Step 2: Transition #18. Is it enabled?
2026-07-11T10:07:58,451 [zio-default-async-5] DEBUG a.f.a.t.b.SeqModelChecker - Step 2: Transition #18 is enabled
2026-07-11T10:07:58,452 [zio-default-async-5] INFO  a.f.a.t.b.SeqModelChecker - State 2: Checking 1 state invariants
2026-07-11T10:07:58,452 [zio-default-async-5] DEBUG a.f.a.t.b.SeqModelChecker - State 2: Checking state invariant 0
2026-07-11T10:07:58,471 [zio-default-async-5] INFO  a.f.a.t.b.SeqModelChecker - State 2: state invariant 0 holds.
2026-07-11T10:07:58,472 [zio-default-async-5] DEBUG a.f.a.t.b.t.TransitionExecutorImpl - Step #2, transition #19
2026-07-11T10:07:58,472 [zio-default-async-5] DEBUG a.f.a.t.b.t.TransitionExecutorImpl - Translating to SMT
2026-07-11T10:07:58,481 [zio-default-async-5] DEBUG a.f.a.t.b.SeqModelChecker - Step 2: Transition #19. Is it enabled?
2026-07-11T10:07:58,483 [zio-default-async-5] DEBUG a.f.a.t.b.SeqModelChecker - Step 2: Transition #19 is enabled
2026-07-11T10:07:58,484 [zio-default-async-5] INFO  a.f.a.t.b.SeqModelChecker - State 2: Checking 1 state invariants
2026-07-11T10:07:58,484 [zio-default-async-5] DEBUG a.f.a.t.b.SeqModelChecker - State 2: Checking state invariant 0
2026-07-11T10:07:58,489 [zio-default-async-5] INFO  a.f.a.t.b.SeqModelChecker - State 2: state invariant 0 holds.
2026-07-11T10:07:58,489 [zio-default-async-5] DEBUG a.f.a.t.b.t.TransitionExecutorImpl - Step #2, transition #20
2026-07-11T10:07:58,489 [zio-default-async-5] DEBUG a.f.a.t.b.t.TransitionExecutorImpl - Translating to SMT
2026-07-11T10:07:58,496 [zio-default-async-5] DEBUG a.f.a.t.b.SeqModelChecker - Step 2: Transition #20. Is it enabled?
2026-07-11T10:07:58,498 [zio-default-async-5] INFO  a.f.a.t.b.SeqModelChecker - Step 2: Transition #20 is disabled
2026-07-11T10:07:58,499 [zio-default-async-5] DEBUG a.f.a.t.b.t.TransitionExecutorImpl - Step #2, transition #21
2026-07-11T10:07:58,499 [zio-default-async-5] DEBUG a.f.a.t.b.t.TransitionExecutorImpl - Translating to SMT
2026-07-11T10:07:58,505 [zio-default-async-5] DEBUG a.f.a.t.b.SeqModelChecker - Step 2: Transition #21. Is it enabled?
2026-07-11T10:07:58,508 [zio-default-async-5] INFO  a.f.a.t.b.SeqModelChecker - Step 2: Transition #21 is disabled
2026-07-11T10:07:58,509 [zio-default-async-5] INFO  a.f.a.t.b.t.TransitionExecutorImpl - Step 2: picking a transition out of 14 transition(s)
2026-07-11T10:07:58,571 [zio-default-async-5] DEBUG a.f.a.t.b.t.TransitionExecutorImpl - Step #3, transition #0
2026-07-11T10:07:58,571 [zio-default-async-5] DEBUG a.f.a.t.b.t.TransitionExecutorImpl - Translating to SMT
2026-07-11T10:07:58,577 [zio-default-async-5] DEBUG a.f.a.t.b.SeqModelChecker - Step 3: Transition #0. Is it enabled?
2026-07-11T10:07:58,586 [zio-default-async-5] DEBUG a.f.a.t.b.SeqModelChecker - Step 3: Transition #0 is enabled
2026-07-11T10:07:58,586 [zio-default-async-5] INFO  a.f.a.t.b.SeqModelChecker - State 3: Checking 1 state invariants
2026-07-11T10:07:58,587 [zio-default-async-5] DEBUG a.f.a.t.b.SeqModelChecker - State 3: Checking state invariant 0
2026-07-11T10:07:58,610 [zio-default-async-5] INFO  a.f.a.t.b.SeqModelChecker - State 3: state invariant 0 holds.
2026-07-11T10:07:58,611 [zio-default-async-5] DEBUG a.f.a.t.b.t.TransitionExecutorImpl - Step #3, transition #1
2026-07-11T10:07:58,611 [zio-default-async-5] DEBUG a.f.a.t.b.t.TransitionExecutorImpl - Translating to SMT
2026-07-11T10:07:58,617 [zio-default-async-5] DEBUG a.f.a.t.b.SeqModelChecker - Step 3: Transition #1. Is it enabled?
2026-07-11T10:07:58,622 [zio-default-async-5] DEBUG a.f.a.t.b.SeqModelChecker - Step 3: Transition #1 is enabled
2026-07-11T10:07:58,623 [zio-default-async-5] INFO  a.f.a.t.b.SeqModelChecker - State 3: Checking 1 state invariants
2026-07-11T10:07:58,623 [zio-default-async-5] DEBUG a.f.a.t.b.SeqModelChecker - State 3: Checking state invariant 0
2026-07-11T10:07:58,625 [zio-default-async-5] INFO  a.f.a.t.b.SeqModelChecker - State 3: state invariant 0 holds.
2026-07-11T10:07:58,626 [zio-default-async-5] DEBUG a.f.a.t.b.t.TransitionExecutorImpl - Step #3, transition #2
2026-07-11T10:07:58,626 [zio-default-async-5] DEBUG a.f.a.t.b.t.TransitionExecutorImpl - Translating to SMT
2026-07-11T10:07:58,633 [zio-default-async-5] DEBUG a.f.a.t.b.SeqModelChecker - Step 3: Transition #2. Is it enabled?
2026-07-11T10:07:58,638 [zio-default-async-5] DEBUG a.f.a.t.b.SeqModelChecker - Step 3: Transition #2 is enabled
2026-07-11T10:07:58,639 [zio-default-async-5] INFO  a.f.a.t.b.SeqModelChecker - State 3: Checking 1 state invariants
2026-07-11T10:07:58,639 [zio-default-async-5] DEBUG a.f.a.t.b.SeqModelChecker - State 3: Checking state invariant 0
2026-07-11T10:07:58,663 [zio-default-async-5] INFO  a.f.a.t.b.SeqModelChecker - State 3: state invariant 0 holds.
2026-07-11T10:07:58,665 [zio-default-async-5] DEBUG a.f.a.t.b.t.TransitionExecutorImpl - Step #3, transition #3
2026-07-11T10:07:58,665 [zio-default-async-5] DEBUG a.f.a.t.b.t.TransitionExecutorImpl - Translating to SMT
2026-07-11T10:07:58,675 [zio-default-async-5] DEBUG a.f.a.t.b.SeqModelChecker - Step 3: Transition #3. Is it enabled?
2026-07-11T10:07:58,683 [zio-default-async-5] DEBUG a.f.a.t.b.SeqModelChecker - Step 3: Transition #3 is enabled
2026-07-11T10:07:58,683 [zio-default-async-5] INFO  a.f.a.t.b.SeqModelChecker - State 3: Checking 1 state invariants
2026-07-11T10:07:58,683 [zio-default-async-5] DEBUG a.f.a.t.b.SeqModelChecker - State 3: Checking state invariant 0
2026-07-11T10:07:58,688 [zio-default-async-5] INFO  a.f.a.t.b.SeqModelChecker - State 3: state invariant 0 holds.
2026-07-11T10:07:58,689 [zio-default-async-5] DEBUG a.f.a.t.b.t.TransitionExecutorImpl - Step #3, transition #4
2026-07-11T10:07:58,689 [zio-default-async-5] DEBUG a.f.a.t.b.t.TransitionExecutorImpl - Translating to SMT
2026-07-11T10:07:58,722 [zio-default-async-5] DEBUG a.f.a.t.b.SeqModelChecker - Step 3: Transition #4. Is it enabled?
2026-07-11T10:07:58,728 [zio-default-async-5] DEBUG a.f.a.t.b.SeqModelChecker - Step 3: Transition #4 is enabled
2026-07-11T10:07:58,728 [zio-default-async-5] INFO  a.f.a.t.b.SeqModelChecker - State 3: Checking 1 state invariants
2026-07-11T10:07:58,728 [zio-default-async-5] DEBUG a.f.a.t.b.SeqModelChecker - State 3: Checking state invariant 0
2026-07-11T10:07:58,749 [zio-default-async-5] INFO  a.f.a.t.b.SeqModelChecker - State 3: state invariant 0 holds.
2026-07-11T10:07:58,750 [zio-default-async-5] DEBUG a.f.a.t.b.t.TransitionExecutorImpl - Step #3, transition #5
2026-07-11T10:07:58,750 [zio-default-async-5] DEBUG a.f.a.t.b.t.TransitionExecutorImpl - Translating to SMT
2026-07-11T10:07:58,791 [zio-default-async-5] DEBUG a.f.a.t.b.SeqModelChecker - Step 3: Transition #5. Is it enabled?
2026-07-11T10:07:58,797 [zio-default-async-5] DEBUG a.f.a.t.b.SeqModelChecker - Step 3: Transition #5 is enabled
2026-07-11T10:07:58,798 [zio-default-async-5] INFO  a.f.a.t.b.SeqModelChecker - State 3: Checking 1 state invariants
2026-07-11T10:07:58,798 [zio-default-async-5] DEBUG a.f.a.t.b.SeqModelChecker - State 3: Checking state invariant 0
2026-07-11T10:07:58,817 [zio-default-async-5] INFO  a.f.a.t.b.SeqModelChecker - State 3: state invariant 0 holds.
2026-07-11T10:07:58,818 [zio-default-async-5] DEBUG a.f.a.t.b.t.TransitionExecutorImpl - Step #3, transition #6
2026-07-11T10:07:58,819 [zio-default-async-5] DEBUG a.f.a.t.b.t.TransitionExecutorImpl - Translating to SMT
2026-07-11T10:07:58,842 [zio-default-async-5] DEBUG a.f.a.t.b.SeqModelChecker - Step 3: Transition #6. Is it enabled?
2026-07-11T10:07:58,856 [zio-default-async-5] DEBUG a.f.a.t.b.SeqModelChecker - Step 3: Transition #6 is enabled
2026-07-11T10:07:58,856 [zio-default-async-5] INFO  a.f.a.t.b.SeqModelChecker - State 3: Checking 1 state invariants
2026-07-11T10:07:58,856 [zio-default-async-5] DEBUG a.f.a.t.b.SeqModelChecker - State 3: Checking state invariant 0
2026-07-11T10:07:58,882 [zio-default-async-5] INFO  a.f.a.t.b.SeqModelChecker - State 3: state invariant 0 holds.
2026-07-11T10:07:58,884 [zio-default-async-5] DEBUG a.f.a.t.b.t.TransitionExecutorImpl - Step #3, transition #7
2026-07-11T10:07:58,884 [zio-default-async-5] DEBUG a.f.a.t.b.t.TransitionExecutorImpl - Translating to SMT
2026-07-11T10:07:58,912 [zio-default-async-5] DEBUG a.f.a.t.b.SeqModelChecker - Step 3: Transition #7. Is it enabled?
2026-07-11T10:07:58,925 [zio-default-async-5] DEBUG a.f.a.t.b.SeqModelChecker - Step 3: Transition #7 is enabled
2026-07-11T10:07:58,926 [zio-default-async-5] INFO  a.f.a.t.b.SeqModelChecker - State 3: Checking 1 state invariants
2026-07-11T10:07:58,926 [zio-default-async-5] DEBUG a.f.a.t.b.SeqModelChecker - State 3: Checking state invariant 0
2026-07-11T10:07:58,950 [zio-default-async-5] INFO  a.f.a.t.b.SeqModelChecker - State 3: state invariant 0 holds.
2026-07-11T10:07:58,952 [zio-default-async-5] DEBUG a.f.a.t.b.t.TransitionExecutorImpl - Step #3, transition #8
2026-07-11T10:07:58,952 [zio-default-async-5] DEBUG a.f.a.t.b.t.TransitionExecutorImpl - Translating to SMT
2026-07-11T10:07:58,981 [zio-default-async-5] DEBUG a.f.a.t.b.SeqModelChecker - Step 3: Transition #8. Is it enabled?
2026-07-11T10:07:58,998 [zio-default-async-5] DEBUG a.f.a.t.b.SeqModelChecker - Step 3: Transition #8 is enabled
2026-07-11T10:07:58,999 [zio-default-async-5] INFO  a.f.a.t.b.SeqModelChecker - State 3: Checking 1 state invariants
2026-07-11T10:07:58,999 [zio-default-async-5] DEBUG a.f.a.t.b.SeqModelChecker - State 3: Checking state invariant 0
2026-07-11T10:07:59,025 [zio-default-async-5] INFO  a.f.a.t.b.SeqModelChecker - State 3: state invariant 0 holds.
2026-07-11T10:07:59,027 [zio-default-async-5] DEBUG a.f.a.t.b.t.TransitionExecutorImpl - Step #3, transition #9
2026-07-11T10:07:59,027 [zio-default-async-5] DEBUG a.f.a.t.b.t.TransitionExecutorImpl - Translating to SMT
2026-07-11T10:07:59,053 [zio-default-async-5] DEBUG a.f.a.t.b.SeqModelChecker - Step 3: Transition #9. Is it enabled?
2026-07-11T10:07:59,067 [zio-default-async-5] DEBUG a.f.a.t.b.SeqModelChecker - Step 3: Transition #9 is enabled
2026-07-11T10:07:59,068 [zio-default-async-5] INFO  a.f.a.t.b.SeqModelChecker - State 3: Checking 1 state invariants
2026-07-11T10:07:59,068 [zio-default-async-5] DEBUG a.f.a.t.b.SeqModelChecker - State 3: Checking state invariant 0
2026-07-11T10:07:59,092 [zio-default-async-5] INFO  a.f.a.t.b.SeqModelChecker - State 3: state invariant 0 holds.
2026-07-11T10:07:59,093 [zio-default-async-5] DEBUG a.f.a.t.b.t.TransitionExecutorImpl - Step #3, transition #10
2026-07-11T10:07:59,093 [zio-default-async-5] DEBUG a.f.a.t.b.t.TransitionExecutorImpl - Translating to SMT
2026-07-11T10:07:59,107 [zio-default-async-5] DEBUG a.f.a.t.b.SeqModelChecker - Step 3: Transition #10. Is it enabled?
2026-07-11T10:07:59,116 [zio-default-async-5] DEBUG a.f.a.t.b.SeqModelChecker - Step 3: Transition #10 is enabled
2026-07-11T10:07:59,117 [zio-default-async-5] INFO  a.f.a.t.b.SeqModelChecker - State 3: Checking 1 state invariants
2026-07-11T10:07:59,117 [zio-default-async-5] DEBUG a.f.a.t.b.SeqModelChecker - State 3: Checking state invariant 0
2026-07-11T10:07:59,141 [zio-default-async-5] INFO  a.f.a.t.b.SeqModelChecker - State 3: state invariant 0 holds.
2026-07-11T10:07:59,143 [zio-default-async-5] DEBUG a.f.a.t.b.t.TransitionExecutorImpl - Step #3, transition #11
2026-07-11T10:07:59,143 [zio-default-async-5] DEBUG a.f.a.t.b.t.TransitionExecutorImpl - Translating to SMT
2026-07-11T10:07:59,158 [zio-default-async-5] DEBUG a.f.a.t.b.SeqModelChecker - Step 3: Transition #11. Is it enabled?
2026-07-11T10:07:59,169 [zio-default-async-5] DEBUG a.f.a.t.b.SeqModelChecker - Step 3: Transition #11 is enabled
2026-07-11T10:07:59,169 [zio-default-async-5] INFO  a.f.a.t.b.SeqModelChecker - State 3: Checking 1 state invariants
2026-07-11T10:07:59,169 [zio-default-async-5] DEBUG a.f.a.t.b.SeqModelChecker - State 3: Checking state invariant 0
2026-07-11T10:07:59,176 [zio-default-async-5] INFO  a.f.a.t.b.SeqModelChecker - State 3: state invariant 0 holds.
2026-07-11T10:07:59,177 [zio-default-async-5] DEBUG a.f.a.t.b.t.TransitionExecutorImpl - Step #3, transition #12
2026-07-11T10:07:59,177 [zio-default-async-5] DEBUG a.f.a.t.b.t.TransitionExecutorImpl - Translating to SMT
2026-07-11T10:07:59,196 [zio-default-async-5] DEBUG a.f.a.t.b.SeqModelChecker - Step 3: Transition #12. Is it enabled?
2026-07-11T10:07:59,208 [zio-default-async-5] DEBUG a.f.a.t.b.SeqModelChecker - Step 3: Transition #12 is enabled
2026-07-11T10:07:59,209 [zio-default-async-5] INFO  a.f.a.t.b.SeqModelChecker - State 3: Checking 1 state invariants
2026-07-11T10:07:59,209 [zio-default-async-5] DEBUG a.f.a.t.b.SeqModelChecker - State 3: Checking state invariant 0
2026-07-11T10:07:59,231 [zio-default-async-5] INFO  a.f.a.t.b.SeqModelChecker - State 3: state invariant 0 holds.
2026-07-11T10:07:59,233 [zio-default-async-5] DEBUG a.f.a.t.b.t.TransitionExecutorImpl - Step #3, transition #13
2026-07-11T10:07:59,233 [zio-default-async-5] DEBUG a.f.a.t.b.t.TransitionExecutorImpl - Translating to SMT
2026-07-11T10:07:59,250 [zio-default-async-5] DEBUG a.f.a.t.b.SeqModelChecker - Step 3: Transition #13. Is it enabled?
2026-07-11T10:07:59,261 [zio-default-async-5] DEBUG a.f.a.t.b.SeqModelChecker - Step 3: Transition #13 is enabled
2026-07-11T10:07:59,262 [zio-default-async-5] INFO  a.f.a.t.b.SeqModelChecker - State 3: Checking 1 state invariants
2026-07-11T10:07:59,262 [zio-default-async-5] DEBUG a.f.a.t.b.SeqModelChecker - State 3: Checking state invariant 0
2026-07-11T10:07:59,288 [zio-default-async-5] INFO  a.f.a.t.b.SeqModelChecker - State 3: state invariant 0 holds.
2026-07-11T10:07:59,290 [zio-default-async-5] DEBUG a.f.a.t.b.t.TransitionExecutorImpl - Step #3, transition #14
2026-07-11T10:07:59,290 [zio-default-async-5] DEBUG a.f.a.t.b.t.TransitionExecutorImpl - Translating to SMT
2026-07-11T10:07:59,301 [zio-default-async-5] DEBUG a.f.a.t.b.SeqModelChecker - Step 3: Transition #14. Is it enabled?
2026-07-11T10:07:59,318 [zio-default-async-5] DEBUG a.f.a.t.b.SeqModelChecker - Step 3: Transition #14 is enabled
2026-07-11T10:07:59,318 [zio-default-async-5] INFO  a.f.a.t.b.SeqModelChecker - State 3: Checking 1 state invariants
2026-07-11T10:07:59,318 [zio-default-async-5] DEBUG a.f.a.t.b.SeqModelChecker - State 3: Checking state invariant 0
2026-07-11T10:07:59,342 [zio-default-async-5] INFO  a.f.a.t.b.SeqModelChecker - State 3: state invariant 0 holds.
2026-07-11T10:07:59,343 [zio-default-async-5] DEBUG a.f.a.t.b.t.TransitionExecutorImpl - Step #3, transition #15
2026-07-11T10:07:59,343 [zio-default-async-5] DEBUG a.f.a.t.b.t.TransitionExecutorImpl - Translating to SMT
2026-07-11T10:07:59,352 [zio-default-async-5] DEBUG a.f.a.t.b.SeqModelChecker - Step 3: Transition #15. Is it enabled?
2026-07-11T10:07:59,359 [zio-default-async-5] DEBUG a.f.a.t.b.SeqModelChecker - Step 3: Transition #15 is enabled
2026-07-11T10:07:59,359 [zio-default-async-5] INFO  a.f.a.t.b.SeqModelChecker - State 3: Checking 1 state invariants
2026-07-11T10:07:59,359 [zio-default-async-5] DEBUG a.f.a.t.b.SeqModelChecker - State 3: Checking state invariant 0
2026-07-11T10:07:59,364 [zio-default-async-5] INFO  a.f.a.t.b.SeqModelChecker - State 3: state invariant 0 holds.
2026-07-11T10:07:59,365 [zio-default-async-5] DEBUG a.f.a.t.b.t.TransitionExecutorImpl - Step #3, transition #16
2026-07-11T10:07:59,366 [zio-default-async-5] DEBUG a.f.a.t.b.t.TransitionExecutorImpl - Translating to SMT
2026-07-11T10:07:59,395 [zio-default-async-5] DEBUG a.f.a.t.b.SeqModelChecker - Step 3: Transition #16. Is it enabled?
2026-07-11T10:07:59,416 [zio-default-async-5] DEBUG a.f.a.t.b.SeqModelChecker - Step 3: Transition #16 is enabled
2026-07-11T10:07:59,416 [zio-default-async-5] INFO  a.f.a.t.b.SeqModelChecker - State 3: Checking 1 state invariants
2026-07-11T10:07:59,416 [zio-default-async-5] DEBUG a.f.a.t.b.SeqModelChecker - State 3: Checking state invariant 0
2026-07-11T10:07:59,454 [zio-default-async-5] INFO  a.f.a.t.b.SeqModelChecker - State 3: state invariant 0 holds.
2026-07-11T10:07:59,456 [zio-default-async-5] DEBUG a.f.a.t.b.t.TransitionExecutorImpl - Step #3, transition #17
2026-07-11T10:07:59,456 [zio-default-async-5] DEBUG a.f.a.t.b.t.TransitionExecutorImpl - Translating to SMT
2026-07-11T10:07:59,465 [zio-default-async-5] DEBUG a.f.a.t.b.SeqModelChecker - Step 3: Transition #17. Is it enabled?
2026-07-11T10:07:59,479 [zio-default-async-5] DEBUG a.f.a.t.b.SeqModelChecker - Step 3: Transition #17 is enabled
2026-07-11T10:07:59,480 [zio-default-async-5] INFO  a.f.a.t.b.SeqModelChecker - State 3: Checking 1 state invariants
2026-07-11T10:07:59,480 [zio-default-async-5] DEBUG a.f.a.t.b.SeqModelChecker - State 3: Checking state invariant 0
2026-07-11T10:07:59,488 [zio-default-async-5] INFO  a.f.a.t.b.SeqModelChecker - State 3: state invariant 0 holds.
2026-07-11T10:07:59,490 [zio-default-async-5] DEBUG a.f.a.t.b.t.TransitionExecutorImpl - Step #3, transition #18
2026-07-11T10:07:59,490 [zio-default-async-5] DEBUG a.f.a.t.b.t.TransitionExecutorImpl - Translating to SMT
2026-07-11T10:07:59,500 [zio-default-async-5] DEBUG a.f.a.t.b.SeqModelChecker - Step 3: Transition #18. Is it enabled?
2026-07-11T10:07:59,519 [zio-default-async-5] DEBUG a.f.a.t.b.SeqModelChecker - Step 3: Transition #18 is enabled
2026-07-11T10:07:59,520 [zio-default-async-5] INFO  a.f.a.t.b.SeqModelChecker - State 3: Checking 1 state invariants
2026-07-11T10:07:59,520 [zio-default-async-5] DEBUG a.f.a.t.b.SeqModelChecker - State 3: Checking state invariant 0
2026-07-11T10:07:59,547 [zio-default-async-5] INFO  a.f.a.t.b.SeqModelChecker - State 3: state invariant 0 holds.
2026-07-11T10:07:59,550 [zio-default-async-5] DEBUG a.f.a.t.b.t.TransitionExecutorImpl - Step #3, transition #19
2026-07-11T10:07:59,550 [zio-default-async-5] DEBUG a.f.a.t.b.t.TransitionExecutorImpl - Translating to SMT
2026-07-11T10:07:59,559 [zio-default-async-5] DEBUG a.f.a.t.b.SeqModelChecker - Step 3: Transition #19. Is it enabled?
2026-07-11T10:07:59,567 [zio-default-async-5] DEBUG a.f.a.t.b.SeqModelChecker - Step 3: Transition #19 is enabled
2026-07-11T10:07:59,567 [zio-default-async-5] INFO  a.f.a.t.b.SeqModelChecker - State 3: Checking 1 state invariants
2026-07-11T10:07:59,567 [zio-default-async-5] DEBUG a.f.a.t.b.SeqModelChecker - State 3: Checking state invariant 0
2026-07-11T10:07:59,574 [zio-default-async-5] INFO  a.f.a.t.b.SeqModelChecker - State 3: state invariant 0 holds.
2026-07-11T10:07:59,576 [zio-default-async-5] DEBUG a.f.a.t.b.t.TransitionExecutorImpl - Step #3, transition #20
2026-07-11T10:07:59,576 [zio-default-async-5] DEBUG a.f.a.t.b.t.TransitionExecutorImpl - Translating to SMT
2026-07-11T10:07:59,582 [zio-default-async-5] DEBUG a.f.a.t.b.SeqModelChecker - Step 3: Transition #20. Is it enabled?
2026-07-11T10:07:59,601 [zio-default-async-5] DEBUG a.f.a.t.b.SeqModelChecker - Step 3: Transition #20 is enabled
2026-07-11T10:07:59,601 [zio-default-async-5] INFO  a.f.a.t.b.SeqModelChecker - State 3: Checking 1 state invariants
2026-07-11T10:07:59,602 [zio-default-async-5] DEBUG a.f.a.t.b.SeqModelChecker - State 3: Checking state invariant 0
2026-07-11T10:07:59,630 [zio-default-async-5] INFO  a.f.a.t.b.SeqModelChecker - State 3: state invariant 0 holds.
2026-07-11T10:07:59,632 [zio-default-async-5] DEBUG a.f.a.t.b.t.TransitionExecutorImpl - Step #3, transition #21
2026-07-11T10:07:59,632 [zio-default-async-5] DEBUG a.f.a.t.b.t.TransitionExecutorImpl - Translating to SMT
2026-07-11T10:07:59,639 [zio-default-async-5] DEBUG a.f.a.t.b.SeqModelChecker - Step 3: Transition #21. Is it enabled?
2026-07-11T10:07:59,661 [zio-default-async-5] DEBUG a.f.a.t.b.SeqModelChecker - Step 3: Transition #21 is enabled
2026-07-11T10:07:59,662 [zio-default-async-5] INFO  a.f.a.t.b.SeqModelChecker - State 3: Checking 1 state invariants
2026-07-11T10:07:59,662 [zio-default-async-5] DEBUG a.f.a.t.b.SeqModelChecker - State 3: Checking state invariant 0
2026-07-11T10:07:59,672 [zio-default-async-5] INFO  a.f.a.t.b.SeqModelChecker - State 3: state invariant 0 holds.
2026-07-11T10:07:59,675 [zio-default-async-5] INFO  a.f.a.t.b.t.TransitionExecutorImpl - Step 3: picking a transition out of 22 transition(s)
2026-07-11T10:07:59,788 [zio-default-async-5] DEBUG a.f.a.t.b.t.TransitionExecutorImpl - Step #4, transition #0
2026-07-11T10:07:59,788 [zio-default-async-5] DEBUG a.f.a.t.b.t.TransitionExecutorImpl - Translating to SMT
2026-07-11T10:07:59,795 [zio-default-async-5] DEBUG a.f.a.t.b.SeqModelChecker - Step 4: Transition #0. Is it enabled?
2026-07-11T10:07:59,838 [zio-default-async-5] DEBUG a.f.a.t.b.SeqModelChecker - Step 4: Transition #0 is enabled
2026-07-11T10:07:59,838 [zio-default-async-5] INFO  a.f.a.t.b.SeqModelChecker - State 4: Checking 1 state invariants
2026-07-11T10:07:59,838 [zio-default-async-5] DEBUG a.f.a.t.b.SeqModelChecker - State 4: Checking state invariant 0
2026-07-11T10:07:59,870 [zio-default-async-5] INFO  a.f.a.t.b.SeqModelChecker - State 4: state invariant 0 holds.
2026-07-11T10:07:59,872 [zio-default-async-5] DEBUG a.f.a.t.b.t.TransitionExecutorImpl - Step #4, transition #1
2026-07-11T10:07:59,872 [zio-default-async-5] DEBUG a.f.a.t.b.t.TransitionExecutorImpl - Translating to SMT
2026-07-11T10:07:59,878 [zio-default-async-5] DEBUG a.f.a.t.b.SeqModelChecker - Step 4: Transition #1. Is it enabled?
2026-07-11T10:08:00,004 [zio-default-async-5] DEBUG a.f.a.t.b.SeqModelChecker - Step 4: Transition #1 is enabled
2026-07-11T10:08:00,005 [zio-default-async-5] INFO  a.f.a.t.b.SeqModelChecker - State 4: Checking 1 state invariants
2026-07-11T10:08:00,005 [zio-default-async-5] DEBUG a.f.a.t.b.SeqModelChecker - State 4: Checking state invariant 0
2026-07-11T10:08:00,009 [zio-default-async-5] INFO  a.f.a.t.b.SeqModelChecker - State 4: state invariant 0 holds.
2026-07-11T10:08:00,010 [zio-default-async-5] DEBUG a.f.a.t.b.t.TransitionExecutorImpl - Step #4, transition #2
2026-07-11T10:08:00,010 [zio-default-async-5] DEBUG a.f.a.t.b.t.TransitionExecutorImpl - Translating to SMT
2026-07-11T10:08:00,019 [zio-default-async-5] DEBUG a.f.a.t.b.SeqModelChecker - Step 4: Transition #2. Is it enabled?
2026-07-11T10:08:00,036 [zio-default-async-5] DEBUG a.f.a.t.b.SeqModelChecker - Step 4: Transition #2 is enabled
2026-07-11T10:08:00,037 [zio-default-async-5] INFO  a.f.a.t.b.SeqModelChecker - State 4: Checking 1 state invariants
2026-07-11T10:08:00,037 [zio-default-async-5] DEBUG a.f.a.t.b.SeqModelChecker - State 4: Checking state invariant 0
2026-07-11T10:08:00,090 [zio-default-async-5] INFO  a.f.a.t.b.SeqModelChecker - State 4: state invariant 0 holds.
2026-07-11T10:08:00,092 [zio-default-async-5] DEBUG a.f.a.t.b.t.TransitionExecutorImpl - Step #4, transition #3
2026-07-11T10:08:00,092 [zio-default-async-5] DEBUG a.f.a.t.b.t.TransitionExecutorImpl - Translating to SMT
2026-07-11T10:08:00,102 [zio-default-async-5] DEBUG a.f.a.t.b.SeqModelChecker - Step 4: Transition #3. Is it enabled?
2026-07-11T10:08:00,118 [zio-default-async-5] DEBUG a.f.a.t.b.SeqModelChecker - Step 4: Transition #3 is enabled
2026-07-11T10:08:00,119 [zio-default-async-5] INFO  a.f.a.t.b.SeqModelChecker - State 4: Checking 1 state invariants
2026-07-11T10:08:00,119 [zio-default-async-5] DEBUG a.f.a.t.b.SeqModelChecker - State 4: Checking state invariant 0
2026-07-11T10:08:00,124 [zio-default-async-5] INFO  a.f.a.t.b.SeqModelChecker - State 4: state invariant 0 holds.
2026-07-11T10:08:00,125 [zio-default-async-5] DEBUG a.f.a.t.b.t.TransitionExecutorImpl - Step #4, transition #4
2026-07-11T10:08:00,125 [zio-default-async-5] DEBUG a.f.a.t.b.t.TransitionExecutorImpl - Translating to SMT
2026-07-11T10:08:00,151 [zio-default-async-5] DEBUG a.f.a.t.b.SeqModelChecker - Step 4: Transition #4. Is it enabled?
2026-07-11T10:08:00,164 [zio-default-async-5] DEBUG a.f.a.t.b.SeqModelChecker - Step 4: Transition #4 is enabled
2026-07-11T10:08:00,164 [zio-default-async-5] INFO  a.f.a.t.b.SeqModelChecker - State 4: Checking 1 state invariants
2026-07-11T10:08:00,165 [zio-default-async-5] DEBUG a.f.a.t.b.SeqModelChecker - State 4: Checking state invariant 0
2026-07-11T10:08:00,220 [zio-default-async-5] INFO  a.f.a.t.b.SeqModelChecker - State 4: state invariant 0 holds.
2026-07-11T10:08:00,226 [zio-default-async-5] DEBUG a.f.a.t.b.t.TransitionExecutorImpl - Step #4, transition #5
2026-07-11T10:08:00,227 [zio-default-async-5] DEBUG a.f.a.t.b.t.TransitionExecutorImpl - Translating to SMT
2026-07-11T10:08:00,300 [zio-default-async-5] DEBUG a.f.a.t.b.SeqModelChecker - Step 4: Transition #5. Is it enabled?
2026-07-11T10:08:00,476 [zio-default-async-5] DEBUG a.f.a.t.b.SeqModelChecker - Step 4: Transition #5 is enabled
2026-07-11T10:08:00,477 [zio-default-async-5] INFO  a.f.a.t.b.SeqModelChecker - State 4: Checking 1 state invariants
2026-07-11T10:08:00,478 [zio-default-async-5] DEBUG a.f.a.t.b.SeqModelChecker - State 4: Checking state invariant 0
2026-07-11T10:08:00,591 [zio-default-async-5] INFO  a.f.a.t.b.SeqModelChecker - State 4: state invariant 0 holds.
2026-07-11T10:08:00,597 [zio-default-async-5] DEBUG a.f.a.t.b.t.TransitionExecutorImpl - Step #4, transition #6
2026-07-11T10:08:00,598 [zio-default-async-5] DEBUG a.f.a.t.b.t.TransitionExecutorImpl - Translating to SMT
2026-07-11T10:08:00,686 [zio-default-async-5] DEBUG a.f.a.t.b.SeqModelChecker - Step 4: Transition #6. Is it enabled?
2026-07-11T10:08:00,848 [zio-default-async-5] DEBUG a.f.a.t.b.SeqModelChecker - Step 4: Transition #6 is enabled
2026-07-11T10:08:00,849 [zio-default-async-5] INFO  a.f.a.t.b.SeqModelChecker - State 4: Checking 1 state invariants
2026-07-11T10:08:00,850 [zio-default-async-5] DEBUG a.f.a.t.b.SeqModelChecker - State 4: Checking state invariant 0
2026-07-11T10:08:00,957 [zio-default-async-5] INFO  a.f.a.t.b.SeqModelChecker - State 4: state invariant 0 holds.
2026-07-11T10:08:00,961 [zio-default-async-5] DEBUG a.f.a.t.b.t.TransitionExecutorImpl - Step #4, transition #7
2026-07-11T10:08:00,962 [zio-default-async-5] DEBUG a.f.a.t.b.t.TransitionExecutorImpl - Translating to SMT
2026-07-11T10:08:01,010 [zio-default-async-5] DEBUG a.f.a.t.b.SeqModelChecker - Step 4: Transition #7. Is it enabled?
2026-07-11T10:08:01,221 [zio-default-async-5] DEBUG a.f.a.t.b.SeqModelChecker - Step 4: Transition #7 is enabled
2026-07-11T10:08:01,223 [zio-default-async-5] INFO  a.f.a.t.b.SeqModelChecker - State 4: Checking 1 state invariants
2026-07-11T10:08:01,224 [zio-default-async-5] DEBUG a.f.a.t.b.SeqModelChecker - State 4: Checking state invariant 0
2026-07-11T10:08:01,290 [zio-default-async-5] INFO  a.f.a.t.b.SeqModelChecker - State 4: state invariant 0 holds.
2026-07-11T10:08:01,295 [zio-default-async-5] DEBUG a.f.a.t.b.t.TransitionExecutorImpl - Step #4, transition #8
2026-07-11T10:08:01,296 [zio-default-async-5] DEBUG a.f.a.t.b.t.TransitionExecutorImpl - Translating to SMT
2026-07-11T10:08:01,394 [zio-default-async-5] DEBUG a.f.a.t.b.SeqModelChecker - Step 4: Transition #8. Is it enabled?
2026-07-11T10:08:01,458 [zio-default-async-5] DEBUG a.f.a.t.b.SeqModelChecker - Step 4: Transition #8 is enabled
2026-07-11T10:08:01,459 [zio-default-async-5] INFO  a.f.a.t.b.SeqModelChecker - State 4: Checking 1 state invariants
2026-07-11T10:08:01,459 [zio-default-async-5] DEBUG a.f.a.t.b.SeqModelChecker - State 4: Checking state invariant 0
2026-07-11T10:08:01,711 [zio-default-async-5] INFO  a.f.a.t.b.SeqModelChecker - State 4: state invariant 0 holds.
2026-07-11T10:08:01,715 [zio-default-async-5] DEBUG a.f.a.t.b.t.TransitionExecutorImpl - Step #4, transition #9
2026-07-11T10:08:01,716 [zio-default-async-5] DEBUG a.f.a.t.b.t.TransitionExecutorImpl - Translating to SMT
2026-07-11T10:08:01,778 [zio-default-async-5] DEBUG a.f.a.t.b.SeqModelChecker - Step 4: Transition #9. Is it enabled?
2026-07-11T10:08:01,884 [zio-default-async-5] DEBUG a.f.a.t.b.SeqModelChecker - Step 4: Transition #9 is enabled
2026-07-11T10:08:01,886 [zio-default-async-5] INFO  a.f.a.t.b.SeqModelChecker - State 4: Checking 1 state invariants
2026-07-11T10:08:01,886 [zio-default-async-5] DEBUG a.f.a.t.b.SeqModelChecker - State 4: Checking state invariant 0
2026-07-11T10:08:01,987 [zio-default-async-5] INFO  a.f.a.t.b.SeqModelChecker - State 4: state invariant 0 holds.
2026-07-11T10:08:01,993 [zio-default-async-5] DEBUG a.f.a.t.b.t.TransitionExecutorImpl - Step #4, transition #10
2026-07-11T10:08:01,993 [zio-default-async-5] DEBUG a.f.a.t.b.t.TransitionExecutorImpl - Translating to SMT
2026-07-11T10:08:02,019 [zio-default-async-5] DEBUG a.f.a.t.b.SeqModelChecker - Step 4: Transition #10. Is it enabled?
2026-07-11T10:08:02,146 [zio-default-async-5] DEBUG a.f.a.t.b.SeqModelChecker - Step 4: Transition #10 is enabled
2026-07-11T10:08:02,147 [zio-default-async-5] INFO  a.f.a.t.b.SeqModelChecker - State 4: Checking 1 state invariants
2026-07-11T10:08:02,148 [zio-default-async-5] DEBUG a.f.a.t.b.SeqModelChecker - State 4: Checking state invariant 0
2026-07-11T10:08:02,331 [zio-default-async-5] INFO  a.f.a.t.b.SeqModelChecker - State 4: state invariant 0 holds.
2026-07-11T10:08:02,338 [zio-default-async-5] DEBUG a.f.a.t.b.t.TransitionExecutorImpl - Step #4, transition #11
2026-07-11T10:08:02,338 [zio-default-async-5] DEBUG a.f.a.t.b.t.TransitionExecutorImpl - Translating to SMT
2026-07-11T10:08:02,371 [zio-default-async-5] DEBUG a.f.a.t.b.SeqModelChecker - Step 4: Transition #11. Is it enabled?
2026-07-11T10:08:02,432 [zio-default-async-5] DEBUG a.f.a.t.b.SeqModelChecker - Step 4: Transition #11 is enabled
2026-07-11T10:08:02,433 [zio-default-async-5] INFO  a.f.a.t.b.SeqModelChecker - State 4: Checking 1 state invariants
2026-07-11T10:08:02,433 [zio-default-async-5] DEBUG a.f.a.t.b.SeqModelChecker - State 4: Checking state invariant 0
2026-07-11T10:08:02,565 [zio-default-async-5] INFO  a.f.a.t.b.SeqModelChecker - State 4: state invariant 0 holds.
2026-07-11T10:08:02,569 [zio-default-async-5] DEBUG a.f.a.t.b.t.TransitionExecutorImpl - Step #4, transition #12
2026-07-11T10:08:02,569 [zio-default-async-5] DEBUG a.f.a.t.b.t.TransitionExecutorImpl - Translating to SMT
2026-07-11T10:08:02,605 [zio-default-async-5] DEBUG a.f.a.t.b.SeqModelChecker - Step 4: Transition #12. Is it enabled?
2026-07-11T10:08:02,717 [zio-default-async-5] DEBUG a.f.a.t.b.SeqModelChecker - Step 4: Transition #12 is enabled
2026-07-11T10:08:02,718 [zio-default-async-5] INFO  a.f.a.t.b.SeqModelChecker - State 4: Checking 1 state invariants
2026-07-11T10:08:02,718 [zio-default-async-5] DEBUG a.f.a.t.b.SeqModelChecker - State 4: Checking state invariant 0
2026-07-11T10:08:02,887 [zio-default-async-5] INFO  a.f.a.t.b.SeqModelChecker - State 4: state invariant 0 holds.
2026-07-11T10:08:02,892 [zio-default-async-5] DEBUG a.f.a.t.b.t.TransitionExecutorImpl - Step #4, transition #13
2026-07-11T10:08:02,893 [zio-default-async-5] DEBUG a.f.a.t.b.t.TransitionExecutorImpl - Translating to SMT
2026-07-11T10:08:02,937 [zio-default-async-5] DEBUG a.f.a.t.b.SeqModelChecker - Step 4: Transition #13. Is it enabled?
2026-07-11T10:08:03,125 [zio-default-async-5] DEBUG a.f.a.t.b.SeqModelChecker - Step 4: Transition #13 is enabled
2026-07-11T10:08:03,126 [zio-default-async-5] INFO  a.f.a.t.b.SeqModelChecker - State 4: Checking 1 state invariants
2026-07-11T10:08:03,127 [zio-default-async-5] DEBUG a.f.a.t.b.SeqModelChecker - State 4: Checking state invariant 0
2026-07-11T10:08:03,179 [zio-default-async-5] INFO  a.f.a.t.b.SeqModelChecker - State 4: state invariant 0 holds.
2026-07-11T10:08:03,183 [zio-default-async-5] DEBUG a.f.a.t.b.t.TransitionExecutorImpl - Step #4, transition #14
2026-07-11T10:08:03,184 [zio-default-async-5] DEBUG a.f.a.t.b.t.TransitionExecutorImpl - Translating to SMT
2026-07-11T10:08:03,203 [zio-default-async-5] DEBUG a.f.a.t.b.SeqModelChecker - Step 4: Transition #14. Is it enabled?
2026-07-11T10:08:03,330 [zio-default-async-5] DEBUG a.f.a.t.b.SeqModelChecker - Step 4: Transition #14 is enabled
2026-07-11T10:08:03,332 [zio-default-async-5] INFO  a.f.a.t.b.SeqModelChecker - State 4: Checking 1 state invariants
2026-07-11T10:08:03,332 [zio-default-async-5] DEBUG a.f.a.t.b.SeqModelChecker - State 4: Checking state invariant 0
2026-07-11T10:08:03,424 [zio-default-async-5] INFO  a.f.a.t.b.SeqModelChecker - State 4: state invariant 0 holds.
2026-07-11T10:08:03,428 [zio-default-async-5] DEBUG a.f.a.t.b.t.TransitionExecutorImpl - Step #4, transition #15
2026-07-11T10:08:03,429 [zio-default-async-5] DEBUG a.f.a.t.b.t.TransitionExecutorImpl - Translating to SMT
2026-07-11T10:08:03,447 [zio-default-async-5] DEBUG a.f.a.t.b.SeqModelChecker - Step 4: Transition #15. Is it enabled?
2026-07-11T10:08:03,541 [zio-default-async-5] DEBUG a.f.a.t.b.SeqModelChecker - Step 4: Transition #15 is enabled
2026-07-11T10:08:03,543 [zio-default-async-5] INFO  a.f.a.t.b.SeqModelChecker - State 4: Checking 1 state invariants
2026-07-11T10:08:03,543 [zio-default-async-5] DEBUG a.f.a.t.b.SeqModelChecker - State 4: Checking state invariant 0
2026-07-11T10:08:03,578 [zio-default-async-5] INFO  a.f.a.t.b.SeqModelChecker - State 4: state invariant 0 holds.
2026-07-11T10:08:03,581 [zio-default-async-5] DEBUG a.f.a.t.b.t.TransitionExecutorImpl - Step #4, transition #16
2026-07-11T10:08:03,581 [zio-default-async-5] DEBUG a.f.a.t.b.t.TransitionExecutorImpl - Translating to SMT
2026-07-11T10:08:03,596 [zio-default-async-5] DEBUG a.f.a.t.b.SeqModelChecker - Step 4: Transition #16. Is it enabled?
2026-07-11T10:08:03,675 [zio-default-async-5] DEBUG a.f.a.t.b.SeqModelChecker - Step 4: Transition #16 is enabled
2026-07-11T10:08:03,676 [zio-default-async-5] INFO  a.f.a.t.b.SeqModelChecker - State 4: Checking 1 state invariants
2026-07-11T10:08:03,676 [zio-default-async-5] DEBUG a.f.a.t.b.SeqModelChecker - State 4: Checking state invariant 0
2026-07-11T10:08:03,860 [zio-default-async-5] INFO  a.f.a.t.b.SeqModelChecker - State 4: state invariant 0 holds.
2026-07-11T10:08:03,865 [zio-default-async-5] DEBUG a.f.a.t.b.t.TransitionExecutorImpl - Step #4, transition #17
2026-07-11T10:08:03,866 [zio-default-async-5] DEBUG a.f.a.t.b.t.TransitionExecutorImpl - Translating to SMT
2026-07-11T10:08:03,889 [zio-default-async-5] DEBUG a.f.a.t.b.SeqModelChecker - Step 4: Transition #17. Is it enabled?
2026-07-11T10:08:03,971 [zio-default-async-5] DEBUG a.f.a.t.b.SeqModelChecker - Step 4: Transition #17 is enabled
2026-07-11T10:08:03,973 [zio-default-async-5] INFO  a.f.a.t.b.SeqModelChecker - State 4: Checking 1 state invariants
2026-07-11T10:08:03,973 [zio-default-async-5] DEBUG a.f.a.t.b.SeqModelChecker - State 4: Checking state invariant 0
2026-07-11T10:08:04,078 [zio-default-async-5] INFO  a.f.a.t.b.SeqModelChecker - State 4: state invariant 0 holds.
2026-07-11T10:08:04,082 [zio-default-async-5] DEBUG a.f.a.t.b.t.TransitionExecutorImpl - Step #4, transition #18
2026-07-11T10:08:04,082 [zio-default-async-5] DEBUG a.f.a.t.b.t.TransitionExecutorImpl - Translating to SMT
2026-07-11T10:08:04,106 [zio-default-async-5] DEBUG a.f.a.t.b.SeqModelChecker - Step 4: Transition #18. Is it enabled?
2026-07-11T10:08:04,173 [zio-default-async-5] DEBUG a.f.a.t.b.SeqModelChecker - Step 4: Transition #18 is enabled
2026-07-11T10:08:04,175 [zio-default-async-5] INFO  a.f.a.t.b.SeqModelChecker - State 4: Checking 1 state invariants
2026-07-11T10:08:04,176 [zio-default-async-5] DEBUG a.f.a.t.b.SeqModelChecker - State 4: Checking state invariant 0
2026-07-11T10:08:04,242 [zio-default-async-5] INFO  a.f.a.t.b.SeqModelChecker - State 4: state invariant 0 holds.
2026-07-11T10:08:04,245 [zio-default-async-5] DEBUG a.f.a.t.b.t.TransitionExecutorImpl - Step #4, transition #19
2026-07-11T10:08:04,246 [zio-default-async-5] DEBUG a.f.a.t.b.t.TransitionExecutorImpl - Translating to SMT
2026-07-11T10:08:04,265 [zio-default-async-5] DEBUG a.f.a.t.b.SeqModelChecker - Step 4: Transition #19. Is it enabled?
2026-07-11T10:08:04,358 [zio-default-async-5] DEBUG a.f.a.t.b.SeqModelChecker - Step 4: Transition #19 is enabled
2026-07-11T10:08:04,360 [zio-default-async-5] INFO  a.f.a.t.b.SeqModelChecker - State 4: Checking 1 state invariants
2026-07-11T10:08:04,360 [zio-default-async-5] DEBUG a.f.a.t.b.SeqModelChecker - State 4: Checking state invariant 0
2026-07-11T10:08:04,374 [zio-default-async-5] INFO  a.f.a.t.b.SeqModelChecker - State 4: state invariant 0 holds.
2026-07-11T10:08:04,377 [zio-default-async-5] DEBUG a.f.a.t.b.t.TransitionExecutorImpl - Step #4, transition #20
2026-07-11T10:08:04,378 [zio-default-async-5] DEBUG a.f.a.t.b.t.TransitionExecutorImpl - Translating to SMT
2026-07-11T10:08:04,388 [zio-default-async-5] DEBUG a.f.a.t.b.SeqModelChecker - Step 4: Transition #20. Is it enabled?
2026-07-11T10:08:04,620 [zio-default-async-5] DEBUG a.f.a.t.b.SeqModelChecker - Step 4: Transition #20 is enabled
2026-07-11T10:08:04,622 [zio-default-async-5] INFO  a.f.a.t.b.SeqModelChecker - State 4: Checking 1 state invariants
2026-07-11T10:08:04,622 [zio-default-async-5] DEBUG a.f.a.t.b.SeqModelChecker - State 4: Checking state invariant 0
2026-07-11T10:08:04,899 [zio-default-async-5] INFO  a.f.a.t.b.SeqModelChecker - State 4: state invariant 0 holds.
2026-07-11T10:08:04,903 [zio-default-async-5] DEBUG a.f.a.t.b.t.TransitionExecutorImpl - Step #4, transition #21
2026-07-11T10:08:04,913 [zio-default-async-5] DEBUG a.f.a.t.b.t.TransitionExecutorImpl - Translating to SMT
2026-07-11T10:08:04,929 [zio-default-async-5] DEBUG a.f.a.t.b.SeqModelChecker - Step 4: Transition #21. Is it enabled?
2026-07-11T10:08:05,120 [zio-default-async-5] DEBUG a.f.a.t.b.SeqModelChecker - Step 4: Transition #21 is enabled
2026-07-11T10:08:05,121 [zio-default-async-5] INFO  a.f.a.t.b.SeqModelChecker - State 4: Checking 1 state invariants
2026-07-11T10:08:05,121 [zio-default-async-5] DEBUG a.f.a.t.b.SeqModelChecker - State 4: Checking state invariant 0
2026-07-11T10:08:05,229 [zio-default-async-5] INFO  a.f.a.t.b.SeqModelChecker - State 4: state invariant 0 holds.
2026-07-11T10:08:05,233 [zio-default-async-5] INFO  a.f.a.t.b.t.TransitionExecutorImpl - Step 4: picking a transition out of 22 transition(s)
2026-07-11T10:08:05,458 [zio-default-async-5] DEBUG a.f.a.t.b.t.TransitionExecutorImpl - Step #5, transition #0
2026-07-11T10:08:05,459 [zio-default-async-5] DEBUG a.f.a.t.b.t.TransitionExecutorImpl - Translating to SMT
2026-07-11T10:08:05,470 [zio-default-async-5] DEBUG a.f.a.t.b.SeqModelChecker - Step 5: Transition #0. Is it enabled?
2026-07-11T10:08:05,710 [zio-default-async-5] DEBUG a.f.a.t.b.SeqModelChecker - Step 5: Transition #0 is enabled
2026-07-11T10:08:05,712 [zio-default-async-5] INFO  a.f.a.t.b.SeqModelChecker - State 5: Checking 1 state invariants
2026-07-11T10:08:05,712 [zio-default-async-5] DEBUG a.f.a.t.b.SeqModelChecker - State 5: Checking state invariant 0
2026-07-11T10:08:05,839 [zio-default-async-5] INFO  a.f.a.t.b.SeqModelChecker - State 5: state invariant 0 holds.
2026-07-11T10:08:05,845 [zio-default-async-5] DEBUG a.f.a.t.b.t.TransitionExecutorImpl - Step #5, transition #1
2026-07-11T10:08:05,846 [zio-default-async-5] DEBUG a.f.a.t.b.t.TransitionExecutorImpl - Translating to SMT
2026-07-11T10:08:05,863 [zio-default-async-5] DEBUG a.f.a.t.b.SeqModelChecker - Step 5: Transition #1. Is it enabled?
2026-07-11T10:08:05,957 [zio-default-async-5] DEBUG a.f.a.t.b.SeqModelChecker - Step 5: Transition #1 is enabled
2026-07-11T10:08:05,959 [zio-default-async-5] INFO  a.f.a.t.b.SeqModelChecker - State 5: Checking 1 state invariants
2026-07-11T10:08:05,959 [zio-default-async-5] DEBUG a.f.a.t.b.SeqModelChecker - State 5: Checking state invariant 0
2026-07-11T10:08:05,970 [zio-default-async-5] INFO  a.f.a.t.b.SeqModelChecker - State 5: state invariant 0 holds.
2026-07-11T10:08:05,974 [zio-default-async-5] DEBUG a.f.a.t.b.t.TransitionExecutorImpl - Step #5, transition #2
2026-07-11T10:08:05,974 [zio-default-async-5] DEBUG a.f.a.t.b.t.TransitionExecutorImpl - Translating to SMT
2026-07-11T10:08:05,988 [zio-default-async-5] DEBUG a.f.a.t.b.SeqModelChecker - Step 5: Transition #2. Is it enabled?
2026-07-11T10:08:06,007 [zio-default-async-5] DEBUG a.f.a.t.b.SeqModelChecker - Step 5: Transition #2 is enabled
2026-07-11T10:08:06,008 [zio-default-async-5] INFO  a.f.a.t.b.SeqModelChecker - State 5: Checking 1 state invariants
2026-07-11T10:08:06,008 [zio-default-async-5] DEBUG a.f.a.t.b.SeqModelChecker - State 5: Checking state invariant 0
2026-07-11T10:08:06,136 [zio-default-async-5] INFO  a.f.a.t.b.SeqModelChecker - State 5: state invariant 0 holds.
2026-07-11T10:08:06,141 [zio-default-async-5] DEBUG a.f.a.t.b.t.TransitionExecutorImpl - Step #5, transition #3
2026-07-11T10:08:06,142 [zio-default-async-5] DEBUG a.f.a.t.b.t.TransitionExecutorImpl - Translating to SMT
2026-07-11T10:08:06,156 [zio-default-async-5] DEBUG a.f.a.t.b.SeqModelChecker - Step 5: Transition #3. Is it enabled?
2026-07-11T10:08:06,355 [zio-default-async-5] DEBUG a.f.a.t.b.SeqModelChecker - Step 5: Transition #3 is enabled
2026-07-11T10:08:06,356 [zio-default-async-5] INFO  a.f.a.t.b.SeqModelChecker - State 5: Checking 1 state invariants
2026-07-11T10:08:06,357 [zio-default-async-5] DEBUG a.f.a.t.b.SeqModelChecker - State 5: Checking state invariant 0
2026-07-11T10:08:06,368 [zio-default-async-5] INFO  a.f.a.t.b.SeqModelChecker - State 5: state invariant 0 holds.
2026-07-11T10:08:06,375 [zio-default-async-5] DEBUG a.f.a.t.b.t.TransitionExecutorImpl - Step #5, transition #4
2026-07-11T10:08:06,376 [zio-default-async-5] DEBUG a.f.a.t.b.t.TransitionExecutorImpl - Translating to SMT
2026-07-11T10:08:06,436 [zio-default-async-5] DEBUG a.f.a.t.b.SeqModelChecker - Step 5: Transition #4. Is it enabled?
2026-07-11T10:08:06,556 [zio-default-async-5] DEBUG a.f.a.t.b.SeqModelChecker - Step 5: Transition #4 is enabled
2026-07-11T10:08:06,557 [zio-default-async-5] INFO  a.f.a.t.b.SeqModelChecker - State 5: Checking 1 state invariants
2026-07-11T10:08:06,558 [zio-default-async-5] DEBUG a.f.a.t.b.SeqModelChecker - State 5: Checking state invariant 0
2026-07-11T10:08:06,688 [zio-default-async-5] INFO  a.f.a.t.b.SeqModelChecker - State 5: state invariant 0 holds.
2026-07-11T10:08:06,693 [zio-default-async-5] DEBUG a.f.a.t.b.t.TransitionExecutorImpl - Step #5, transition #5
2026-07-11T10:08:06,694 [zio-default-async-5] DEBUG a.f.a.t.b.t.TransitionExecutorImpl - Translating to SMT
2026-07-11T10:08:06,765 [zio-default-async-5] DEBUG a.f.a.t.b.SeqModelChecker - Step 5: Transition #5. Is it enabled?
2026-07-11T10:08:07,119 [zio-default-async-5] DEBUG a.f.a.t.b.SeqModelChecker - Step 5: Transition #5 is enabled
2026-07-11T10:08:07,120 [zio-default-async-5] INFO  a.f.a.t.b.SeqModelChecker - State 5: Checking 1 state invariants
2026-07-11T10:08:07,120 [zio-default-async-5] DEBUG a.f.a.t.b.SeqModelChecker - State 5: Checking state invariant 0
2026-07-11T10:08:07,166 [zio-default-async-5] INFO  a.f.a.t.b.SeqModelChecker - State 5: state invariant 0 holds.
2026-07-11T10:08:07,171 [zio-default-async-5] DEBUG a.f.a.t.b.t.TransitionExecutorImpl - Step #5, transition #6
2026-07-11T10:08:07,171 [zio-default-async-5] DEBUG a.f.a.t.b.t.TransitionExecutorImpl - Translating to SMT
2026-07-11T10:08:07,223 [zio-default-async-5] DEBUG a.f.a.t.b.SeqModelChecker - Step 5: Transition #6. Is it enabled?
2026-07-11T10:08:07,490 [zio-default-async-5] DEBUG a.f.a.t.b.SeqModelChecker - Step 5: Transition #6 is enabled
2026-07-11T10:08:07,491 [zio-default-async-5] INFO  a.f.a.t.b.SeqModelChecker - State 5: Checking 1 state invariants
2026-07-11T10:08:07,491 [zio-default-async-5] DEBUG a.f.a.t.b.SeqModelChecker - State 5: Checking state invariant 0
2026-07-11T10:08:07,815 [zio-default-async-5] INFO  a.f.a.t.b.SeqModelChecker - State 5: state invariant 0 holds.
2026-07-11T10:08:07,821 [zio-default-async-5] DEBUG a.f.a.t.b.t.TransitionExecutorImpl - Step #5, transition #7
2026-07-11T10:08:07,822 [zio-default-async-5] DEBUG a.f.a.t.b.t.TransitionExecutorImpl - Translating to SMT
2026-07-11T10:08:07,865 [zio-default-async-5] DEBUG a.f.a.t.b.SeqModelChecker - Step 5: Transition #7. Is it enabled?
2026-07-11T10:08:07,959 [zio-default-async-5] DEBUG a.f.a.t.b.SeqModelChecker - Step 5: Transition #7 is enabled
2026-07-11T10:08:07,960 [zio-default-async-5] INFO  a.f.a.t.b.SeqModelChecker - State 5: Checking 1 state invariants
2026-07-11T10:08:07,961 [zio-default-async-5] DEBUG a.f.a.t.b.SeqModelChecker - State 5: Checking state invariant 0
2026-07-11T10:08:08,196 [zio-default-async-5] INFO  a.f.a.t.b.SeqModelChecker - State 5: state invariant 0 holds.
2026-07-11T10:08:08,202 [zio-default-async-5] DEBUG a.f.a.t.b.t.TransitionExecutorImpl - Step #5, transition #8
2026-07-11T10:08:08,202 [zio-default-async-5] DEBUG a.f.a.t.b.t.TransitionExecutorImpl - Translating to SMT
2026-07-11T10:08:08,281 [zio-default-async-5] DEBUG a.f.a.t.b.SeqModelChecker - Step 5: Transition #8. Is it enabled?
2026-07-11T10:08:08,481 [zio-default-async-5] DEBUG a.f.a.t.b.SeqModelChecker - Step 5: Transition #8 is enabled
2026-07-11T10:08:08,483 [zio-default-async-5] INFO  a.f.a.t.b.SeqModelChecker - State 5: Checking 1 state invariants
2026-07-11T10:08:08,484 [zio-default-async-5] DEBUG a.f.a.t.b.SeqModelChecker - State 5: Checking state invariant 0
2026-07-11T10:08:09,305 [zio-default-async-5] INFO  a.f.a.t.b.SeqModelChecker - State 5: state invariant 0 holds.
2026-07-11T10:08:09,311 [zio-default-async-5] DEBUG a.f.a.t.b.t.TransitionExecutorImpl - Step #5, transition #9
2026-07-11T10:08:09,311 [zio-default-async-5] DEBUG a.f.a.t.b.t.TransitionExecutorImpl - Translating to SMT
2026-07-11T10:08:09,363 [zio-default-async-5] DEBUG a.f.a.t.b.SeqModelChecker - Step 5: Transition #9. Is it enabled?
2026-07-11T10:08:09,530 [zio-default-async-5] DEBUG a.f.a.t.b.SeqModelChecker - Step 5: Transition #9 is enabled
2026-07-11T10:08:09,532 [zio-default-async-5] INFO  a.f.a.t.b.SeqModelChecker - State 5: Checking 1 state invariants
2026-07-11T10:08:09,532 [zio-default-async-5] DEBUG a.f.a.t.b.SeqModelChecker - State 5: Checking state invariant 0
2026-07-11T10:08:10,337 [zio-default-async-5] INFO  a.f.a.t.b.SeqModelChecker - State 5: state invariant 0 holds.
2026-07-11T10:08:10,346 [zio-default-async-5] DEBUG a.f.a.t.b.t.TransitionExecutorImpl - Step #5, transition #10
2026-07-11T10:08:10,346 [zio-default-async-5] DEBUG a.f.a.t.b.t.TransitionExecutorImpl - Translating to SMT
2026-07-11T10:08:10,381 [zio-default-async-5] DEBUG a.f.a.t.b.SeqModelChecker - Step 5: Transition #10. Is it enabled?
2026-07-11T10:08:10,578 [zio-default-async-5] DEBUG a.f.a.t.b.SeqModelChecker - Step 5: Transition #10 is enabled
2026-07-11T10:08:10,580 [zio-default-async-5] INFO  a.f.a.t.b.SeqModelChecker - State 5: Checking 1 state invariants
2026-07-11T10:08:10,580 [zio-default-async-5] DEBUG a.f.a.t.b.SeqModelChecker - State 5: Checking state invariant 0
2026-07-11T10:08:11,756 [zio-default-async-5] INFO  a.f.a.t.b.SeqModelChecker - State 5: state invariant 0 holds.
2026-07-11T10:08:11,763 [zio-default-async-5] DEBUG a.f.a.t.b.t.TransitionExecutorImpl - Step #5, transition #11
2026-07-11T10:08:11,763 [zio-default-async-5] DEBUG a.f.a.t.b.t.TransitionExecutorImpl - Translating to SMT
2026-07-11T10:08:11,794 [zio-default-async-5] DEBUG a.f.a.t.b.SeqModelChecker - Step 5: Transition #11. Is it enabled?
2026-07-11T10:08:11,980 [zio-default-async-5] DEBUG a.f.a.t.b.SeqModelChecker - Step 5: Transition #11 is enabled
2026-07-11T10:08:11,982 [zio-default-async-5] INFO  a.f.a.t.b.SeqModelChecker - State 5: Checking 1 state invariants
2026-07-11T10:08:11,982 [zio-default-async-5] DEBUG a.f.a.t.b.SeqModelChecker - State 5: Checking state invariant 0
2026-07-11T10:08:12,613 [zio-default-async-5] INFO  a.f.a.t.b.SeqModelChecker - State 5: state invariant 0 holds.
2026-07-11T10:08:12,618 [zio-default-async-5] DEBUG a.f.a.t.b.t.TransitionExecutorImpl - Step #5, transition #12
2026-07-11T10:08:12,619 [zio-default-async-5] DEBUG a.f.a.t.b.t.TransitionExecutorImpl - Translating to SMT
2026-07-11T10:08:12,659 [zio-default-async-5] DEBUG a.f.a.t.b.SeqModelChecker - Step 5: Transition #12. Is it enabled?
2026-07-11T10:08:13,205 [zio-default-async-5] DEBUG a.f.a.t.b.SeqModelChecker - Step 5: Transition #12 is enabled
2026-07-11T10:08:13,206 [zio-default-async-5] INFO  a.f.a.t.b.SeqModelChecker - State 5: Checking 1 state invariants
2026-07-11T10:08:13,206 [zio-default-async-5] DEBUG a.f.a.t.b.SeqModelChecker - State 5: Checking state invariant 0
2026-07-11T10:08:14,071 [zio-default-async-5] INFO  a.f.a.t.b.SeqModelChecker - State 5: state invariant 0 holds.
2026-07-11T10:08:14,078 [zio-default-async-5] DEBUG a.f.a.t.b.t.TransitionExecutorImpl - Step #5, transition #13
2026-07-11T10:08:14,079 [zio-default-async-5] DEBUG a.f.a.t.b.t.TransitionExecutorImpl - Translating to SMT
2026-07-11T10:08:14,121 [zio-default-async-5] DEBUG a.f.a.t.b.SeqModelChecker - Step 5: Transition #13. Is it enabled?
2026-07-11T10:08:14,276 [zio-default-async-5] DEBUG a.f.a.t.b.SeqModelChecker - Step 5: Transition #13 is enabled
2026-07-11T10:08:14,278 [zio-default-async-5] INFO  a.f.a.t.b.SeqModelChecker - State 5: Checking 1 state invariants
2026-07-11T10:08:14,278 [zio-default-async-5] DEBUG a.f.a.t.b.SeqModelChecker - State 5: Checking state invariant 0
2026-07-11T10:08:14,443 [zio-default-async-5] INFO  a.f.a.t.b.SeqModelChecker - State 5: state invariant 0 holds.
2026-07-11T10:08:14,450 [zio-default-async-5] DEBUG a.f.a.t.b.t.TransitionExecutorImpl - Step #5, transition #14
2026-07-11T10:08:14,451 [zio-default-async-5] DEBUG a.f.a.t.b.t.TransitionExecutorImpl - Translating to SMT
2026-07-11T10:08:14,469 [zio-default-async-5] DEBUG a.f.a.t.b.SeqModelChecker - Step 5: Transition #14. Is it enabled?
2026-07-11T10:08:15,065 [zio-default-async-5] DEBUG a.f.a.t.b.SeqModelChecker - Step 5: Transition #14 is enabled
2026-07-11T10:08:15,066 [zio-default-async-5] INFO  a.f.a.t.b.SeqModelChecker - State 5: Checking 1 state invariants
2026-07-11T10:08:15,067 [zio-default-async-5] DEBUG a.f.a.t.b.SeqModelChecker - State 5: Checking state invariant 0
2026-07-11T10:08:15,339 [zio-default-async-5] INFO  a.f.a.t.b.SeqModelChecker - State 5: state invariant 0 holds.
2026-07-11T10:08:15,348 [zio-default-async-5] DEBUG a.f.a.t.b.t.TransitionExecutorImpl - Step #5, transition #15
2026-07-11T10:08:15,349 [zio-default-async-5] DEBUG a.f.a.t.b.t.TransitionExecutorImpl - Translating to SMT
2026-07-11T10:08:15,370 [zio-default-async-5] DEBUG a.f.a.t.b.SeqModelChecker - Step 5: Transition #15. Is it enabled?
2026-07-11T10:08:15,700 [zio-default-async-5] DEBUG a.f.a.t.b.SeqModelChecker - Step 5: Transition #15 is enabled
2026-07-11T10:08:15,701 [zio-default-async-5] INFO  a.f.a.t.b.SeqModelChecker - State 5: Checking 1 state invariants
2026-07-11T10:08:15,702 [zio-default-async-5] DEBUG a.f.a.t.b.SeqModelChecker - State 5: Checking state invariant 0
2026-07-11T10:08:15,721 [zio-default-async-5] INFO  a.f.a.t.b.SeqModelChecker - State 5: state invariant 0 holds.
2026-07-11T10:08:15,727 [zio-default-async-5] DEBUG a.f.a.t.b.t.TransitionExecutorImpl - Step #5, transition #16
2026-07-11T10:08:15,728 [zio-default-async-5] DEBUG a.f.a.t.b.t.TransitionExecutorImpl - Translating to SMT
2026-07-11T10:08:15,760 [zio-default-async-5] DEBUG a.f.a.t.b.SeqModelChecker - Step 5: Transition #16. Is it enabled?
2026-07-11T10:08:15,872 [zio-default-async-5] DEBUG a.f.a.t.b.SeqModelChecker - Step 5: Transition #16 is enabled
2026-07-11T10:08:15,874 [zio-default-async-5] INFO  a.f.a.t.b.SeqModelChecker - State 5: Checking 1 state invariants
2026-07-11T10:08:15,874 [zio-default-async-5] DEBUG a.f.a.t.b.SeqModelChecker - State 5: Checking state invariant 0
2026-07-11T10:08:17,184 [zio-default-async-5] INFO  a.f.a.t.b.SeqModelChecker - State 5: state invariant 0 holds.
2026-07-11T10:08:17,190 [zio-default-async-5] DEBUG a.f.a.t.b.t.TransitionExecutorImpl - Step #5, transition #17
2026-07-11T10:08:17,190 [zio-default-async-5] DEBUG a.f.a.t.b.t.TransitionExecutorImpl - Translating to SMT
2026-07-11T10:08:17,201 [zio-default-async-5] DEBUG a.f.a.t.b.SeqModelChecker - Step 5: Transition #17. Is it enabled?
2026-07-11T10:08:17,430 [zio-default-async-5] DEBUG a.f.a.t.b.SeqModelChecker - Step 5: Transition #17 is enabled
2026-07-11T10:08:17,430 [zio-default-async-5] INFO  a.f.a.t.b.SeqModelChecker - State 5: Checking 1 state invariants
2026-07-11T10:08:17,431 [zio-default-async-5] DEBUG a.f.a.t.b.SeqModelChecker - State 5: Checking state invariant 0
2026-07-11T10:08:17,724 [zio-default-async-5] INFO  a.f.a.t.b.SeqModelChecker - State 5: state invariant 0 holds.
2026-07-11T10:08:17,727 [zio-default-async-5] DEBUG a.f.a.t.b.t.TransitionExecutorImpl - Step #5, transition #18
2026-07-11T10:08:17,727 [zio-default-async-5] DEBUG a.f.a.t.b.t.TransitionExecutorImpl - Translating to SMT
2026-07-11T10:08:17,736 [zio-default-async-5] DEBUG a.f.a.t.b.SeqModelChecker - Step 5: Transition #18. Is it enabled?
2026-07-11T10:08:17,968 [zio-default-async-5] DEBUG a.f.a.t.b.SeqModelChecker - Step 5: Transition #18 is enabled
2026-07-11T10:08:17,968 [zio-default-async-5] INFO  a.f.a.t.b.SeqModelChecker - State 5: Checking 1 state invariants
2026-07-11T10:08:17,968 [zio-default-async-5] DEBUG a.f.a.t.b.SeqModelChecker - State 5: Checking state invariant 0
2026-07-11T10:08:18,125 [zio-default-async-5] INFO  a.f.a.t.b.SeqModelChecker - State 5: state invariant 0 holds.
2026-07-11T10:08:18,127 [zio-default-async-5] DEBUG a.f.a.t.b.t.TransitionExecutorImpl - Step #5, transition #19
2026-07-11T10:08:18,127 [zio-default-async-5] DEBUG a.f.a.t.b.t.TransitionExecutorImpl - Translating to SMT
2026-07-11T10:08:18,137 [zio-default-async-5] DEBUG a.f.a.t.b.SeqModelChecker - Step 5: Transition #19. Is it enabled?
2026-07-11T10:08:18,306 [zio-default-async-5] DEBUG a.f.a.t.b.SeqModelChecker - Step 5: Transition #19 is enabled
2026-07-11T10:08:18,306 [zio-default-async-5] INFO  a.f.a.t.b.SeqModelChecker - State 5: Checking 1 state invariants
2026-07-11T10:08:18,307 [zio-default-async-5] DEBUG a.f.a.t.b.SeqModelChecker - State 5: Checking state invariant 0
2026-07-11T10:08:18,315 [zio-default-async-5] INFO  a.f.a.t.b.SeqModelChecker - State 5: state invariant 0 holds.
2026-07-11T10:08:18,319 [zio-default-async-5] DEBUG a.f.a.t.b.t.TransitionExecutorImpl - Step #5, transition #20
2026-07-11T10:08:18,319 [zio-default-async-5] DEBUG a.f.a.t.b.t.TransitionExecutorImpl - Translating to SMT
2026-07-11T10:08:18,327 [zio-default-async-5] DEBUG a.f.a.t.b.SeqModelChecker - Step 5: Transition #20. Is it enabled?
2026-07-11T10:08:18,417 [zio-default-async-5] DEBUG a.f.a.t.b.SeqModelChecker - Step 5: Transition #20 is enabled
2026-07-11T10:08:18,417 [zio-default-async-5] INFO  a.f.a.t.b.SeqModelChecker - State 5: Checking 1 state invariants
2026-07-11T10:08:18,417 [zio-default-async-5] DEBUG a.f.a.t.b.SeqModelChecker - State 5: Checking state invariant 0
2026-07-11T10:08:19,249 [zio-default-async-5] INFO  a.f.a.t.b.SeqModelChecker - State 5: state invariant 0 holds.
2026-07-11T10:08:19,254 [zio-default-async-5] DEBUG a.f.a.t.b.t.TransitionExecutorImpl - Step #5, transition #21
2026-07-11T10:08:19,254 [zio-default-async-5] DEBUG a.f.a.t.b.t.TransitionExecutorImpl - Translating to SMT
2026-07-11T10:08:19,261 [zio-default-async-5] DEBUG a.f.a.t.b.SeqModelChecker - Step 5: Transition #21. Is it enabled?
2026-07-11T10:08:19,494 [zio-default-async-5] DEBUG a.f.a.t.b.SeqModelChecker - Step 5: Transition #21 is enabled
2026-07-11T10:08:19,494 [zio-default-async-5] INFO  a.f.a.t.b.SeqModelChecker - State 5: Checking 1 state invariants
2026-07-11T10:08:19,494 [zio-default-async-5] DEBUG a.f.a.t.b.SeqModelChecker - State 5: Checking state invariant 0
2026-07-11T10:08:19,969 [zio-default-async-5] INFO  a.f.a.t.b.SeqModelChecker - State 5: state invariant 0 holds.
2026-07-11T10:08:19,974 [zio-default-async-5] INFO  a.f.a.t.b.t.TransitionExecutorImpl - Step 5: picking a transition out of 22 transition(s)
2026-07-11T10:08:20,100 [zio-default-async-5] DEBUG a.f.a.t.b.t.TransitionExecutorImpl - Step #6, transition #0
2026-07-11T10:08:20,100 [zio-default-async-5] DEBUG a.f.a.t.b.t.TransitionExecutorImpl - Translating to SMT
2026-07-11T10:08:20,107 [zio-default-async-5] DEBUG a.f.a.t.b.SeqModelChecker - Step 6: Transition #0. Is it enabled?
2026-07-11T10:08:20,773 [zio-default-async-5] DEBUG a.f.a.t.b.SeqModelChecker - Step 6: Transition #0 is enabled
2026-07-11T10:08:20,773 [zio-default-async-5] INFO  a.f.a.t.b.SeqModelChecker - State 6: Checking 1 state invariants
2026-07-11T10:08:20,773 [zio-default-async-5] DEBUG a.f.a.t.b.SeqModelChecker - State 6: Checking state invariant 0
2026-07-11T10:08:20,885 [zio-default-async-5] INFO  a.f.a.t.b.SeqModelChecker - State 6: state invariant 0 holds.
2026-07-11T10:08:20,889 [zio-default-async-5] DEBUG a.f.a.t.b.t.TransitionExecutorImpl - Step #6, transition #1
2026-07-11T10:08:20,889 [zio-default-async-5] DEBUG a.f.a.t.b.t.TransitionExecutorImpl - Translating to SMT
2026-07-11T10:08:20,895 [zio-default-async-5] DEBUG a.f.a.t.b.SeqModelChecker - Step 6: Transition #1. Is it enabled?
2026-07-11T10:08:21,165 [zio-default-async-5] DEBUG a.f.a.t.b.SeqModelChecker - Step 6: Transition #1 is enabled
2026-07-11T10:08:21,166 [zio-default-async-5] INFO  a.f.a.t.b.SeqModelChecker - State 6: Checking 1 state invariants
2026-07-11T10:08:21,166 [zio-default-async-5] DEBUG a.f.a.t.b.SeqModelChecker - State 6: Checking state invariant 0
2026-07-11T10:08:21,171 [zio-default-async-5] INFO  a.f.a.t.b.SeqModelChecker - State 6: state invariant 0 holds.
2026-07-11T10:08:21,173 [zio-default-async-5] DEBUG a.f.a.t.b.t.TransitionExecutorImpl - Step #6, transition #2
2026-07-11T10:08:21,173 [zio-default-async-5] DEBUG a.f.a.t.b.t.TransitionExecutorImpl - Translating to SMT
2026-07-11T10:08:21,179 [zio-default-async-5] DEBUG a.f.a.t.b.SeqModelChecker - Step 6: Transition #2. Is it enabled?
2026-07-11T10:08:21,196 [zio-default-async-5] DEBUG a.f.a.t.b.SeqModelChecker - Step 6: Transition #2 is enabled
2026-07-11T10:08:21,196 [zio-default-async-5] INFO  a.f.a.t.b.SeqModelChecker - State 6: Checking 1 state invariants
2026-07-11T10:08:21,196 [zio-default-async-5] DEBUG a.f.a.t.b.SeqModelChecker - State 6: Checking state invariant 0
2026-07-11T10:08:21,382 [zio-default-async-5] INFO  a.f.a.t.b.SeqModelChecker - State 6: state invariant 0 holds.
2026-07-11T10:08:21,384 [zio-default-async-5] DEBUG a.f.a.t.b.t.TransitionExecutorImpl - Step #6, transition #3
2026-07-11T10:08:21,384 [zio-default-async-5] DEBUG a.f.a.t.b.t.TransitionExecutorImpl - Translating to SMT
2026-07-11T10:08:21,392 [zio-default-async-5] DEBUG a.f.a.t.b.SeqModelChecker - Step 6: Transition #3. Is it enabled?
2026-07-11T10:08:21,710 [zio-default-async-5] DEBUG a.f.a.t.b.SeqModelChecker - Step 6: Transition #3 is enabled
2026-07-11T10:08:21,710 [zio-default-async-5] INFO  a.f.a.t.b.SeqModelChecker - State 6: Checking 1 state invariants
2026-07-11T10:08:21,710 [zio-default-async-5] DEBUG a.f.a.t.b.SeqModelChecker - State 6: Checking state invariant 0
2026-07-11T10:08:21,717 [zio-default-async-5] INFO  a.f.a.t.b.SeqModelChecker - State 6: state invariant 0 holds.
2026-07-11T10:08:21,719 [zio-default-async-5] DEBUG a.f.a.t.b.t.TransitionExecutorImpl - Step #6, transition #4
2026-07-11T10:08:21,719 [zio-default-async-5] DEBUG a.f.a.t.b.t.TransitionExecutorImpl - Translating to SMT
2026-07-11T10:08:21,743 [zio-default-async-5] DEBUG a.f.a.t.b.SeqModelChecker - Step 6: Transition #4. Is it enabled?
2026-07-11T10:08:22,398 [zio-default-async-5] DEBUG a.f.a.t.b.SeqModelChecker - Step 6: Transition #4 is enabled
2026-07-11T10:08:22,398 [zio-default-async-5] INFO  a.f.a.t.b.SeqModelChecker - State 6: Checking 1 state invariants
2026-07-11T10:08:22,399 [zio-default-async-5] DEBUG a.f.a.t.b.SeqModelChecker - State 6: Checking state invariant 0
2026-07-11T10:08:22,571 [zio-default-async-5] INFO  a.f.a.t.b.SeqModelChecker - State 6: state invariant 0 holds.
2026-07-11T10:08:22,573 [zio-default-async-5] DEBUG a.f.a.t.b.t.TransitionExecutorImpl - Step #6, transition #5
2026-07-11T10:08:22,574 [zio-default-async-5] DEBUG a.f.a.t.b.t.TransitionExecutorImpl - Translating to SMT
2026-07-11T10:08:22,595 [zio-default-async-5] DEBUG a.f.a.t.b.SeqModelChecker - Step 6: Transition #5. Is it enabled?
2026-07-11T10:08:23,090 [zio-default-async-5] DEBUG a.f.a.t.b.SeqModelChecker - Step 6: Transition #5 is enabled
2026-07-11T10:08:23,090 [zio-default-async-5] INFO  a.f.a.t.b.SeqModelChecker - State 6: Checking 1 state invariants
2026-07-11T10:08:23,090 [zio-default-async-5] DEBUG a.f.a.t.b.SeqModelChecker - State 6: Checking state invariant 0
2026-07-11T10:08:23,110 [zio-default-async-5] INFO  a.f.a.t.b.SeqModelChecker - State 6: state invariant 0 holds.
2026-07-11T10:08:23,113 [zio-default-async-5] DEBUG a.f.a.t.b.t.TransitionExecutorImpl - Step #6, transition #6
2026-07-11T10:08:23,113 [zio-default-async-5] DEBUG a.f.a.t.b.t.TransitionExecutorImpl - Translating to SMT
2026-07-11T10:08:23,131 [zio-default-async-5] DEBUG a.f.a.t.b.SeqModelChecker - Step 6: Transition #6. Is it enabled?
2026-07-11T10:08:23,776 [zio-default-async-5] DEBUG a.f.a.t.b.SeqModelChecker - Step 6: Transition #6 is enabled
2026-07-11T10:08:23,777 [zio-default-async-5] INFO  a.f.a.t.b.SeqModelChecker - State 6: Checking 1 state invariants
2026-07-11T10:08:23,777 [zio-default-async-5] DEBUG a.f.a.t.b.SeqModelChecker - State 6: Checking state invariant 0
2026-07-11T10:08:24,355 [zio-default-async-5] INFO  a.f.a.t.b.SeqModelChecker - State 6: state invariant 0 holds.
2026-07-11T10:08:24,359 [zio-default-async-5] DEBUG a.f.a.t.b.t.TransitionExecutorImpl - Step #6, transition #7
2026-07-11T10:08:24,359 [zio-default-async-5] DEBUG a.f.a.t.b.t.TransitionExecutorImpl - Translating to SMT
2026-07-11T10:08:24,377 [zio-default-async-5] DEBUG a.f.a.t.b.SeqModelChecker - Step 6: Transition #7. Is it enabled?
2026-07-11T10:08:25,118 [zio-default-async-5] DEBUG a.f.a.t.b.SeqModelChecker - Step 6: Transition #7 is enabled
2026-07-11T10:08:25,118 [zio-default-async-5] INFO  a.f.a.t.b.SeqModelChecker - State 6: Checking 1 state invariants
2026-07-11T10:08:25,118 [zio-default-async-5] DEBUG a.f.a.t.b.SeqModelChecker - State 6: Checking state invariant 0
2026-07-11T10:08:25,308 [zio-default-async-5] INFO  a.f.a.t.b.SeqModelChecker - State 6: state invariant 0 holds.
2026-07-11T10:08:25,312 [zio-default-async-5] DEBUG a.f.a.t.b.t.TransitionExecutorImpl - Step #6, transition #8
2026-07-11T10:08:25,312 [zio-default-async-5] DEBUG a.f.a.t.b.t.TransitionExecutorImpl - Translating to SMT
2026-07-11T10:08:25,335 [zio-default-async-5] DEBUG a.f.a.t.b.SeqModelChecker - Step 6: Transition #8. Is it enabled?
2026-07-11T10:08:25,441 [zio-default-async-5] DEBUG a.f.a.t.b.SeqModelChecker - Step 6: Transition #8 is enabled
2026-07-11T10:08:25,441 [zio-default-async-5] INFO  a.f.a.t.b.SeqModelChecker - State 6: Checking 1 state invariants
2026-07-11T10:08:25,441 [zio-default-async-5] DEBUG a.f.a.t.b.SeqModelChecker - State 6: Checking state invariant 0
2026-07-11T10:08:26,986 [zio-default-async-5] INFO  a.f.a.t.b.SeqModelChecker - State 6: state invariant 0 holds.
2026-07-11T10:08:26,989 [zio-default-async-5] DEBUG a.f.a.t.b.t.TransitionExecutorImpl - Step #6, transition #9
2026-07-11T10:08:26,989 [zio-default-async-5] DEBUG a.f.a.t.b.t.TransitionExecutorImpl - Translating to SMT
2026-07-11T10:08:27,013 [zio-default-async-5] DEBUG a.f.a.t.b.SeqModelChecker - Step 6: Transition #9. Is it enabled?
2026-07-11T10:08:28,036 [zio-default-async-5] DEBUG a.f.a.t.b.SeqModelChecker - Step 6: Transition #9 is enabled
2026-07-11T10:08:28,036 [zio-default-async-5] INFO  a.f.a.t.b.SeqModelChecker - State 6: Checking 1 state invariants
2026-07-11T10:08:28,036 [zio-default-async-5] DEBUG a.f.a.t.b.SeqModelChecker - State 6: Checking state invariant 0
2026-07-11T10:08:28,121 [zio-default-async-5] INFO  a.f.a.t.b.SeqModelChecker - State 6: state invariant 0 holds.
2026-07-11T10:08:28,125 [zio-default-async-5] DEBUG a.f.a.t.b.t.TransitionExecutorImpl - Step #6, transition #10
2026-07-11T10:08:28,125 [zio-default-async-5] DEBUG a.f.a.t.b.t.TransitionExecutorImpl - Translating to SMT
2026-07-11T10:08:28,137 [zio-default-async-5] DEBUG a.f.a.t.b.SeqModelChecker - Step 6: Transition #10. Is it enabled?
2026-07-11T10:08:28,424 [zio-default-async-5] DEBUG a.f.a.t.b.SeqModelChecker - Step 6: Transition #10 is enabled
2026-07-11T10:08:28,424 [zio-default-async-5] INFO  a.f.a.t.b.SeqModelChecker - State 6: Checking 1 state invariants
2026-07-11T10:08:28,424 [zio-default-async-5] DEBUG a.f.a.t.b.SeqModelChecker - State 6: Checking state invariant 0
2026-07-11T10:08:29,827 [zio-default-async-5] INFO  a.f.a.t.b.SeqModelChecker - State 6: state invariant 0 holds.
2026-07-11T10:08:29,831 [zio-default-async-5] DEBUG a.f.a.t.b.t.TransitionExecutorImpl - Step #6, transition #11
2026-07-11T10:08:29,832 [zio-default-async-5] DEBUG a.f.a.t.b.t.TransitionExecutorImpl - Translating to SMT
2026-07-11T10:08:29,861 [zio-default-async-5] DEBUG a.f.a.t.b.SeqModelChecker - Step 6: Transition #11. Is it enabled?
2026-07-11T10:08:30,152 [zio-default-async-5] DEBUG a.f.a.t.b.SeqModelChecker - Step 6: Transition #11 is enabled
2026-07-11T10:08:30,153 [zio-default-async-5] INFO  a.f.a.t.b.SeqModelChecker - State 6: Checking 1 state invariants
2026-07-11T10:08:30,153 [zio-default-async-5] DEBUG a.f.a.t.b.SeqModelChecker - State 6: Checking state invariant 0
2026-07-11T10:08:30,704 [zio-default-async-5] INFO  a.f.a.t.b.SeqModelChecker - State 6: state invariant 0 holds.
2026-07-11T10:08:30,706 [zio-default-async-5] DEBUG a.f.a.t.b.t.TransitionExecutorImpl - Step #6, transition #12
2026-07-11T10:08:30,706 [zio-default-async-5] DEBUG a.f.a.t.b.t.TransitionExecutorImpl - Translating to SMT
2026-07-11T10:08:30,725 [zio-default-async-5] DEBUG a.f.a.t.b.SeqModelChecker - Step 6: Transition #12. Is it enabled?
2026-07-11T10:08:31,698 [zio-default-async-5] DEBUG a.f.a.t.b.SeqModelChecker - Step 6: Transition #12 is enabled
2026-07-11T10:08:31,698 [zio-default-async-5] INFO  a.f.a.t.b.SeqModelChecker - State 6: Checking 1 state invariants
2026-07-11T10:08:31,698 [zio-default-async-5] DEBUG a.f.a.t.b.SeqModelChecker - State 6: Checking state invariant 0
2026-07-11T10:08:32,528 [zio-default-async-5] INFO  a.f.a.t.b.SeqModelChecker - State 6: state invariant 0 holds.
2026-07-11T10:08:32,532 [zio-default-async-5] DEBUG a.f.a.t.b.t.TransitionExecutorImpl - Step #6, transition #13
2026-07-11T10:08:32,532 [zio-default-async-5] DEBUG a.f.a.t.b.t.TransitionExecutorImpl - Translating to SMT
2026-07-11T10:08:32,549 [zio-default-async-5] DEBUG a.f.a.t.b.SeqModelChecker - Step 6: Transition #13. Is it enabled?
2026-07-11T10:08:33,237 [zio-default-async-5] DEBUG a.f.a.t.b.SeqModelChecker - Step 6: Transition #13 is enabled
2026-07-11T10:08:33,237 [zio-default-async-5] INFO  a.f.a.t.b.SeqModelChecker - State 6: Checking 1 state invariants
2026-07-11T10:08:33,237 [zio-default-async-5] DEBUG a.f.a.t.b.SeqModelChecker - State 6: Checking state invariant 0
2026-07-11T10:08:33,274 [zio-default-async-5] INFO  a.f.a.t.b.SeqModelChecker - State 6: state invariant 0 holds.
2026-07-11T10:08:33,278 [zio-default-async-5] DEBUG a.f.a.t.b.t.TransitionExecutorImpl - Step #6, transition #14
2026-07-11T10:08:33,278 [zio-default-async-5] DEBUG a.f.a.t.b.t.TransitionExecutorImpl - Translating to SMT
2026-07-11T10:08:33,288 [zio-default-async-5] DEBUG a.f.a.t.b.SeqModelChecker - Step 6: Transition #14. Is it enabled?
2026-07-11T10:08:33,801 [zio-default-async-5] DEBUG a.f.a.t.b.SeqModelChecker - Step 6: Transition #14 is enabled
2026-07-11T10:08:33,801 [zio-default-async-5] INFO  a.f.a.t.b.SeqModelChecker - State 6: Checking 1 state invariants
2026-07-11T10:08:33,801 [zio-default-async-5] DEBUG a.f.a.t.b.SeqModelChecker - State 6: Checking state invariant 0
2026-07-11T10:08:34,046 [zio-default-async-5] INFO  a.f.a.t.b.SeqModelChecker - State 6: state invariant 0 holds.
2026-07-11T10:08:34,050 [zio-default-async-5] DEBUG a.f.a.t.b.t.TransitionExecutorImpl - Step #6, transition #15
2026-07-11T10:08:34,050 [zio-default-async-5] DEBUG a.f.a.t.b.t.TransitionExecutorImpl - Translating to SMT
2026-07-11T10:08:34,059 [zio-default-async-5] DEBUG a.f.a.t.b.SeqModelChecker - Step 6: Transition #15. Is it enabled?
2026-07-11T10:08:34,363 [zio-default-async-5] DEBUG a.f.a.t.b.SeqModelChecker - Step 6: Transition #15 is enabled
2026-07-11T10:08:34,363 [zio-default-async-5] INFO  a.f.a.t.b.SeqModelChecker - State 6: Checking 1 state invariants
2026-07-11T10:08:34,363 [zio-default-async-5] DEBUG a.f.a.t.b.SeqModelChecker - State 6: Checking state invariant 0
2026-07-11T10:08:34,371 [zio-default-async-5] INFO  a.f.a.t.b.SeqModelChecker - State 6: state invariant 0 holds.
2026-07-11T10:08:34,374 [zio-default-async-5] DEBUG a.f.a.t.b.t.TransitionExecutorImpl - Step #6, transition #16
2026-07-11T10:08:34,374 [zio-default-async-5] DEBUG a.f.a.t.b.t.TransitionExecutorImpl - Translating to SMT
2026-07-11T10:08:34,380 [zio-default-async-5] DEBUG a.f.a.t.b.SeqModelChecker - Step 6: Transition #16. Is it enabled?
2026-07-11T10:08:34,853 [zio-default-async-5] DEBUG a.f.a.t.b.SeqModelChecker - Step 6: Transition #16 is enabled
2026-07-11T10:08:34,853 [zio-default-async-5] INFO  a.f.a.t.b.SeqModelChecker - State 6: Checking 1 state invariants
2026-07-11T10:08:34,853 [zio-default-async-5] DEBUG a.f.a.t.b.SeqModelChecker - State 6: Checking state invariant 0
2026-07-11T10:08:36,137 [zio-default-async-5] INFO  a.f.a.t.b.SeqModelChecker - State 6: state invariant 0 holds.
2026-07-11T10:08:36,144 [zio-default-async-5] DEBUG a.f.a.t.b.t.TransitionExecutorImpl - Step #6, transition #17
2026-07-11T10:08:36,144 [zio-default-async-5] DEBUG a.f.a.t.b.t.TransitionExecutorImpl - Translating to SMT
2026-07-11T10:08:36,154 [zio-default-async-5] DEBUG a.f.a.t.b.SeqModelChecker - Step 6: Transition #17. Is it enabled?
2026-07-11T10:08:36,564 [zio-default-async-5] DEBUG a.f.a.t.b.SeqModelChecker - Step 6: Transition #17 is enabled
2026-07-11T10:08:36,564 [zio-default-async-5] INFO  a.f.a.t.b.SeqModelChecker - State 6: Checking 1 state invariants
2026-07-11T10:08:36,564 [zio-default-async-5] DEBUG a.f.a.t.b.SeqModelChecker - State 6: Checking state invariant 0
2026-07-11T10:08:37,045 [zio-default-async-5] INFO  a.f.a.t.b.SeqModelChecker - State 6: state invariant 0 holds.
2026-07-11T10:08:37,049 [zio-default-async-5] DEBUG a.f.a.t.b.t.TransitionExecutorImpl - Step #6, transition #18
2026-07-11T10:08:37,049 [zio-default-async-5] DEBUG a.f.a.t.b.t.TransitionExecutorImpl - Translating to SMT
2026-07-11T10:08:37,057 [zio-default-async-5] DEBUG a.f.a.t.b.SeqModelChecker - Step 6: Transition #18. Is it enabled?
2026-07-11T10:08:37,390 [zio-default-async-5] DEBUG a.f.a.t.b.SeqModelChecker - Step 6: Transition #18 is enabled
2026-07-11T10:08:37,390 [zio-default-async-5] INFO  a.f.a.t.b.SeqModelChecker - State 6: Checking 1 state invariants
2026-07-11T10:08:37,391 [zio-default-async-5] DEBUG a.f.a.t.b.SeqModelChecker - State 6: Checking state invariant 0
2026-07-11T10:08:37,578 [zio-default-async-5] INFO  a.f.a.t.b.SeqModelChecker - State 6: state invariant 0 holds.
2026-07-11T10:08:37,583 [zio-default-async-5] DEBUG a.f.a.t.b.t.TransitionExecutorImpl - Step #6, transition #19
2026-07-11T10:08:37,583 [zio-default-async-5] DEBUG a.f.a.t.b.t.TransitionExecutorImpl - Translating to SMT
2026-07-11T10:08:37,592 [zio-default-async-5] DEBUG a.f.a.t.b.SeqModelChecker - Step 6: Transition #19. Is it enabled?
2026-07-11T10:08:37,922 [zio-default-async-5] DEBUG a.f.a.t.b.SeqModelChecker - Step 6: Transition #19 is enabled
2026-07-11T10:08:37,922 [zio-default-async-5] INFO  a.f.a.t.b.SeqModelChecker - State 6: Checking 1 state invariants
2026-07-11T10:08:37,922 [zio-default-async-5] DEBUG a.f.a.t.b.SeqModelChecker - State 6: Checking state invariant 0
2026-07-11T10:08:37,932 [zio-default-async-5] INFO  a.f.a.t.b.SeqModelChecker - State 6: state invariant 0 holds.
2026-07-11T10:08:37,935 [zio-default-async-5] DEBUG a.f.a.t.b.t.TransitionExecutorImpl - Step #6, transition #20
2026-07-11T10:08:37,935 [zio-default-async-5] DEBUG a.f.a.t.b.t.TransitionExecutorImpl - Translating to SMT
2026-07-11T10:08:37,941 [zio-default-async-5] DEBUG a.f.a.t.b.SeqModelChecker - Step 6: Transition #20. Is it enabled?
2026-07-11T10:08:37,996 [zio-default-async-5] DEBUG a.f.a.t.b.SeqModelChecker - Step 6: Transition #20 is enabled
2026-07-11T10:08:37,997 [zio-default-async-5] INFO  a.f.a.t.b.SeqModelChecker - State 6: Checking 1 state invariants
2026-07-11T10:08:37,997 [zio-default-async-5] DEBUG a.f.a.t.b.SeqModelChecker - State 6: Checking state invariant 0
2026-07-11T10:08:40,169 [zio-default-async-5] INFO  a.f.a.t.b.SeqModelChecker - State 6: state invariant 0 holds.
2026-07-11T10:08:40,173 [zio-default-async-5] DEBUG a.f.a.t.b.t.TransitionExecutorImpl - Step #6, transition #21
2026-07-11T10:08:40,173 [zio-default-async-5] DEBUG a.f.a.t.b.t.TransitionExecutorImpl - Translating to SMT
2026-07-11T10:08:40,179 [zio-default-async-5] DEBUG a.f.a.t.b.SeqModelChecker - Step 6: Transition #21. Is it enabled?
2026-07-11T10:08:40,505 [zio-default-async-5] DEBUG a.f.a.t.b.SeqModelChecker - Step 6: Transition #21 is enabled
2026-07-11T10:08:40,505 [zio-default-async-5] INFO  a.f.a.t.b.SeqModelChecker - State 6: Checking 1 state invariants
2026-07-11T10:08:40,505 [zio-default-async-5] DEBUG a.f.a.t.b.SeqModelChecker - State 6: Checking state invariant 0
2026-07-11T10:08:41,580 [zio-default-async-5] INFO  a.f.a.t.b.SeqModelChecker - State 6: state invariant 0 holds.
2026-07-11T10:08:41,584 [zio-default-async-5] INFO  a.f.a.t.b.t.TransitionExecutorImpl - Step 6: picking a transition out of 22 transition(s)
2026-07-11T10:08:41,673 [zio-default-async-5] DEBUG a.f.a.t.b.t.TransitionExecutorImpl - Step #7, transition #0
2026-07-11T10:08:41,673 [zio-default-async-5] DEBUG a.f.a.t.b.t.TransitionExecutorImpl - Translating to SMT
2026-07-11T10:08:41,680 [zio-default-async-5] DEBUG a.f.a.t.b.SeqModelChecker - Step 7: Transition #0. Is it enabled?
2026-07-11T10:08:42,494 [zio-default-async-5] DEBUG a.f.a.t.b.SeqModelChecker - Step 7: Transition #0 is enabled
2026-07-11T10:08:42,494 [zio-default-async-5] INFO  a.f.a.t.b.SeqModelChecker - State 7: Checking 1 state invariants
2026-07-11T10:08:42,494 [zio-default-async-5] DEBUG a.f.a.t.b.SeqModelChecker - State 7: Checking state invariant 0
2026-07-11T10:08:42,626 [zio-default-async-5] INFO  a.f.a.t.b.SeqModelChecker - State 7: state invariant 0 holds.
2026-07-11T10:08:42,630 [zio-default-async-5] DEBUG a.f.a.t.b.t.TransitionExecutorImpl - Step #7, transition #1
2026-07-11T10:08:42,630 [zio-default-async-5] DEBUG a.f.a.t.b.t.TransitionExecutorImpl - Translating to SMT
2026-07-11T10:08:42,636 [zio-default-async-5] DEBUG a.f.a.t.b.SeqModelChecker - Step 7: Transition #1. Is it enabled?
2026-07-11T10:08:43,231 [zio-default-async-5] DEBUG a.f.a.t.b.SeqModelChecker - Step 7: Transition #1 is enabled
2026-07-11T10:08:43,231 [zio-default-async-5] INFO  a.f.a.t.b.SeqModelChecker - State 7: Checking 1 state invariants
2026-07-11T10:08:43,231 [zio-default-async-5] DEBUG a.f.a.t.b.SeqModelChecker - State 7: Checking state invariant 0
2026-07-11T10:08:43,238 [zio-default-async-5] INFO  a.f.a.t.b.SeqModelChecker - State 7: state invariant 0 holds.
2026-07-11T10:08:43,241 [zio-default-async-5] DEBUG a.f.a.t.b.t.TransitionExecutorImpl - Step #7, transition #2
2026-07-11T10:08:43,241 [zio-default-async-5] DEBUG a.f.a.t.b.t.TransitionExecutorImpl - Translating to SMT
2026-07-11T10:08:43,248 [zio-default-async-5] DEBUG a.f.a.t.b.SeqModelChecker - Step 7: Transition #2. Is it enabled?
2026-07-11T10:08:43,270 [zio-default-async-5] DEBUG a.f.a.t.b.SeqModelChecker - Step 7: Transition #2 is enabled
2026-07-11T10:08:43,271 [zio-default-async-5] INFO  a.f.a.t.b.SeqModelChecker - State 7: Checking 1 state invariants
2026-07-11T10:08:43,271 [zio-default-async-5] DEBUG a.f.a.t.b.SeqModelChecker - State 7: Checking state invariant 0
2026-07-11T10:08:43,679 [zio-default-async-5] INFO  a.f.a.t.b.SeqModelChecker - State 7: state invariant 0 holds.
2026-07-11T10:08:43,683 [zio-default-async-5] DEBUG a.f.a.t.b.t.TransitionExecutorImpl - Step #7, transition #3
2026-07-11T10:08:43,683 [zio-default-async-5] DEBUG a.f.a.t.b.t.TransitionExecutorImpl - Translating to SMT
2026-07-11T10:08:43,691 [zio-default-async-5] DEBUG a.f.a.t.b.SeqModelChecker - Step 7: Transition #3. Is it enabled?
2026-07-11T10:08:44,313 [zio-default-async-5] DEBUG a.f.a.t.b.SeqModelChecker - Step 7: Transition #3 is enabled
2026-07-11T10:08:44,313 [zio-default-async-5] INFO  a.f.a.t.b.SeqModelChecker - State 7: Checking 1 state invariants
2026-07-11T10:08:44,313 [zio-default-async-5] DEBUG a.f.a.t.b.SeqModelChecker - State 7: Checking state invariant 0
2026-07-11T10:08:44,326 [zio-default-async-5] INFO  a.f.a.t.b.SeqModelChecker - State 7: state invariant 0 holds.
2026-07-11T10:08:44,329 [zio-default-async-5] DEBUG a.f.a.t.b.t.TransitionExecutorImpl - Step #7, transition #4
2026-07-11T10:08:44,329 [zio-default-async-5] DEBUG a.f.a.t.b.t.TransitionExecutorImpl - Translating to SMT
2026-07-11T10:08:44,359 [zio-default-async-5] DEBUG a.f.a.t.b.SeqModelChecker - Step 7: Transition #4. Is it enabled?
2026-07-11T10:08:45,542 [zio-default-async-5] DEBUG a.f.a.t.b.SeqModelChecker - Step 7: Transition #4 is enabled
2026-07-11T10:08:45,542 [zio-default-async-5] INFO  a.f.a.t.b.SeqModelChecker - State 7: Checking 1 state invariants
2026-07-11T10:08:45,542 [zio-default-async-5] DEBUG a.f.a.t.b.SeqModelChecker - State 7: Checking state invariant 0
2026-07-11T10:08:45,835 [zio-default-async-5] INFO  a.f.a.t.b.SeqModelChecker - State 7: state invariant 0 holds.
2026-07-11T10:08:45,839 [zio-default-async-5] DEBUG a.f.a.t.b.t.TransitionExecutorImpl - Step #7, transition #5
2026-07-11T10:08:45,839 [zio-default-async-5] DEBUG a.f.a.t.b.t.TransitionExecutorImpl - Translating to SMT
2026-07-11T10:08:45,866 [zio-default-async-5] DEBUG a.f.a.t.b.SeqModelChecker - Step 7: Transition #5. Is it enabled?
2026-07-11T10:08:46,328 [zio-default-async-5] DEBUG a.f.a.t.b.SeqModelChecker - Step 7: Transition #5 is enabled
2026-07-11T10:08:46,329 [zio-default-async-5] INFO  a.f.a.t.b.SeqModelChecker - State 7: Checking 1 state invariants
2026-07-11T10:08:46,329 [zio-default-async-5] DEBUG a.f.a.t.b.SeqModelChecker - State 7: Checking state invariant 0
2026-07-11T10:08:46,353 [zio-default-async-5] INFO  a.f.a.t.b.SeqModelChecker - State 7: state invariant 0 holds.
2026-07-11T10:08:46,357 [zio-default-async-5] DEBUG a.f.a.t.b.t.TransitionExecutorImpl - Step #7, transition #6
2026-07-11T10:08:46,357 [zio-default-async-5] DEBUG a.f.a.t.b.t.TransitionExecutorImpl - Translating to SMT
2026-07-11T10:08:46,377 [zio-default-async-5] DEBUG a.f.a.t.b.SeqModelChecker - Step 7: Transition #6. Is it enabled?
2026-07-11T10:08:47,209 [zio-default-async-5] DEBUG a.f.a.t.b.SeqModelChecker - Step 7: Transition #6 is enabled
2026-07-11T10:08:47,209 [zio-default-async-5] INFO  a.f.a.t.b.SeqModelChecker - State 7: Checking 1 state invariants
2026-07-11T10:08:47,209 [zio-default-async-5] DEBUG a.f.a.t.b.SeqModelChecker - State 7: Checking state invariant 0
2026-07-11T10:08:48,770 [zio-default-async-5] INFO  a.f.a.t.b.SeqModelChecker - State 7: state invariant 0 holds.
2026-07-11T10:08:48,776 [zio-default-async-5] DEBUG a.f.a.t.b.t.TransitionExecutorImpl - Step #7, transition #7
2026-07-11T10:08:48,776 [zio-default-async-5] DEBUG a.f.a.t.b.t.TransitionExecutorImpl - Translating to SMT
2026-07-11T10:08:48,797 [zio-default-async-5] DEBUG a.f.a.t.b.SeqModelChecker - Step 7: Transition #7. Is it enabled?
2026-07-11T10:08:49,789 [zio-default-async-5] DEBUG a.f.a.t.b.SeqModelChecker - Step 7: Transition #7 is enabled
2026-07-11T10:08:49,789 [zio-default-async-5] INFO  a.f.a.t.b.SeqModelChecker - State 7: Checking 1 state invariants
2026-07-11T10:08:49,789 [zio-default-async-5] DEBUG a.f.a.t.b.SeqModelChecker - State 7: Checking state invariant 0
2026-07-11T10:08:50,346 [zio-default-async-5] INFO  a.f.a.t.b.SeqModelChecker - State 7: state invariant 0 holds.
2026-07-11T10:08:50,351 [zio-default-async-5] DEBUG a.f.a.t.b.t.TransitionExecutorImpl - Step #7, transition #8
2026-07-11T10:08:50,351 [zio-default-async-5] DEBUG a.f.a.t.b.t.TransitionExecutorImpl - Translating to SMT
2026-07-11T10:08:50,375 [zio-default-async-5] DEBUG a.f.a.t.b.SeqModelChecker - Step 7: Transition #8. Is it enabled?
2026-07-11T10:08:50,825 [zio-default-async-5] DEBUG a.f.a.t.b.SeqModelChecker - Step 7: Transition #8 is enabled
2026-07-11T10:08:50,825 [zio-default-async-5] INFO  a.f.a.t.b.SeqModelChecker - State 7: Checking 1 state invariants
2026-07-11T10:08:50,825 [zio-default-async-5] DEBUG a.f.a.t.b.SeqModelChecker - State 7: Checking state invariant 0
2026-07-11T10:08:53,887 [zio-default-async-5] INFO  a.f.a.t.b.SeqModelChecker - State 7: state invariant 0 holds.
2026-07-11T10:08:53,892 [zio-default-async-5] DEBUG a.f.a.t.b.t.TransitionExecutorImpl - Step #7, transition #9
2026-07-11T10:08:53,892 [zio-default-async-5] DEBUG a.f.a.t.b.t.TransitionExecutorImpl - Translating to SMT
2026-07-11T10:08:53,916 [zio-default-async-5] DEBUG a.f.a.t.b.SeqModelChecker - Step 7: Transition #9. Is it enabled?
2026-07-11T10:08:54,626 [zio-default-async-5] DEBUG a.f.a.t.b.SeqModelChecker - Step 7: Transition #9 is enabled
2026-07-11T10:08:54,626 [zio-default-async-5] INFO  a.f.a.t.b.SeqModelChecker - State 7: Checking 1 state invariants
2026-07-11T10:08:54,626 [zio-default-async-5] DEBUG a.f.a.t.b.SeqModelChecker - State 7: Checking state invariant 0
2026-07-11T10:08:55,380 [zio-default-async-5] INFO  a.f.a.t.b.SeqModelChecker - State 7: state invariant 0 holds.
2026-07-11T10:08:55,384 [zio-default-async-5] DEBUG a.f.a.t.b.t.TransitionExecutorImpl - Step #7, transition #10
2026-07-11T10:08:55,384 [zio-default-async-5] DEBUG a.f.a.t.b.t.TransitionExecutorImpl - Translating to SMT
2026-07-11T10:08:55,397 [zio-default-async-5] DEBUG a.f.a.t.b.SeqModelChecker - Step 7: Transition #10. Is it enabled?
2026-07-11T10:08:55,675 [zio-default-async-5] DEBUG a.f.a.t.b.SeqModelChecker - Step 7: Transition #10 is enabled
2026-07-11T10:08:55,675 [zio-default-async-5] INFO  a.f.a.t.b.SeqModelChecker - State 7: Checking 1 state invariants
2026-07-11T10:08:55,675 [zio-default-async-5] DEBUG a.f.a.t.b.SeqModelChecker - State 7: Checking state invariant 0
2026-07-11T10:08:58,818 [zio-default-async-5] INFO  a.f.a.t.b.SeqModelChecker - State 7: state invariant 0 holds.
2026-07-11T10:08:58,823 [zio-default-async-5] DEBUG a.f.a.t.b.t.TransitionExecutorImpl - Step #7, transition #11
2026-07-11T10:08:58,823 [zio-default-async-5] DEBUG a.f.a.t.b.t.TransitionExecutorImpl - Translating to SMT
2026-07-11T10:08:58,836 [zio-default-async-5] DEBUG a.f.a.t.b.SeqModelChecker - Step 7: Transition #11. Is it enabled?
2026-07-11T10:08:59,368 [zio-default-async-5] DEBUG a.f.a.t.b.SeqModelChecker - Step 7: Transition #11 is enabled
2026-07-11T10:08:59,368 [zio-default-async-5] INFO  a.f.a.t.b.SeqModelChecker - State 7: Checking 1 state invariants
2026-07-11T10:08:59,368 [zio-default-async-5] DEBUG a.f.a.t.b.SeqModelChecker - State 7: Checking state invariant 0
2026-07-11T10:09:00,685 [zio-default-async-5] INFO  a.f.a.t.b.SeqModelChecker - State 7: state invariant 0 holds.
2026-07-11T10:09:00,691 [zio-default-async-5] DEBUG a.f.a.t.b.t.TransitionExecutorImpl - Step #7, transition #12
2026-07-11T10:09:00,691 [zio-default-async-5] DEBUG a.f.a.t.b.t.TransitionExecutorImpl - Translating to SMT
2026-07-11T10:09:00,712 [zio-default-async-5] DEBUG a.f.a.t.b.SeqModelChecker - Step 7: Transition #12. Is it enabled?
2026-07-11T10:09:02,038 [zio-default-async-5] DEBUG a.f.a.t.b.SeqModelChecker - Step 7: Transition #12 is enabled
2026-07-11T10:09:02,038 [zio-default-async-5] INFO  a.f.a.t.b.SeqModelChecker - State 7: Checking 1 state invariants
2026-07-11T10:09:02,038 [zio-default-async-5] DEBUG a.f.a.t.b.SeqModelChecker - State 7: Checking state invariant 0
2026-07-11T10:09:03,416 [zio-default-async-5] INFO  a.f.a.t.b.SeqModelChecker - State 7: state invariant 0 holds.
2026-07-11T10:09:03,422 [zio-default-async-5] DEBUG a.f.a.t.b.t.TransitionExecutorImpl - Step #7, transition #13
2026-07-11T10:09:03,422 [zio-default-async-5] DEBUG a.f.a.t.b.t.TransitionExecutorImpl - Translating to SMT
2026-07-11T10:09:03,444 [zio-default-async-5] DEBUG a.f.a.t.b.SeqModelChecker - Step 7: Transition #13. Is it enabled?
2026-07-11T10:09:04,367 [zio-default-async-5] DEBUG a.f.a.t.b.SeqModelChecker - Step 7: Transition #13 is enabled
2026-07-11T10:09:04,367 [zio-default-async-5] INFO  a.f.a.t.b.SeqModelChecker - State 7: Checking 1 state invariants
2026-07-11T10:09:04,367 [zio-default-async-5] DEBUG a.f.a.t.b.SeqModelChecker - State 7: Checking state invariant 0
2026-07-11T10:09:04,480 [zio-default-async-5] INFO  a.f.a.t.b.SeqModelChecker - State 7: state invariant 0 holds.
2026-07-11T10:09:04,494 [zio-default-async-5] DEBUG a.f.a.t.b.t.TransitionExecutorImpl - Step #7, transition #14
2026-07-11T10:09:04,494 [zio-default-async-5] DEBUG a.f.a.t.b.t.TransitionExecutorImpl - Translating to SMT
2026-07-11T10:09:04,508 [zio-default-async-5] DEBUG a.f.a.t.b.SeqModelChecker - Step 7: Transition #14. Is it enabled?
2026-07-11T10:09:05,308 [zio-default-async-5] DEBUG a.f.a.t.b.SeqModelChecker - Step 7: Transition #14 is enabled
2026-07-11T10:09:05,308 [zio-default-async-5] INFO  a.f.a.t.b.SeqModelChecker - State 7: Checking 1 state invariants
2026-07-11T10:09:05,308 [zio-default-async-5] DEBUG a.f.a.t.b.SeqModelChecker - State 7: Checking state invariant 0
2026-07-11T10:09:05,618 [zio-default-async-5] INFO  a.f.a.t.b.SeqModelChecker - State 7: state invariant 0 holds.
2026-07-11T10:09:05,622 [zio-default-async-5] DEBUG a.f.a.t.b.t.TransitionExecutorImpl - Step #7, transition #15
2026-07-11T10:09:05,622 [zio-default-async-5] DEBUG a.f.a.t.b.t.TransitionExecutorImpl - Translating to SMT
2026-07-11T10:09:05,630 [zio-default-async-5] DEBUG a.f.a.t.b.SeqModelChecker - Step 7: Transition #15. Is it enabled?
2026-07-11T10:09:06,133 [zio-default-async-5] DEBUG a.f.a.t.b.SeqModelChecker - Step 7: Transition #15 is enabled
2026-07-11T10:09:06,133 [zio-default-async-5] INFO  a.f.a.t.b.SeqModelChecker - State 7: Checking 1 state invariants
2026-07-11T10:09:06,133 [zio-default-async-5] DEBUG a.f.a.t.b.SeqModelChecker - State 7: Checking state invariant 0
2026-07-11T10:09:06,143 [zio-default-async-5] INFO  a.f.a.t.b.SeqModelChecker - State 7: state invariant 0 holds.
2026-07-11T10:09:06,147 [zio-default-async-5] DEBUG a.f.a.t.b.t.TransitionExecutorImpl - Step #7, transition #16
2026-07-11T10:09:06,147 [zio-default-async-5] DEBUG a.f.a.t.b.t.TransitionExecutorImpl - Translating to SMT
2026-07-11T10:09:06,155 [zio-default-async-5] DEBUG a.f.a.t.b.SeqModelChecker - Step 7: Transition #16. Is it enabled?
2026-07-11T10:09:06,910 [zio-default-async-5] DEBUG a.f.a.t.b.SeqModelChecker - Step 7: Transition #16 is enabled
2026-07-11T10:09:06,911 [zio-default-async-5] INFO  a.f.a.t.b.SeqModelChecker - State 7: Checking 1 state invariants
2026-07-11T10:09:06,911 [zio-default-async-5] DEBUG a.f.a.t.b.SeqModelChecker - State 7: Checking state invariant 0
2026-07-11T10:09:11,041 [zio-default-async-5] INFO  a.f.a.t.b.SeqModelChecker - State 7: state invariant 0 holds.
2026-07-11T10:09:11,055 [zio-default-async-5] DEBUG a.f.a.t.b.t.TransitionExecutorImpl - Step #7, transition #17
2026-07-11T10:09:11,055 [zio-default-async-5] DEBUG a.f.a.t.b.t.TransitionExecutorImpl - Translating to SMT
2026-07-11T10:09:11,068 [zio-default-async-5] DEBUG a.f.a.t.b.SeqModelChecker - Step 7: Transition #17. Is it enabled?
2026-07-11T10:09:12,312 [zio-default-async-5] DEBUG a.f.a.t.b.SeqModelChecker - Step 7: Transition #17 is enabled
2026-07-11T10:09:12,312 [zio-default-async-5] INFO  a.f.a.t.b.SeqModelChecker - State 7: Checking 1 state invariants
2026-07-11T10:09:12,312 [zio-default-async-5] DEBUG a.f.a.t.b.SeqModelChecker - State 7: Checking state invariant 0
2026-07-11T10:09:13,855 [zio-default-async-5] INFO  a.f.a.t.b.SeqModelChecker - State 7: state invariant 0 holds.
2026-07-11T10:09:13,862 [zio-default-async-5] DEBUG a.f.a.t.b.t.TransitionExecutorImpl - Step #7, transition #18
2026-07-11T10:09:13,862 [zio-default-async-5] DEBUG a.f.a.t.b.t.TransitionExecutorImpl - Translating to SMT
2026-07-11T10:09:13,874 [zio-default-async-5] DEBUG a.f.a.t.b.SeqModelChecker - Step 7: Transition #18. Is it enabled?
2026-07-11T10:09:14,697 [zio-default-async-5] DEBUG a.f.a.t.b.SeqModelChecker - Step 7: Transition #18 is enabled
2026-07-11T10:09:14,697 [zio-default-async-5] INFO  a.f.a.t.b.SeqModelChecker - State 7: Checking 1 state invariants
2026-07-11T10:09:14,698 [zio-default-async-5] DEBUG a.f.a.t.b.SeqModelChecker - State 7: Checking state invariant 0
2026-07-11T10:09:15,278 [zio-default-async-5] INFO  a.f.a.t.b.SeqModelChecker - State 7: state invariant 0 holds.
2026-07-11T10:09:15,285 [zio-default-async-5] DEBUG a.f.a.t.b.t.TransitionExecutorImpl - Step #7, transition #19
2026-07-11T10:09:15,285 [zio-default-async-5] DEBUG a.f.a.t.b.t.TransitionExecutorImpl - Translating to SMT
2026-07-11T10:09:15,295 [zio-default-async-5] DEBUG a.f.a.t.b.SeqModelChecker - Step 7: Transition #19. Is it enabled?
2026-07-11T10:09:15,807 [zio-default-async-5] DEBUG a.f.a.t.b.SeqModelChecker - Step 7: Transition #19 is enabled
2026-07-11T10:09:15,807 [zio-default-async-5] INFO  a.f.a.t.b.SeqModelChecker - State 7: Checking 1 state invariants
2026-07-11T10:09:15,807 [zio-default-async-5] DEBUG a.f.a.t.b.SeqModelChecker - State 7: Checking state invariant 0
2026-07-11T10:09:15,822 [zio-default-async-5] INFO  a.f.a.t.b.SeqModelChecker - State 7: state invariant 0 holds.
2026-07-11T10:09:15,827 [zio-default-async-5] DEBUG a.f.a.t.b.t.TransitionExecutorImpl - Step #7, transition #20
2026-07-11T10:09:15,827 [zio-default-async-5] DEBUG a.f.a.t.b.t.TransitionExecutorImpl - Translating to SMT
2026-07-11T10:09:15,835 [zio-default-async-5] DEBUG a.f.a.t.b.SeqModelChecker - Step 7: Transition #20. Is it enabled?
2026-07-11T10:09:16,303 [zio-default-async-5] DEBUG a.f.a.t.b.SeqModelChecker - Step 7: Transition #20 is enabled
2026-07-11T10:09:16,304 [zio-default-async-5] INFO  a.f.a.t.b.SeqModelChecker - State 7: Checking 1 state invariants
2026-07-11T10:09:16,304 [zio-default-async-5] DEBUG a.f.a.t.b.SeqModelChecker - State 7: Checking state invariant 0
2026-07-11T10:09:21,803 [zio-default-async-5] INFO  a.f.a.t.b.SeqModelChecker - State 7: state invariant 0 holds.
2026-07-11T10:09:21,817 [zio-default-async-5] DEBUG a.f.a.t.b.t.TransitionExecutorImpl - Step #7, transition #21
2026-07-11T10:09:21,818 [zio-default-async-5] DEBUG a.f.a.t.b.t.TransitionExecutorImpl - Translating to SMT
2026-07-11T10:09:21,841 [zio-default-async-5] DEBUG a.f.a.t.b.SeqModelChecker - Step 7: Transition #21. Is it enabled?
2026-07-11T10:09:23,294 [zio-default-async-5] DEBUG a.f.a.t.b.SeqModelChecker - Step 7: Transition #21 is enabled
2026-07-11T10:09:23,295 [zio-default-async-5] INFO  a.f.a.t.b.SeqModelChecker - State 7: Checking 1 state invariants
2026-07-11T10:09:23,295 [zio-default-async-5] DEBUG a.f.a.t.b.SeqModelChecker - State 7: Checking state invariant 0
2026-07-11T10:09:24,631 [zio-default-async-5] INFO  a.f.a.t.b.SeqModelChecker - State 7: state invariant 0 holds.
2026-07-11T10:09:24,639 [zio-default-async-5] INFO  a.f.a.t.b.t.TransitionExecutorImpl - Step 7: picking a transition out of 22 transition(s)
2026-07-11T10:09:24,828 [zio-default-async-5] DEBUG a.f.a.t.b.t.TransitionExecutorImpl - Step #8, transition #0
2026-07-11T10:09:24,829 [zio-default-async-5] DEBUG a.f.a.t.b.t.TransitionExecutorImpl - Translating to SMT
2026-07-11T10:09:24,845 [zio-default-async-5] DEBUG a.f.a.t.b.SeqModelChecker - Step 8: Transition #0. Is it enabled?
2026-07-11T10:09:26,948 [zio-default-async-5] DEBUG a.f.a.t.b.SeqModelChecker - Step 8: Transition #0 is enabled
2026-07-11T10:09:26,950 [zio-default-async-5] INFO  a.f.a.t.b.SeqModelChecker - State 8: Checking 1 state invariants
2026-07-11T10:09:26,951 [zio-default-async-5] DEBUG a.f.a.t.b.SeqModelChecker - State 8: Checking state invariant 0
2026-07-11T10:09:27,353 [zio-default-async-5] INFO  a.f.a.t.b.SeqModelChecker - State 8: state invariant 0 holds.
2026-07-11T10:09:27,362 [zio-default-async-5] DEBUG a.f.a.t.b.t.TransitionExecutorImpl - Step #8, transition #1
2026-07-11T10:09:27,363 [zio-default-async-5] DEBUG a.f.a.t.b.t.TransitionExecutorImpl - Translating to SMT
2026-07-11T10:09:27,382 [zio-default-async-5] DEBUG a.f.a.t.b.SeqModelChecker - Step 8: Transition #1. Is it enabled?
2026-07-11T10:09:29,290 [zio-default-async-5] DEBUG a.f.a.t.b.SeqModelChecker - Step 8: Transition #1 is enabled
2026-07-11T10:09:29,292 [zio-default-async-5] INFO  a.f.a.t.b.SeqModelChecker - State 8: Checking 1 state invariants
2026-07-11T10:09:29,292 [zio-default-async-5] DEBUG a.f.a.t.b.SeqModelChecker - State 8: Checking state invariant 0
2026-07-11T10:09:29,309 [zio-default-async-5] INFO  a.f.a.t.b.SeqModelChecker - State 8: state invariant 0 holds.
2026-07-11T10:09:29,316 [zio-default-async-5] DEBUG a.f.a.t.b.t.TransitionExecutorImpl - Step #8, transition #2
2026-07-11T10:09:29,317 [zio-default-async-5] DEBUG a.f.a.t.b.t.TransitionExecutorImpl - Translating to SMT
2026-07-11T10:09:29,331 [zio-default-async-5] DEBUG a.f.a.t.b.SeqModelChecker - Step 8: Transition #2. Is it enabled?
2026-07-11T10:09:29,400 [zio-default-async-5] DEBUG a.f.a.t.b.SeqModelChecker - Step 8: Transition #2 is enabled
2026-07-11T10:09:29,401 [zio-default-async-5] INFO  a.f.a.t.b.SeqModelChecker - State 8: Checking 1 state invariants
2026-07-11T10:09:29,402 [zio-default-async-5] DEBUG a.f.a.t.b.SeqModelChecker - State 8: Checking state invariant 0
2026-07-11T10:09:30,109 [zio-default-async-5] INFO  a.f.a.t.b.SeqModelChecker - State 8: state invariant 0 holds.
2026-07-11T10:09:30,120 [zio-default-async-5] DEBUG a.f.a.t.b.t.TransitionExecutorImpl - Step #8, transition #3
2026-07-11T10:09:30,121 [zio-default-async-5] DEBUG a.f.a.t.b.t.TransitionExecutorImpl - Translating to SMT
2026-07-11T10:09:30,141 [zio-default-async-5] DEBUG a.f.a.t.b.SeqModelChecker - Step 8: Transition #3. Is it enabled?
2026-07-11T10:09:30,975 [zio-default-async-5] DEBUG a.f.a.t.b.SeqModelChecker - Step 8: Transition #3 is enabled
2026-07-11T10:09:30,977 [zio-default-async-5] INFO  a.f.a.t.b.SeqModelChecker - State 8: Checking 1 state invariants
2026-07-11T10:09:30,978 [zio-default-async-5] DEBUG a.f.a.t.b.SeqModelChecker - State 8: Checking state invariant 0
2026-07-11T10:09:30,993 [zio-default-async-5] INFO  a.f.a.t.b.SeqModelChecker - State 8: state invariant 0 holds.
2026-07-11T10:09:31,000 [zio-default-async-5] DEBUG a.f.a.t.b.t.TransitionExecutorImpl - Step #8, transition #4
2026-07-11T10:09:31,001 [zio-default-async-5] DEBUG a.f.a.t.b.t.TransitionExecutorImpl - Translating to SMT
2026-07-11T10:09:31,052 [zio-default-async-5] DEBUG a.f.a.t.b.SeqModelChecker - Step 8: Transition #4. Is it enabled?
2026-07-11T10:09:33,384 [zio-default-async-5] DEBUG a.f.a.t.b.SeqModelChecker - Step 8: Transition #4 is enabled
2026-07-11T10:09:33,386 [zio-default-async-5] INFO  a.f.a.t.b.SeqModelChecker - State 8: Checking 1 state invariants
2026-07-11T10:09:33,386 [zio-default-async-5] DEBUG a.f.a.t.b.SeqModelChecker - State 8: Checking state invariant 0
2026-07-11T10:09:33,835 [zio-default-async-5] INFO  a.f.a.t.b.SeqModelChecker - State 8: state invariant 0 holds.
2026-07-11T10:09:33,843 [zio-default-async-5] DEBUG a.f.a.t.b.t.TransitionExecutorImpl - Step #8, transition #5
2026-07-11T10:09:33,844 [zio-default-async-5] DEBUG a.f.a.t.b.t.TransitionExecutorImpl - Translating to SMT
2026-07-11T10:09:33,891 [zio-default-async-5] DEBUG a.f.a.t.b.SeqModelChecker - Step 8: Transition #5. Is it enabled?
2026-07-11T10:09:34,988 [zio-default-async-5] DEBUG a.f.a.t.b.SeqModelChecker - Step 8: Transition #5 is enabled
2026-07-11T10:09:34,990 [zio-default-async-5] INFO  a.f.a.t.b.SeqModelChecker - State 8: Checking 1 state invariants
2026-07-11T10:09:34,990 [zio-default-async-5] DEBUG a.f.a.t.b.SeqModelChecker - State 8: Checking state invariant 0
2026-07-11T10:09:35,029 [zio-default-async-5] INFO  a.f.a.t.b.SeqModelChecker - State 8: state invariant 0 holds.
2026-07-11T10:09:35,038 [zio-default-async-5] DEBUG a.f.a.t.b.t.TransitionExecutorImpl - Step #8, transition #6
2026-07-11T10:09:35,039 [zio-default-async-5] DEBUG a.f.a.t.b.t.TransitionExecutorImpl - Translating to SMT
2026-07-11T10:09:35,085 [zio-default-async-5] DEBUG a.f.a.t.b.SeqModelChecker - Step 8: Transition #6. Is it enabled?
2026-07-11T10:09:38,901 [zio-default-async-5] DEBUG a.f.a.t.b.SeqModelChecker - Step 8: Transition #6 is enabled
2026-07-11T10:09:38,903 [zio-default-async-5] INFO  a.f.a.t.b.SeqModelChecker - State 8: Checking 1 state invariants
2026-07-11T10:09:38,904 [zio-default-async-5] DEBUG a.f.a.t.b.SeqModelChecker - State 8: Checking state invariant 0
2026-07-11T10:09:41,111 [zio-default-async-5] INFO  a.f.a.t.b.SeqModelChecker - State 8: state invariant 0 holds.
2026-07-11T10:09:41,123 [zio-default-async-5] DEBUG a.f.a.t.b.t.TransitionExecutorImpl - Step #8, transition #7
2026-07-11T10:09:41,123 [zio-default-async-5] DEBUG a.f.a.t.b.t.TransitionExecutorImpl - Translating to SMT
2026-07-11T10:09:41,170 [zio-default-async-5] DEBUG a.f.a.t.b.SeqModelChecker - Step 8: Transition #7. Is it enabled?
2026-07-11T10:09:43,027 [zio-default-async-5] DEBUG a.f.a.t.b.SeqModelChecker - Step 8: Transition #7 is enabled
2026-07-11T10:09:43,028 [zio-default-async-5] INFO  a.f.a.t.b.SeqModelChecker - State 8: Checking 1 state invariants
2026-07-11T10:09:43,028 [zio-default-async-5] DEBUG a.f.a.t.b.SeqModelChecker - State 8: Checking state invariant 0
2026-07-11T10:09:43,801 [zio-default-async-5] INFO  a.f.a.t.b.SeqModelChecker - State 8: state invariant 0 holds.
2026-07-11T10:09:43,810 [zio-default-async-5] DEBUG a.f.a.t.b.t.TransitionExecutorImpl - Step #8, transition #8
2026-07-11T10:09:43,811 [zio-default-async-5] DEBUG a.f.a.t.b.t.TransitionExecutorImpl - Translating to SMT
2026-07-11T10:09:43,866 [zio-default-async-5] DEBUG a.f.a.t.b.SeqModelChecker - Step 8: Transition #8. Is it enabled?
2026-07-11T10:09:46,545 [zio-default-async-5] DEBUG a.f.a.t.b.SeqModelChecker - Step 8: Transition #8 is enabled
2026-07-11T10:09:46,547 [zio-default-async-5] INFO  a.f.a.t.b.SeqModelChecker - State 8: Checking 1 state invariants
2026-07-11T10:09:46,547 [zio-default-async-5] DEBUG a.f.a.t.b.SeqModelChecker - State 8: Checking state invariant 0
2026-07-11T10:09:48,031 [zio-default-async-5] INFO  a.f.a.t.b.SeqModelChecker - State 8: state invariant 0 holds.
2026-07-11T10:09:48,045 [zio-default-async-5] DEBUG a.f.a.t.b.t.TransitionExecutorImpl - Step #8, transition #9
2026-07-11T10:09:48,046 [zio-default-async-5] DEBUG a.f.a.t.b.t.TransitionExecutorImpl - Translating to SMT
2026-07-11T10:09:48,087 [zio-default-async-5] DEBUG a.f.a.t.b.SeqModelChecker - Step 8: Transition #9. Is it enabled?
2026-07-11T10:09:52,477 [zio-default-async-5] DEBUG a.f.a.t.b.SeqModelChecker - Step 8: Transition #9 is enabled
2026-07-11T10:09:52,479 [zio-default-async-5] INFO  a.f.a.t.b.SeqModelChecker - State 8: Checking 1 state invariants
2026-07-11T10:09:52,480 [zio-default-async-5] DEBUG a.f.a.t.b.SeqModelChecker - State 8: Checking state invariant 0
2026-07-11T10:09:52,928 [zio-default-async-5] INFO  a.f.a.t.b.SeqModelChecker - State 8: state invariant 0 holds.
2026-07-11T10:09:52,941 [zio-default-async-5] DEBUG a.f.a.t.b.t.TransitionExecutorImpl - Step #8, transition #10
2026-07-11T10:09:52,942 [zio-default-async-5] DEBUG a.f.a.t.b.t.TransitionExecutorImpl - Translating to SMT
2026-07-11T10:09:52,973 [zio-default-async-5] DEBUG a.f.a.t.b.SeqModelChecker - Step 8: Transition #10. Is it enabled?
2026-07-11T10:09:54,216 [zio-default-async-5] DEBUG a.f.a.t.b.SeqModelChecker - Step 8: Transition #10 is enabled
2026-07-11T10:09:54,217 [zio-default-async-5] INFO  a.f.a.t.b.SeqModelChecker - State 8: Checking 1 state invariants
2026-07-11T10:09:54,217 [zio-default-async-5] DEBUG a.f.a.t.b.SeqModelChecker - State 8: Checking state invariant 0
2026-07-11T10:10:01,561 [zio-default-async-5] INFO  a.f.a.t.b.SeqModelChecker - State 8: state invariant 0 holds.
2026-07-11T10:10:01,569 [zio-default-async-5] DEBUG a.f.a.t.b.t.TransitionExecutorImpl - Step #8, transition #11
2026-07-11T10:10:01,569 [zio-default-async-5] DEBUG a.f.a.t.b.t.TransitionExecutorImpl - Translating to SMT
2026-07-11T10:10:01,597 [zio-default-async-5] DEBUG a.f.a.t.b.SeqModelChecker - Step 8: Transition #11. Is it enabled?
2026-07-11T10:10:02,229 [zio-default-async-5] DEBUG a.f.a.t.b.SeqModelChecker - Step 8: Transition #11 is enabled
2026-07-11T10:10:02,230 [zio-default-async-5] INFO  a.f.a.t.b.SeqModelChecker - State 8: Checking 1 state invariants
2026-07-11T10:10:02,230 [zio-default-async-5] DEBUG a.f.a.t.b.SeqModelChecker - State 8: Checking state invariant 0
2026-07-11T10:10:04,487 [zio-default-async-5] INFO  a.f.a.t.b.SeqModelChecker - State 8: state invariant 0 holds.
2026-07-11T10:10:04,495 [zio-default-async-5] DEBUG a.f.a.t.b.t.TransitionExecutorImpl - Step #8, transition #12
2026-07-11T10:10:04,495 [zio-default-async-5] DEBUG a.f.a.t.b.t.TransitionExecutorImpl - Translating to SMT
2026-07-11T10:10:04,515 [zio-default-async-5] DEBUG a.f.a.t.b.SeqModelChecker - Step 8: Transition #12. Is it enabled?
2026-07-11T10:10:06,912 [zio-default-async-5] DEBUG a.f.a.t.b.SeqModelChecker - Step 8: Transition #12 is enabled
2026-07-11T10:10:06,912 [zio-default-async-5] INFO  a.f.a.t.b.SeqModelChecker - State 8: Checking 1 state invariants
2026-07-11T10:10:06,912 [zio-default-async-5] DEBUG a.f.a.t.b.SeqModelChecker - State 8: Checking state invariant 0
2026-07-11T10:10:08,946 [zio-default-async-5] INFO  a.f.a.t.b.SeqModelChecker - State 8: state invariant 0 holds.
2026-07-11T10:10:08,957 [zio-default-async-5] DEBUG a.f.a.t.b.t.TransitionExecutorImpl - Step #8, transition #13
2026-07-11T10:10:08,957 [zio-default-async-5] DEBUG a.f.a.t.b.t.TransitionExecutorImpl - Translating to SMT
2026-07-11T10:10:08,982 [zio-default-async-5] DEBUG a.f.a.t.b.SeqModelChecker - Step 8: Transition #13. Is it enabled?
2026-07-11T10:10:11,187 [zio-default-async-5] DEBUG a.f.a.t.b.SeqModelChecker - Step 8: Transition #13 is enabled
2026-07-11T10:10:11,187 [zio-default-async-5] INFO  a.f.a.t.b.SeqModelChecker - State 8: Checking 1 state invariants
2026-07-11T10:10:11,187 [zio-default-async-5] DEBUG a.f.a.t.b.SeqModelChecker - State 8: Checking state invariant 0
2026-07-11T10:10:11,248 [zio-default-async-5] INFO  a.f.a.t.b.SeqModelChecker - State 8: state invariant 0 holds.
2026-07-11T10:10:11,254 [zio-default-async-5] DEBUG a.f.a.t.b.t.TransitionExecutorImpl - Step #8, transition #14
2026-07-11T10:10:11,255 [zio-default-async-5] DEBUG a.f.a.t.b.t.TransitionExecutorImpl - Translating to SMT
2026-07-11T10:10:11,264 [zio-default-async-5] DEBUG a.f.a.t.b.SeqModelChecker - Step 8: Transition #14. Is it enabled?
2026-07-11T10:10:12,430 [zio-default-async-5] DEBUG a.f.a.t.b.SeqModelChecker - Step 8: Transition #14 is enabled
2026-07-11T10:10:12,431 [zio-default-async-5] INFO  a.f.a.t.b.SeqModelChecker - State 8: Checking 1 state invariants
2026-07-11T10:10:12,431 [zio-default-async-5] DEBUG a.f.a.t.b.SeqModelChecker - State 8: Checking state invariant 0
2026-07-11T10:10:12,916 [zio-default-async-5] INFO  a.f.a.t.b.SeqModelChecker - State 8: state invariant 0 holds.
2026-07-11T10:10:12,923 [zio-default-async-5] DEBUG a.f.a.t.b.t.TransitionExecutorImpl - Step #8, transition #15
2026-07-11T10:10:12,923 [zio-default-async-5] DEBUG a.f.a.t.b.t.TransitionExecutorImpl - Translating to SMT
2026-07-11T10:10:12,931 [zio-default-async-5] DEBUG a.f.a.t.b.SeqModelChecker - Step 8: Transition #15. Is it enabled?
2026-07-11T10:10:13,689 [zio-default-async-5] DEBUG a.f.a.t.b.SeqModelChecker - Step 8: Transition #15 is enabled
2026-07-11T10:10:13,689 [zio-default-async-5] INFO  a.f.a.t.b.SeqModelChecker - State 8: Checking 1 state invariants
2026-07-11T10:10:13,689 [zio-default-async-5] DEBUG a.f.a.t.b.SeqModelChecker - State 8: Checking state invariant 0
2026-07-11T10:10:13,700 [zio-default-async-5] INFO  a.f.a.t.b.SeqModelChecker - State 8: state invariant 0 holds.
2026-07-11T10:10:13,705 [zio-default-async-5] DEBUG a.f.a.t.b.t.TransitionExecutorImpl - Step #8, transition #16
2026-07-11T10:10:13,705 [zio-default-async-5] DEBUG a.f.a.t.b.t.TransitionExecutorImpl - Translating to SMT
2026-07-11T10:10:13,712 [zio-default-async-5] DEBUG a.f.a.t.b.SeqModelChecker - Step 8: Transition #16. Is it enabled?
2026-07-11T10:10:14,192 [zio-default-async-5] DEBUG a.f.a.t.b.SeqModelChecker - Step 8: Transition #16 is enabled
2026-07-11T10:10:14,192 [zio-default-async-5] INFO  a.f.a.t.b.SeqModelChecker - State 8: Checking 1 state invariants
2026-07-11T10:10:14,193 [zio-default-async-5] DEBUG a.f.a.t.b.SeqModelChecker - State 8: Checking state invariant 0
2026-07-11T10:10:21,230 [zio-default-async-5] INFO  a.f.a.t.b.SeqModelChecker - State 8: state invariant 0 holds.
2026-07-11T10:10:21,238 [zio-default-async-5] DEBUG a.f.a.t.b.t.TransitionExecutorImpl - Step #8, transition #17
2026-07-11T10:10:21,238 [zio-default-async-5] DEBUG a.f.a.t.b.t.TransitionExecutorImpl - Translating to SMT
2026-07-11T10:10:21,246 [zio-default-async-5] DEBUG a.f.a.t.b.SeqModelChecker - Step 8: Transition #17. Is it enabled?
2026-07-11T10:10:22,651 [zio-default-async-5] DEBUG a.f.a.t.b.SeqModelChecker - Step 8: Transition #17 is enabled
2026-07-11T10:10:22,651 [zio-default-async-5] INFO  a.f.a.t.b.SeqModelChecker - State 8: Checking 1 state invariants
2026-07-11T10:10:22,651 [zio-default-async-5] DEBUG a.f.a.t.b.SeqModelChecker - State 8: Checking state invariant 0
2026-07-11T10:10:24,955 [zio-default-async-5] INFO  a.f.a.t.b.SeqModelChecker - State 8: state invariant 0 holds.
2026-07-11T10:10:24,961 [zio-default-async-5] DEBUG a.f.a.t.b.t.TransitionExecutorImpl - Step #8, transition #18
2026-07-11T10:10:24,961 [zio-default-async-5] DEBUG a.f.a.t.b.t.TransitionExecutorImpl - Translating to SMT
2026-07-11T10:10:24,969 [zio-default-async-5] DEBUG a.f.a.t.b.SeqModelChecker - Step 8: Transition #18. Is it enabled?
2026-07-11T10:10:25,943 [zio-default-async-5] DEBUG a.f.a.t.b.SeqModelChecker - Step 8: Transition #18 is enabled
2026-07-11T10:10:25,943 [zio-default-async-5] INFO  a.f.a.t.b.SeqModelChecker - State 8: Checking 1 state invariants
2026-07-11T10:10:25,943 [zio-default-async-5] DEBUG a.f.a.t.b.SeqModelChecker - State 8: Checking state invariant 0
2026-07-11T10:10:26,455 [zio-default-async-5] INFO  a.f.a.t.b.SeqModelChecker - State 8: state invariant 0 holds.
2026-07-11T10:10:26,463 [zio-default-async-5] DEBUG a.f.a.t.b.t.TransitionExecutorImpl - Step #8, transition #19
2026-07-11T10:10:26,464 [zio-default-async-5] DEBUG a.f.a.t.b.t.TransitionExecutorImpl - Translating to SMT
2026-07-11T10:10:26,472 [zio-default-async-5] DEBUG a.f.a.t.b.SeqModelChecker - Step 8: Transition #19. Is it enabled?
2026-07-11T10:10:27,666 [zio-default-async-5] DEBUG a.f.a.t.b.SeqModelChecker - Step 8: Transition #19 is enabled
2026-07-11T10:10:27,667 [zio-default-async-5] INFO  a.f.a.t.b.SeqModelChecker - State 8: Checking 1 state invariants
2026-07-11T10:10:27,667 [zio-default-async-5] DEBUG a.f.a.t.b.SeqModelChecker - State 8: Checking state invariant 0
2026-07-11T10:10:27,680 [zio-default-async-5] INFO  a.f.a.t.b.SeqModelChecker - State 8: state invariant 0 holds.
2026-07-11T10:10:27,685 [zio-default-async-5] DEBUG a.f.a.t.b.t.TransitionExecutorImpl - Step #8, transition #20
2026-07-11T10:10:27,685 [zio-default-async-5] DEBUG a.f.a.t.b.t.TransitionExecutorImpl - Translating to SMT
2026-07-11T10:10:27,691 [zio-default-async-5] DEBUG a.f.a.t.b.SeqModelChecker - Step 8: Transition #20. Is it enabled?
2026-07-11T10:10:27,961 [zio-default-async-5] DEBUG a.f.a.t.b.SeqModelChecker - Step 8: Transition #20 is enabled
2026-07-11T10:10:27,961 [zio-default-async-5] INFO  a.f.a.t.b.SeqModelChecker - State 8: Checking 1 state invariants
2026-07-11T10:10:27,961 [zio-default-async-5] DEBUG a.f.a.t.b.SeqModelChecker - State 8: Checking state invariant 0
2026-07-11T10:10:33,844 [zio-default-async-5] INFO  a.f.a.t.b.SeqModelChecker - State 8: state invariant 0 holds.
2026-07-11T10:10:33,850 [zio-default-async-5] DEBUG a.f.a.t.b.t.TransitionExecutorImpl - Step #8, transition #21
2026-07-11T10:10:33,850 [zio-default-async-5] DEBUG a.f.a.t.b.t.TransitionExecutorImpl - Translating to SMT
2026-07-11T10:10:33,856 [zio-default-async-5] DEBUG a.f.a.t.b.SeqModelChecker - Step 8: Transition #21. Is it enabled?
2026-07-11T10:10:34,936 [zio-default-async-5] DEBUG a.f.a.t.b.SeqModelChecker - Step 8: Transition #21 is enabled
2026-07-11T10:10:34,936 [zio-default-async-5] INFO  a.f.a.t.b.SeqModelChecker - State 8: Checking 1 state invariants
2026-07-11T10:10:34,936 [zio-default-async-5] DEBUG a.f.a.t.b.SeqModelChecker - State 8: Checking state invariant 0
2026-07-11T10:10:36,870 [zio-default-async-5] INFO  a.f.a.t.b.SeqModelChecker - State 8: state invariant 0 holds.
2026-07-11T10:10:36,878 [zio-default-async-5] INFO  a.f.a.t.b.t.TransitionExecutorImpl - Step 8: picking a transition out of 22 transition(s)
2026-07-11T10:10:37,004 [zio-default-async-5] DEBUG a.f.a.t.b.t.TransitionExecutorImpl - Step #9, transition #0
2026-07-11T10:10:37,004 [zio-default-async-5] DEBUG a.f.a.t.b.t.TransitionExecutorImpl - Translating to SMT
2026-07-11T10:10:37,010 [zio-default-async-5] DEBUG a.f.a.t.b.SeqModelChecker - Step 9: Transition #0. Is it enabled?
2026-07-11T10:10:38,115 [zio-default-async-5] DEBUG a.f.a.t.b.SeqModelChecker - Step 9: Transition #0 is enabled
2026-07-11T10:10:38,115 [zio-default-async-5] INFO  a.f.a.t.b.SeqModelChecker - State 9: Checking 1 state invariants
2026-07-11T10:10:38,115 [zio-default-async-5] DEBUG a.f.a.t.b.SeqModelChecker - State 9: Checking state invariant 0
2026-07-11T10:10:38,517 [zio-default-async-5] INFO  a.f.a.t.b.SeqModelChecker - State 9: state invariant 0 holds.
2026-07-11T10:10:38,522 [zio-default-async-5] DEBUG a.f.a.t.b.t.TransitionExecutorImpl - Step #9, transition #1
2026-07-11T10:10:38,522 [zio-default-async-5] DEBUG a.f.a.t.b.t.TransitionExecutorImpl - Translating to SMT
2026-07-11T10:10:38,528 [zio-default-async-5] DEBUG a.f.a.t.b.SeqModelChecker - Step 9: Transition #1. Is it enabled?
2026-07-11T10:10:40,108 [zio-default-async-5] DEBUG a.f.a.t.b.SeqModelChecker - Step 9: Transition #1 is enabled
2026-07-11T10:10:40,108 [zio-default-async-5] INFO  a.f.a.t.b.SeqModelChecker - State 9: Checking 1 state invariants
2026-07-11T10:10:40,108 [zio-default-async-5] DEBUG a.f.a.t.b.SeqModelChecker - State 9: Checking state invariant 0
2026-07-11T10:10:40,118 [zio-default-async-5] INFO  a.f.a.t.b.SeqModelChecker - State 9: state invariant 0 holds.
2026-07-11T10:10:40,122 [zio-default-async-5] DEBUG a.f.a.t.b.t.TransitionExecutorImpl - Step #9, transition #2
2026-07-11T10:10:40,122 [zio-default-async-5] DEBUG a.f.a.t.b.t.TransitionExecutorImpl - Translating to SMT
2026-07-11T10:10:40,129 [zio-default-async-5] DEBUG a.f.a.t.b.SeqModelChecker - Step 9: Transition #2. Is it enabled?
2026-07-11T10:10:40,201 [zio-default-async-5] DEBUG a.f.a.t.b.SeqModelChecker - Step 9: Transition #2 is enabled
2026-07-11T10:10:40,201 [zio-default-async-5] INFO  a.f.a.t.b.SeqModelChecker - State 9: Checking 1 state invariants
2026-07-11T10:10:40,201 [zio-default-async-5] DEBUG a.f.a.t.b.SeqModelChecker - State 9: Checking state invariant 0
2026-07-11T10:10:41,202 [zio-default-async-5] INFO  a.f.a.t.b.SeqModelChecker - State 9: state invariant 0 holds.
2026-07-11T10:10:41,208 [zio-default-async-5] DEBUG a.f.a.t.b.t.TransitionExecutorImpl - Step #9, transition #3
2026-07-11T10:10:41,208 [zio-default-async-5] DEBUG a.f.a.t.b.t.TransitionExecutorImpl - Translating to SMT
2026-07-11T10:10:41,217 [zio-default-async-5] DEBUG a.f.a.t.b.SeqModelChecker - Step 9: Transition #3. Is it enabled?
2026-07-11T10:10:41,889 [zio-default-async-5] DEBUG a.f.a.t.b.SeqModelChecker - Step 9: Transition #3 is enabled
2026-07-11T10:10:41,890 [zio-default-async-5] INFO  a.f.a.t.b.SeqModelChecker - State 9: Checking 1 state invariants
2026-07-11T10:10:41,890 [zio-default-async-5] DEBUG a.f.a.t.b.SeqModelChecker - State 9: Checking state invariant 0
2026-07-11T10:10:41,900 [zio-default-async-5] INFO  a.f.a.t.b.SeqModelChecker - State 9: state invariant 0 holds.
2026-07-11T10:10:41,904 [zio-default-async-5] DEBUG a.f.a.t.b.t.TransitionExecutorImpl - Step #9, transition #4
2026-07-11T10:10:41,904 [zio-default-async-5] DEBUG a.f.a.t.b.t.TransitionExecutorImpl - Translating to SMT
2026-07-11T10:10:41,928 [zio-default-async-5] DEBUG a.f.a.t.b.SeqModelChecker - Step 9: Transition #4. Is it enabled?
2026-07-11T10:10:44,392 [zio-default-async-5] DEBUG a.f.a.t.b.SeqModelChecker - Step 9: Transition #4 is enabled
2026-07-11T10:10:44,392 [zio-default-async-5] INFO  a.f.a.t.b.SeqModelChecker - State 9: Checking 1 state invariants
2026-07-11T10:10:44,392 [zio-default-async-5] DEBUG a.f.a.t.b.SeqModelChecker - State 9: Checking state invariant 0
2026-07-11T10:10:44,933 [zio-default-async-5] INFO  a.f.a.t.b.SeqModelChecker - State 9: state invariant 0 holds.
2026-07-11T10:10:44,940 [zio-default-async-5] DEBUG a.f.a.t.b.t.TransitionExecutorImpl - Step #9, transition #5
2026-07-11T10:10:44,940 [zio-default-async-5] DEBUG a.f.a.t.b.t.TransitionExecutorImpl - Translating to SMT
2026-07-11T10:10:44,966 [zio-default-async-5] DEBUG a.f.a.t.b.SeqModelChecker - Step 9: Transition #5. Is it enabled?
2026-07-11T10:10:46,363 [zio-default-async-5] DEBUG a.f.a.t.b.SeqModelChecker - Step 9: Transition #5 is enabled
2026-07-11T10:10:46,364 [zio-default-async-5] INFO  a.f.a.t.b.SeqModelChecker - State 9: Checking 1 state invariants
2026-07-11T10:10:46,364 [zio-default-async-5] DEBUG a.f.a.t.b.SeqModelChecker - State 9: Checking state invariant 0
2026-07-11T10:10:46,392 [zio-default-async-5] INFO  a.f.a.t.b.SeqModelChecker - State 9: state invariant 0 holds.
2026-07-11T10:10:46,398 [zio-default-async-5] DEBUG a.f.a.t.b.t.TransitionExecutorImpl - Step #9, transition #6
2026-07-11T10:10:46,398 [zio-default-async-5] DEBUG a.f.a.t.b.t.TransitionExecutorImpl - Translating to SMT
2026-07-11T10:10:46,425 [zio-default-async-5] DEBUG a.f.a.t.b.SeqModelChecker - Step 9: Transition #6. Is it enabled?
2026-07-11T10:10:49,337 [zio-default-async-5] DEBUG a.f.a.t.b.SeqModelChecker - Step 9: Transition #6 is enabled
2026-07-11T10:10:49,337 [zio-default-async-5] INFO  a.f.a.t.b.SeqModelChecker - State 9: Checking 1 state invariants
2026-07-11T10:10:49,337 [zio-default-async-5] DEBUG a.f.a.t.b.SeqModelChecker - State 9: Checking state invariant 0
2026-07-11T10:10:52,276 [zio-default-async-5] INFO  a.f.a.t.b.SeqModelChecker - State 9: state invariant 0 holds.
2026-07-11T10:10:52,282 [zio-default-async-5] DEBUG a.f.a.t.b.t.TransitionExecutorImpl - Step #9, transition #7
2026-07-11T10:10:52,282 [zio-default-async-5] DEBUG a.f.a.t.b.t.TransitionExecutorImpl - Translating to SMT
2026-07-11T10:10:52,300 [zio-default-async-5] DEBUG a.f.a.t.b.SeqModelChecker - Step 9: Transition #7. Is it enabled?
2026-07-11T10:10:54,208 [zio-default-async-5] DEBUG a.f.a.t.b.SeqModelChecker - Step 9: Transition #7 is enabled
2026-07-11T10:10:54,208 [zio-default-async-5] INFO  a.f.a.t.b.SeqModelChecker - State 9: Checking 1 state invariants
2026-07-11T10:10:54,208 [zio-default-async-5] DEBUG a.f.a.t.b.SeqModelChecker - State 9: Checking state invariant 0
2026-07-11T10:10:55,040 [zio-default-async-5] INFO  a.f.a.t.b.SeqModelChecker - State 9: state invariant 0 holds.
2026-07-11T10:10:55,047 [zio-default-async-5] DEBUG a.f.a.t.b.t.TransitionExecutorImpl - Step #9, transition #8
2026-07-11T10:10:55,047 [zio-default-async-5] DEBUG a.f.a.t.b.t.TransitionExecutorImpl - Translating to SMT
2026-07-11T10:10:55,093 [zio-default-async-5] DEBUG a.f.a.t.b.SeqModelChecker - Step 9: Transition #8. Is it enabled?
2026-07-11T10:10:58,595 [zio-default-async-5] DEBUG a.f.a.t.b.SeqModelChecker - Step 9: Transition #8 is enabled
2026-07-11T10:10:58,597 [zio-default-async-5] INFO  a.f.a.t.b.SeqModelChecker - State 9: Checking 1 state invariants
2026-07-11T10:10:58,597 [zio-default-async-5] DEBUG a.f.a.t.b.SeqModelChecker - State 9: Checking state invariant 0
2026-07-11T10:11:04,194 [zio-default-async-5] INFO  a.f.a.t.b.SeqModelChecker - State 9: state invariant 0 holds.
2026-07-11T10:11:04,201 [zio-default-async-5] DEBUG a.f.a.t.b.t.TransitionExecutorImpl - Step #9, transition #9
2026-07-11T10:11:04,201 [zio-default-async-5] DEBUG a.f.a.t.b.t.TransitionExecutorImpl - Translating to SMT
2026-07-11T10:11:04,224 [zio-default-async-5] DEBUG a.f.a.t.b.SeqModelChecker - Step 9: Transition #9. Is it enabled?
2026-07-11T10:11:06,050 [zio-default-async-5] DEBUG a.f.a.t.b.SeqModelChecker - Step 9: Transition #9 is enabled
2026-07-11T10:11:06,050 [zio-default-async-5] INFO  a.f.a.t.b.SeqModelChecker - State 9: Checking 1 state invariants
2026-07-11T10:11:06,050 [zio-default-async-5] DEBUG a.f.a.t.b.SeqModelChecker - State 9: Checking state invariant 0
2026-07-11T10:11:06,237 [zio-default-async-5] INFO  a.f.a.t.b.SeqModelChecker - State 9: state invariant 0 holds.
2026-07-11T10:11:06,244 [zio-default-async-5] DEBUG a.f.a.t.b.t.TransitionExecutorImpl - Step #9, transition #10
2026-07-11T10:11:06,244 [zio-default-async-5] DEBUG a.f.a.t.b.t.TransitionExecutorImpl - Translating to SMT
2026-07-11T10:11:06,256 [zio-default-async-5] DEBUG a.f.a.t.b.SeqModelChecker - Step 9: Transition #10. Is it enabled?
2026-07-11T10:11:08,110 [zio-default-async-5] DEBUG a.f.a.t.b.SeqModelChecker - Step 9: Transition #10 is enabled
2026-07-11T10:11:08,111 [zio-default-async-5] INFO  a.f.a.t.b.SeqModelChecker - State 9: Checking 1 state invariants
2026-07-11T10:11:08,111 [zio-default-async-5] DEBUG a.f.a.t.b.SeqModelChecker - State 9: Checking state invariant 0
2026-07-11T10:11:18,303 [zio-default-async-5] INFO  a.f.a.t.b.SeqModelChecker - State 9: state invariant 0 holds.
2026-07-11T10:11:18,311 [zio-default-async-5] DEBUG a.f.a.t.b.t.TransitionExecutorImpl - Step #9, transition #11
2026-07-11T10:11:18,311 [zio-default-async-5] DEBUG a.f.a.t.b.t.TransitionExecutorImpl - Translating to SMT
2026-07-11T10:11:18,323 [zio-default-async-5] DEBUG a.f.a.t.b.SeqModelChecker - Step 9: Transition #11. Is it enabled?
2026-07-11T10:11:20,217 [zio-default-async-5] DEBUG a.f.a.t.b.SeqModelChecker - Step 9: Transition #11 is enabled
2026-07-11T10:11:20,218 [zio-default-async-5] INFO  a.f.a.t.b.SeqModelChecker - State 9: Checking 1 state invariants
2026-07-11T10:11:20,218 [zio-default-async-5] DEBUG a.f.a.t.b.SeqModelChecker - State 9: Checking state invariant 0
2026-07-11T10:11:22,897 [zio-default-async-5] INFO  a.f.a.t.b.SeqModelChecker - State 9: state invariant 0 holds.
2026-07-11T10:11:22,905 [zio-default-async-5] DEBUG a.f.a.t.b.t.TransitionExecutorImpl - Step #9, transition #12
2026-07-11T10:11:22,905 [zio-default-async-5] DEBUG a.f.a.t.b.t.TransitionExecutorImpl - Translating to SMT
2026-07-11T10:11:22,922 [zio-default-async-5] DEBUG a.f.a.t.b.SeqModelChecker - Step 9: Transition #12. Is it enabled?
2026-07-11T10:11:27,489 [zio-default-async-5] DEBUG a.f.a.t.b.SeqModelChecker - Step 9: Transition #12 is enabled
2026-07-11T10:11:27,489 [zio-default-async-5] INFO  a.f.a.t.b.SeqModelChecker - State 9: Checking 1 state invariants
2026-07-11T10:11:27,489 [zio-default-async-5] DEBUG a.f.a.t.b.SeqModelChecker - State 9: Checking state invariant 0
2026-07-11T10:11:28,086 [zio-default-async-5] INFO  a.f.a.t.b.SeqModelChecker - State 9: state invariant 0 holds.
2026-07-11T10:11:28,093 [zio-default-async-5] DEBUG a.f.a.t.b.t.TransitionExecutorImpl - Step #9, transition #13
2026-07-11T10:11:28,093 [zio-default-async-5] DEBUG a.f.a.t.b.t.TransitionExecutorImpl - Translating to SMT
2026-07-11T10:11:28,109 [zio-default-async-5] DEBUG a.f.a.t.b.SeqModelChecker - Step 9: Transition #13. Is it enabled?
2026-07-11T10:11:30,759 [zio-default-async-5] DEBUG a.f.a.t.b.SeqModelChecker - Step 9: Transition #13 is enabled
2026-07-11T10:11:30,760 [zio-default-async-5] INFO  a.f.a.t.b.SeqModelChecker - State 9: Checking 1 state invariants
2026-07-11T10:11:30,760 [zio-default-async-5] DEBUG a.f.a.t.b.SeqModelChecker - State 9: Checking state invariant 0
2026-07-11T10:11:30,844 [zio-default-async-5] INFO  a.f.a.t.b.SeqModelChecker - State 9: state invariant 0 holds.
2026-07-11T10:11:30,854 [zio-default-async-5] DEBUG a.f.a.t.b.t.TransitionExecutorImpl - Step #9, transition #14
2026-07-11T10:11:30,854 [zio-default-async-5] DEBUG a.f.a.t.b.t.TransitionExecutorImpl - Translating to SMT
2026-07-11T10:11:30,864 [zio-default-async-5] DEBUG a.f.a.t.b.SeqModelChecker - Step 9: Transition #14. Is it enabled?
2026-07-11T10:11:32,435 [zio-default-async-5] DEBUG a.f.a.t.b.SeqModelChecker - Step 9: Transition #14 is enabled
2026-07-11T10:11:32,435 [zio-default-async-5] INFO  a.f.a.t.b.SeqModelChecker - State 9: Checking 1 state invariants
2026-07-11T10:11:32,435 [zio-default-async-5] DEBUG a.f.a.t.b.SeqModelChecker - State 9: Checking state invariant 0
2026-07-11T10:11:33,042 [zio-default-async-5] INFO  a.f.a.t.b.SeqModelChecker - State 9: state invariant 0 holds.
2026-07-11T10:11:33,049 [zio-default-async-5] DEBUG a.f.a.t.b.t.TransitionExecutorImpl - Step #9, transition #15
2026-07-11T10:11:33,049 [zio-default-async-5] DEBUG a.f.a.t.b.t.TransitionExecutorImpl - Translating to SMT
2026-07-11T10:11:33,060 [zio-default-async-5] DEBUG a.f.a.t.b.SeqModelChecker - Step 9: Transition #15. Is it enabled?
2026-07-11T10:11:34,524 [zio-default-async-5] DEBUG a.f.a.t.b.SeqModelChecker - Step 9: Transition #15 is enabled
2026-07-11T10:11:34,524 [zio-default-async-5] INFO  a.f.a.t.b.SeqModelChecker - State 9: Checking 1 state invariants
2026-07-11T10:11:34,524 [zio-default-async-5] DEBUG a.f.a.t.b.SeqModelChecker - State 9: Checking state invariant 0
2026-07-11T10:11:34,540 [zio-default-async-5] INFO  a.f.a.t.b.SeqModelChecker - State 9: state invariant 0 holds.
2026-07-11T10:11:34,545 [zio-default-async-5] DEBUG a.f.a.t.b.t.TransitionExecutorImpl - Step #9, transition #16
2026-07-11T10:11:34,545 [zio-default-async-5] DEBUG a.f.a.t.b.t.TransitionExecutorImpl - Translating to SMT
2026-07-11T10:11:34,553 [zio-default-async-5] DEBUG a.f.a.t.b.SeqModelChecker - Step 9: Transition #16. Is it enabled?
2026-07-11T10:11:34,702 [zio-default-async-5] DEBUG a.f.a.t.b.SeqModelChecker - Step 9: Transition #16 is enabled
2026-07-11T10:11:34,702 [zio-default-async-5] INFO  a.f.a.t.b.SeqModelChecker - State 9: Checking 1 state invariants
2026-07-11T10:11:34,702 [zio-default-async-5] DEBUG a.f.a.t.b.SeqModelChecker - State 9: Checking state invariant 0
2026-07-11T10:11:42,029 [zio-default-async-5] INFO  a.f.a.t.b.SeqModelChecker - State 9: state invariant 0 holds.
2026-07-11T10:11:42,035 [zio-default-async-5] DEBUG a.f.a.t.b.t.TransitionExecutorImpl - Step #9, transition #17
2026-07-11T10:11:42,036 [zio-default-async-5] DEBUG a.f.a.t.b.t.TransitionExecutorImpl - Translating to SMT
2026-07-11T10:11:42,042 [zio-default-async-5] DEBUG a.f.a.t.b.SeqModelChecker - Step 9: Transition #17. Is it enabled?
2026-07-11T10:11:43,211 [zio-default-async-5] DEBUG a.f.a.t.b.SeqModelChecker - Step 9: Transition #17 is enabled
2026-07-11T10:11:43,211 [zio-default-async-5] INFO  a.f.a.t.b.SeqModelChecker - State 9: Checking 1 state invariants
2026-07-11T10:11:43,211 [zio-default-async-5] DEBUG a.f.a.t.b.SeqModelChecker - State 9: Checking state invariant 0
2026-07-11T10:11:46,161 [zio-default-async-5] INFO  a.f.a.t.b.SeqModelChecker - State 9: state invariant 0 holds.
2026-07-11T10:11:46,167 [zio-default-async-5] DEBUG a.f.a.t.b.t.TransitionExecutorImpl - Step #9, transition #18
2026-07-11T10:11:46,167 [zio-default-async-5] DEBUG a.f.a.t.b.t.TransitionExecutorImpl - Translating to SMT
2026-07-11T10:11:46,176 [zio-default-async-5] DEBUG a.f.a.t.b.SeqModelChecker - Step 9: Transition #18. Is it enabled?
2026-07-11T10:11:47,972 [zio-default-async-5] DEBUG a.f.a.t.b.SeqModelChecker - Step 9: Transition #18 is enabled
2026-07-11T10:11:47,973 [zio-default-async-5] INFO  a.f.a.t.b.SeqModelChecker - State 9: Checking 1 state invariants
2026-07-11T10:11:47,973 [zio-default-async-5] DEBUG a.f.a.t.b.SeqModelChecker - State 9: Checking state invariant 0
2026-07-11T10:11:48,786 [zio-default-async-5] INFO  a.f.a.t.b.SeqModelChecker - State 9: state invariant 0 holds.
2026-07-11T10:11:48,791 [zio-default-async-5] DEBUG a.f.a.t.b.t.TransitionExecutorImpl - Step #9, transition #19
2026-07-11T10:11:48,791 [zio-default-async-5] DEBUG a.f.a.t.b.t.TransitionExecutorImpl - Translating to SMT
2026-07-11T10:11:48,799 [zio-default-async-5] DEBUG a.f.a.t.b.SeqModelChecker - Step 9: Transition #19. Is it enabled?
2026-07-11T10:11:49,383 [zio-default-async-5] DEBUG a.f.a.t.b.SeqModelChecker - Step 9: Transition #19 is enabled
2026-07-11T10:11:49,383 [zio-default-async-5] INFO  a.f.a.t.b.SeqModelChecker - State 9: Checking 1 state invariants
2026-07-11T10:11:49,383 [zio-default-async-5] DEBUG a.f.a.t.b.SeqModelChecker - State 9: Checking state invariant 0
2026-07-11T10:11:49,396 [zio-default-async-5] INFO  a.f.a.t.b.SeqModelChecker - State 9: state invariant 0 holds.
2026-07-11T10:11:49,401 [zio-default-async-5] DEBUG a.f.a.t.b.t.TransitionExecutorImpl - Step #9, transition #20
2026-07-11T10:11:49,401 [zio-default-async-5] DEBUG a.f.a.t.b.t.TransitionExecutorImpl - Translating to SMT
2026-07-11T10:11:49,407 [zio-default-async-5] DEBUG a.f.a.t.b.SeqModelChecker - Step 9: Transition #20. Is it enabled?
2026-07-11T10:11:50,705 [zio-default-async-5] DEBUG a.f.a.t.b.SeqModelChecker - Step 9: Transition #20 is enabled
2026-07-11T10:11:50,705 [zio-default-async-5] INFO  a.f.a.t.b.SeqModelChecker - State 9: Checking 1 state invariants
2026-07-11T10:11:50,705 [zio-default-async-5] DEBUG a.f.a.t.b.SeqModelChecker - State 9: Checking state invariant 0
2026-07-11T10:12:03,043 [zio-default-async-5] INFO  a.f.a.t.b.SeqModelChecker - State 9: state invariant 0 holds.
2026-07-11T10:12:03,060 [zio-default-async-5] DEBUG a.f.a.t.b.t.TransitionExecutorImpl - Step #9, transition #21
2026-07-11T10:12:03,061 [zio-default-async-5] DEBUG a.f.a.t.b.t.TransitionExecutorImpl - Translating to SMT
2026-07-11T10:12:03,075 [zio-default-async-5] DEBUG a.f.a.t.b.SeqModelChecker - Step 9: Transition #21. Is it enabled?
2026-07-11T10:12:07,041 [zio-default-async-5] DEBUG a.f.a.t.b.SeqModelChecker - Step 9: Transition #21 is enabled
2026-07-11T10:12:07,043 [zio-default-async-5] INFO  a.f.a.t.b.SeqModelChecker - State 9: Checking 1 state invariants
2026-07-11T10:12:07,043 [zio-default-async-5] DEBUG a.f.a.t.b.SeqModelChecker - State 9: Checking state invariant 0
2026-07-11T10:12:09,886 [zio-default-async-5] INFO  a.f.a.t.b.SeqModelChecker - State 9: state invariant 0 holds.
2026-07-11T10:12:09,896 [zio-default-async-5] INFO  a.f.a.t.b.t.TransitionExecutorImpl - Step 9: picking a transition out of 22 transition(s)
2026-07-11T10:12:10,097 [zio-default-async-5] DEBUG a.f.a.t.b.t.TransitionExecutorImpl - Step #10, transition #0
2026-07-11T10:12:10,098 [zio-default-async-5] DEBUG a.f.a.t.b.t.TransitionExecutorImpl - Translating to SMT
2026-07-11T10:12:10,111 [zio-default-async-5] DEBUG a.f.a.t.b.SeqModelChecker - Step 10: Transition #0. Is it enabled?
2026-07-11T10:12:13,896 [zio-default-async-5] DEBUG a.f.a.t.b.SeqModelChecker - Step 10: Transition #0 is enabled
2026-07-11T10:12:13,897 [zio-default-async-5] INFO  a.f.a.t.b.SeqModelChecker - State 10: Checking 1 state invariants
2026-07-11T10:12:13,897 [zio-default-async-5] DEBUG a.f.a.t.b.SeqModelChecker - State 10: Checking state invariant 0
2026-07-11T10:12:14,541 [zio-default-async-5] INFO  a.f.a.t.b.SeqModelChecker - State 10: state invariant 0 holds.
2026-07-11T10:12:14,554 [zio-default-async-5] DEBUG a.f.a.t.b.t.TransitionExecutorImpl - Step #10, transition #1
2026-07-11T10:12:14,555 [zio-default-async-5] DEBUG a.f.a.t.b.t.TransitionExecutorImpl - Translating to SMT
2026-07-11T10:12:14,571 [zio-default-async-5] DEBUG a.f.a.t.b.SeqModelChecker - Step 10: Transition #1. Is it enabled?
2026-07-11T10:12:17,249 [zio-default-async-5] DEBUG a.f.a.t.b.SeqModelChecker - Step 10: Transition #1 is enabled
2026-07-11T10:12:17,251 [zio-default-async-5] INFO  a.f.a.t.b.SeqModelChecker - State 10: Checking 1 state invariants
2026-07-11T10:12:17,251 [zio-default-async-5] DEBUG a.f.a.t.b.SeqModelChecker - State 10: Checking state invariant 0
2026-07-11T10:12:17,273 [zio-default-async-5] INFO  a.f.a.t.b.SeqModelChecker - State 10: state invariant 0 holds.
2026-07-11T10:12:17,283 [zio-default-async-5] DEBUG a.f.a.t.b.t.TransitionExecutorImpl - Step #10, transition #2
2026-07-11T10:12:17,284 [zio-default-async-5] DEBUG a.f.a.t.b.t.TransitionExecutorImpl - Translating to SMT
2026-07-11T10:12:17,306 [zio-default-async-5] DEBUG a.f.a.t.b.SeqModelChecker - Step 10: Transition #2. Is it enabled?
2026-07-11T10:12:17,394 [zio-default-async-5] DEBUG a.f.a.t.b.SeqModelChecker - Step 10: Transition #2 is enabled
2026-07-11T10:12:17,395 [zio-default-async-5] INFO  a.f.a.t.b.SeqModelChecker - State 10: Checking 1 state invariants
2026-07-11T10:12:17,396 [zio-default-async-5] DEBUG a.f.a.t.b.SeqModelChecker - State 10: Checking state invariant 0
2026-07-11T10:12:19,102 [zio-default-async-5] INFO  a.f.a.t.b.SeqModelChecker - State 10: state invariant 0 holds.
2026-07-11T10:12:19,113 [zio-default-async-5] DEBUG a.f.a.t.b.t.TransitionExecutorImpl - Step #10, transition #3
2026-07-11T10:12:19,114 [zio-default-async-5] DEBUG a.f.a.t.b.t.TransitionExecutorImpl - Translating to SMT
2026-07-11T10:12:19,141 [zio-default-async-5] DEBUG a.f.a.t.b.SeqModelChecker - Step 10: Transition #3. Is it enabled?
2026-07-11T10:12:21,373 [zio-default-async-5] DEBUG a.f.a.t.b.SeqModelChecker - Step 10: Transition #3 is enabled
2026-07-11T10:12:21,373 [zio-default-async-5] INFO  a.f.a.t.b.SeqModelChecker - State 10: Checking 1 state invariants
2026-07-11T10:12:21,373 [zio-default-async-5] DEBUG a.f.a.t.b.SeqModelChecker - State 10: Checking state invariant 0
2026-07-11T10:12:21,387 [zio-default-async-5] INFO  a.f.a.t.b.SeqModelChecker - State 10: state invariant 0 holds.
2026-07-11T10:12:21,397 [zio-default-async-5] DEBUG a.f.a.t.b.t.TransitionExecutorImpl - Step #10, transition #4
2026-07-11T10:12:21,398 [zio-default-async-5] DEBUG a.f.a.t.b.t.TransitionExecutorImpl - Translating to SMT
2026-07-11T10:12:21,448 [zio-default-async-5] DEBUG a.f.a.t.b.SeqModelChecker - Step 10: Transition #4. Is it enabled?
2026-07-11T10:12:24,843 [zio-default-async-5] DEBUG a.f.a.t.b.SeqModelChecker - Step 10: Transition #4 is enabled
2026-07-11T10:12:24,843 [zio-default-async-5] INFO  a.f.a.t.b.SeqModelChecker - State 10: Checking 1 state invariants
2026-07-11T10:12:24,843 [zio-default-async-5] DEBUG a.f.a.t.b.SeqModelChecker - State 10: Checking state invariant 0
2026-07-11T10:12:26,151 [zio-default-async-5] INFO  a.f.a.t.b.SeqModelChecker - State 10: state invariant 0 holds.
2026-07-11T10:12:26,159 [zio-default-async-5] DEBUG a.f.a.t.b.t.TransitionExecutorImpl - Step #10, transition #5
2026-07-11T10:12:26,159 [zio-default-async-5] DEBUG a.f.a.t.b.t.TransitionExecutorImpl - Translating to SMT
2026-07-11T10:12:26,182 [zio-default-async-5] DEBUG a.f.a.t.b.SeqModelChecker - Step 10: Transition #5. Is it enabled?
2026-07-11T10:12:28,453 [zio-default-async-5] DEBUG a.f.a.t.b.SeqModelChecker - Step 10: Transition #5 is enabled
2026-07-11T10:12:28,454 [zio-default-async-5] INFO  a.f.a.t.b.SeqModelChecker - State 10: Checking 1 state invariants
2026-07-11T10:12:28,454 [zio-default-async-5] DEBUG a.f.a.t.b.SeqModelChecker - State 10: Checking state invariant 0
2026-07-11T10:12:28,489 [zio-default-async-5] INFO  a.f.a.t.b.SeqModelChecker - State 10: state invariant 0 holds.
2026-07-11T10:12:28,494 [zio-default-async-5] DEBUG a.f.a.t.b.t.TransitionExecutorImpl - Step #10, transition #6
2026-07-11T10:12:28,494 [zio-default-async-5] DEBUG a.f.a.t.b.t.TransitionExecutorImpl - Translating to SMT
2026-07-11T10:12:28,512 [zio-default-async-5] DEBUG a.f.a.t.b.SeqModelChecker - Step 10: Transition #6. Is it enabled?
2026-07-11T10:12:28,668 [zio-default-async-5] DEBUG a.f.a.t.b.SeqModelChecker - Step 10: Transition #6 is enabled
2026-07-11T10:12:28,668 [zio-default-async-5] INFO  a.f.a.t.b.SeqModelChecker - State 10: Checking 1 state invariants
2026-07-11T10:12:28,668 [zio-default-async-5] DEBUG a.f.a.t.b.SeqModelChecker - State 10: Checking state invariant 0
2026-07-11T10:12:33,788 [zio-default-async-5] INFO  a.f.a.t.b.SeqModelChecker - State 10: state invariant 0 holds.
2026-07-11T10:12:33,796 [zio-default-async-5] DEBUG a.f.a.t.b.t.TransitionExecutorImpl - Step #10, transition #7
2026-07-11T10:12:33,796 [zio-default-async-5] DEBUG a.f.a.t.b.t.TransitionExecutorImpl - Translating to SMT
2026-07-11T10:12:33,816 [zio-default-async-5] DEBUG a.f.a.t.b.SeqModelChecker - Step 10: Transition #7. Is it enabled?
2026-07-11T10:12:36,277 [zio-default-async-5] DEBUG a.f.a.t.b.SeqModelChecker - Step 10: Transition #7 is enabled
2026-07-11T10:12:36,277 [zio-default-async-5] INFO  a.f.a.t.b.SeqModelChecker - State 10: Checking 1 state invariants
2026-07-11T10:12:36,277 [zio-default-async-5] DEBUG a.f.a.t.b.SeqModelChecker - State 10: Checking state invariant 0
2026-07-11T10:12:37,529 [zio-default-async-5] INFO  a.f.a.t.b.SeqModelChecker - State 10: state invariant 0 holds.
2026-07-11T10:12:37,538 [zio-default-async-5] DEBUG a.f.a.t.b.t.TransitionExecutorImpl - Step #10, transition #8
2026-07-11T10:12:37,538 [zio-default-async-5] DEBUG a.f.a.t.b.t.TransitionExecutorImpl - Translating to SMT
2026-07-11T10:12:37,562 [zio-default-async-5] DEBUG a.f.a.t.b.SeqModelChecker - Step 10: Transition #8. Is it enabled?
2026-07-11T10:12:42,446 [zio-default-async-5] DEBUG a.f.a.t.b.SeqModelChecker - Step 10: Transition #8 is enabled
2026-07-11T10:12:42,446 [zio-default-async-5] INFO  a.f.a.t.b.SeqModelChecker - State 10: Checking 1 state invariants
2026-07-11T10:12:42,446 [zio-default-async-5] DEBUG a.f.a.t.b.SeqModelChecker - State 10: Checking state invariant 0
2026-07-11T10:12:44,648 [zio-default-async-5] INFO  a.f.a.t.b.SeqModelChecker - State 10: state invariant 0 holds.
2026-07-11T10:12:44,659 [zio-default-async-5] DEBUG a.f.a.t.b.t.TransitionExecutorImpl - Step #10, transition #9
2026-07-11T10:12:44,659 [zio-default-async-5] DEBUG a.f.a.t.b.t.TransitionExecutorImpl - Translating to SMT
2026-07-11T10:12:44,683 [zio-default-async-5] DEBUG a.f.a.t.b.SeqModelChecker - Step 10: Transition #9. Is it enabled?
2026-07-11T10:12:48,377 [zio-default-async-5] DEBUG a.f.a.t.b.SeqModelChecker - Step 10: Transition #9 is enabled
2026-07-11T10:12:48,377 [zio-default-async-5] INFO  a.f.a.t.b.SeqModelChecker - State 10: Checking 1 state invariants
2026-07-11T10:12:48,377 [zio-default-async-5] DEBUG a.f.a.t.b.SeqModelChecker - State 10: Checking state invariant 0
2026-07-11T10:12:48,603 [zio-default-async-5] INFO  a.f.a.t.b.SeqModelChecker - State 10: state invariant 0 holds.
2026-07-11T10:12:48,610 [zio-default-async-5] DEBUG a.f.a.t.b.t.TransitionExecutorImpl - Step #10, transition #10
2026-07-11T10:12:48,610 [zio-default-async-5] DEBUG a.f.a.t.b.t.TransitionExecutorImpl - Translating to SMT
2026-07-11T10:12:48,626 [zio-default-async-5] DEBUG a.f.a.t.b.SeqModelChecker - Step 10: Transition #10. Is it enabled?
2026-07-11T10:12:50,419 [zio-default-async-5] DEBUG a.f.a.t.b.SeqModelChecker - Step 10: Transition #10 is enabled
2026-07-11T10:12:50,420 [zio-default-async-5] INFO  a.f.a.t.b.SeqModelChecker - State 10: Checking 1 state invariants
2026-07-11T10:12:50,420 [zio-default-async-5] DEBUG a.f.a.t.b.SeqModelChecker - State 10: Checking state invariant 0
2026-07-11T10:13:02,402 [zio-default-async-5] INFO  a.f.a.t.b.SeqModelChecker - State 10: state invariant 0 holds.
2026-07-11T10:13:02,414 [zio-default-async-5] DEBUG a.f.a.t.b.t.TransitionExecutorImpl - Step #10, transition #11
2026-07-11T10:13:02,414 [zio-default-async-5] DEBUG a.f.a.t.b.t.TransitionExecutorImpl - Translating to SMT
2026-07-11T10:13:02,430 [zio-default-async-5] DEBUG a.f.a.t.b.SeqModelChecker - Step 10: Transition #11. Is it enabled?
2026-07-11T10:13:04,693 [zio-default-async-5] DEBUG a.f.a.t.b.SeqModelChecker - Step 10: Transition #11 is enabled
2026-07-11T10:13:04,693 [zio-default-async-5] INFO  a.f.a.t.b.SeqModelChecker - State 10: Checking 1 state invariants
2026-07-11T10:13:04,693 [zio-default-async-5] DEBUG a.f.a.t.b.SeqModelChecker - State 10: Checking state invariant 0
2026-07-11T10:13:10,379 [zio-default-async-5] INFO  a.f.a.t.b.SeqModelChecker - State 10: state invariant 0 holds.
2026-07-11T10:13:10,392 [zio-default-async-5] DEBUG a.f.a.t.b.t.TransitionExecutorImpl - Step #10, transition #12
2026-07-11T10:13:10,392 [zio-default-async-5] DEBUG a.f.a.t.b.t.TransitionExecutorImpl - Translating to SMT
2026-07-11T10:13:10,416 [zio-default-async-5] DEBUG a.f.a.t.b.SeqModelChecker - Step 10: Transition #12. Is it enabled?
2026-07-11T10:13:16,323 [zio-default-async-5] DEBUG a.f.a.t.b.SeqModelChecker - Step 10: Transition #12 is enabled
2026-07-11T10:13:16,323 [zio-default-async-5] INFO  a.f.a.t.b.SeqModelChecker - State 10: Checking 1 state invariants
2026-07-11T10:13:16,323 [zio-default-async-5] DEBUG a.f.a.t.b.SeqModelChecker - State 10: Checking state invariant 0
2026-07-11T10:13:17,044 [zio-default-async-5] INFO  a.f.a.t.b.SeqModelChecker - State 10: state invariant 0 holds.
2026-07-11T10:13:17,055 [zio-default-async-5] DEBUG a.f.a.t.b.t.TransitionExecutorImpl - Step #10, transition #13
2026-07-11T10:13:17,055 [zio-default-async-5] DEBUG a.f.a.t.b.t.TransitionExecutorImpl - Translating to SMT
2026-07-11T10:13:17,078 [zio-default-async-5] DEBUG a.f.a.t.b.SeqModelChecker - Step 10: Transition #13. Is it enabled?
2026-07-11T10:13:19,676 [zio-default-async-5] DEBUG a.f.a.t.b.SeqModelChecker - Step 10: Transition #13 is enabled
2026-07-11T10:13:19,676 [zio-default-async-5] INFO  a.f.a.t.b.SeqModelChecker - State 10: Checking 1 state invariants
2026-07-11T10:13:19,676 [zio-default-async-5] DEBUG a.f.a.t.b.SeqModelChecker - State 10: Checking state invariant 0
2026-07-11T10:13:19,730 [zio-default-async-5] INFO  a.f.a.t.b.SeqModelChecker - State 10: state invariant 0 holds.
2026-07-11T10:13:19,736 [zio-default-async-5] DEBUG a.f.a.t.b.t.TransitionExecutorImpl - Step #10, transition #14
2026-07-11T10:13:19,737 [zio-default-async-5] DEBUG a.f.a.t.b.t.TransitionExecutorImpl - Translating to SMT
2026-07-11T10:13:19,745 [zio-default-async-5] DEBUG a.f.a.t.b.SeqModelChecker - Step 10: Transition #14. Is it enabled?
2026-07-11T10:13:22,258 [zio-default-async-5] DEBUG a.f.a.t.b.SeqModelChecker - Step 10: Transition #14 is enabled
2026-07-11T10:13:22,258 [zio-default-async-5] INFO  a.f.a.t.b.SeqModelChecker - State 10: Checking 1 state invariants
2026-07-11T10:13:22,258 [zio-default-async-5] DEBUG a.f.a.t.b.SeqModelChecker - State 10: Checking state invariant 0
2026-07-11T10:13:23,130 [zio-default-async-5] INFO  a.f.a.t.b.SeqModelChecker - State 10: state invariant 0 holds.
2026-07-11T10:13:23,139 [zio-default-async-5] DEBUG a.f.a.t.b.t.TransitionExecutorImpl - Step #10, transition #15
2026-07-11T10:13:23,140 [zio-default-async-5] DEBUG a.f.a.t.b.t.TransitionExecutorImpl - Translating to SMT
2026-07-11T10:13:23,147 [zio-default-async-5] DEBUG a.f.a.t.b.SeqModelChecker - Step 10: Transition #15. Is it enabled?
2026-07-11T10:13:25,531 [zio-default-async-5] DEBUG a.f.a.t.b.SeqModelChecker - Step 10: Transition #15 is enabled
2026-07-11T10:13:25,532 [zio-default-async-5] INFO  a.f.a.t.b.SeqModelChecker - State 10: Checking 1 state invariants
2026-07-11T10:13:25,533 [zio-default-async-5] DEBUG a.f.a.t.b.SeqModelChecker - State 10: Checking state invariant 0
2026-07-11T10:13:25,562 [zio-default-async-5] INFO  a.f.a.t.b.SeqModelChecker - State 10: state invariant 0 holds.
2026-07-11T10:13:25,573 [zio-default-async-5] DEBUG a.f.a.t.b.t.TransitionExecutorImpl - Step #10, transition #16
2026-07-11T10:13:25,574 [zio-default-async-5] DEBUG a.f.a.t.b.t.TransitionExecutorImpl - Translating to SMT
2026-07-11T10:13:25,590 [zio-default-async-5] DEBUG a.f.a.t.b.SeqModelChecker - Step 10: Transition #16. Is it enabled?
2026-07-11T10:13:30,322 [zio-default-async-5] DEBUG a.f.a.t.b.SeqModelChecker - Step 10: Transition #16 is enabled
2026-07-11T10:13:30,323 [zio-default-async-5] INFO  a.f.a.t.b.SeqModelChecker - State 10: Checking 1 state invariants
2026-07-11T10:13:30,323 [zio-default-async-5] DEBUG a.f.a.t.b.SeqModelChecker - State 10: Checking state invariant 0
2026-07-11T10:13:41,043 [zio-default-async-5] INFO  a.f.a.t.b.SeqModelChecker - State 10: state invariant 0 holds.
2026-07-11T10:13:41,056 [zio-default-async-5] DEBUG a.f.a.t.b.t.TransitionExecutorImpl - Step #10, transition #17
2026-07-11T10:13:41,056 [zio-default-async-5] DEBUG a.f.a.t.b.t.TransitionExecutorImpl - Translating to SMT
2026-07-11T10:13:41,065 [zio-default-async-5] DEBUG a.f.a.t.b.SeqModelChecker - Step 10: Transition #17. Is it enabled?
2026-07-11T10:13:43,041 [zio-default-async-5] DEBUG a.f.a.t.b.SeqModelChecker - Step 10: Transition #17 is enabled
2026-07-11T10:13:43,041 [zio-default-async-5] INFO  a.f.a.t.b.SeqModelChecker - State 10: Checking 1 state invariants
2026-07-11T10:13:43,041 [zio-default-async-5] DEBUG a.f.a.t.b.SeqModelChecker - State 10: Checking state invariant 0
2026-07-11T10:13:47,249 [zio-default-async-5] INFO  a.f.a.t.b.SeqModelChecker - State 10: state invariant 0 holds.
2026-07-11T10:13:47,258 [zio-default-async-5] DEBUG a.f.a.t.b.t.TransitionExecutorImpl - Step #10, transition #18
2026-07-11T10:13:47,258 [zio-default-async-5] DEBUG a.f.a.t.b.t.TransitionExecutorImpl - Translating to SMT
2026-07-11T10:13:47,266 [zio-default-async-5] DEBUG a.f.a.t.b.SeqModelChecker - Step 10: Transition #18. Is it enabled?
2026-07-11T10:13:50,373 [zio-default-async-5] DEBUG a.f.a.t.b.SeqModelChecker - Step 10: Transition #18 is enabled
2026-07-11T10:13:50,374 [zio-default-async-5] INFO  a.f.a.t.b.SeqModelChecker - State 10: Checking 1 state invariants
2026-07-11T10:13:50,374 [zio-default-async-5] DEBUG a.f.a.t.b.SeqModelChecker - State 10: Checking state invariant 0
2026-07-11T10:13:51,201 [zio-default-async-5] INFO  a.f.a.t.b.SeqModelChecker - State 10: state invariant 0 holds.
2026-07-11T10:13:51,208 [zio-default-async-5] DEBUG a.f.a.t.b.t.TransitionExecutorImpl - Step #10, transition #19
2026-07-11T10:13:51,208 [zio-default-async-5] DEBUG a.f.a.t.b.t.TransitionExecutorImpl - Translating to SMT
2026-07-11T10:13:51,227 [zio-default-async-5] DEBUG a.f.a.t.b.SeqModelChecker - Step 10: Transition #19. Is it enabled?
2026-07-11T10:13:53,930 [zio-default-async-5] DEBUG a.f.a.t.b.SeqModelChecker - Step 10: Transition #19 is enabled
2026-07-11T10:13:53,931 [zio-default-async-5] INFO  a.f.a.t.b.SeqModelChecker - State 10: Checking 1 state invariants
2026-07-11T10:13:53,931 [zio-default-async-5] DEBUG a.f.a.t.b.SeqModelChecker - State 10: Checking state invariant 0
2026-07-11T10:13:53,948 [zio-default-async-5] INFO  a.f.a.t.b.SeqModelChecker - State 10: state invariant 0 holds.
2026-07-11T10:13:53,954 [zio-default-async-5] DEBUG a.f.a.t.b.t.TransitionExecutorImpl - Step #10, transition #20
2026-07-11T10:13:53,954 [zio-default-async-5] DEBUG a.f.a.t.b.t.TransitionExecutorImpl - Translating to SMT
2026-07-11T10:13:53,961 [zio-default-async-5] DEBUG a.f.a.t.b.SeqModelChecker - Step 10: Transition #20. Is it enabled?
2026-07-11T10:13:55,761 [zio-default-async-5] DEBUG a.f.a.t.b.SeqModelChecker - Step 10: Transition #20 is enabled
2026-07-11T10:13:55,762 [zio-default-async-5] INFO  a.f.a.t.b.SeqModelChecker - State 10: Checking 1 state invariants
2026-07-11T10:13:55,762 [zio-default-async-5] DEBUG a.f.a.t.b.SeqModelChecker - State 10: Checking state invariant 0
2026-07-11T10:14:08,839 [zio-default-async-5] INFO  a.f.a.t.b.SeqModelChecker - State 10: state invariant 0 holds.
2026-07-11T10:14:08,849 [zio-default-async-5] DEBUG a.f.a.t.b.t.TransitionExecutorImpl - Step #10, transition #21
2026-07-11T10:14:08,849 [zio-default-async-5] DEBUG a.f.a.t.b.t.TransitionExecutorImpl - Translating to SMT
2026-07-11T10:14:08,855 [zio-default-async-5] DEBUG a.f.a.t.b.SeqModelChecker - Step 10: Transition #21. Is it enabled?
2026-07-11T10:14:11,017 [zio-default-async-5] DEBUG a.f.a.t.b.SeqModelChecker - Step 10: Transition #21 is enabled
2026-07-11T10:14:11,017 [zio-default-async-5] INFO  a.f.a.t.b.SeqModelChecker - State 10: Checking 1 state invariants
2026-07-11T10:14:11,017 [zio-default-async-5] DEBUG a.f.a.t.b.SeqModelChecker - State 10: Checking state invariant 0
2026-07-11T10:14:16,081 [zio-default-async-5] INFO  a.f.a.t.b.SeqModelChecker - State 10: state invariant 0 holds.
2026-07-11T10:14:16,088 [zio-default-async-5] INFO  a.f.a.t.b.t.TransitionExecutorImpl - Step 10: picking a transition out of 22 transition(s)
2026-07-11T10:14:16,177 [zio-default-async-5] DEBUG a.f.a.t.b.s.Z3SolverContext - Disposing Z3 solver context 0
2026-07-11T10:14:16,254 [zio-default-async-5] INFO  a.f.a.t.b.p.BoundedCheckerPassImpl - The outcome is: NoError
2026-07-11T10:14:16,254 [zio-default-async-5] DEBUG a.f.a.i.p.PassChainExecutor - PASS #13: BoundedChecker [OK]
