2026-07-11T10:22:24,748 [main] INFO  a.f.a.t.Tool$ - # APALACHE version: 0.56.1 | build: 70cdaf4
2026-07-11T10:22:24,760 [main] INFO  a.f.a.t.t.o.ServerCmd - Starting checker server on port 8822...
2026-07-11T10:22:27,687 [zio-default-async-5] INFO  a.f.a.i.p.PassChainExecutor - PASS #0: SanyParser
2026-07-11T10:22:28,349 [zio-default-async-5] DEBUG a.f.a.i.p.PassChainExecutor - PASS #0: SanyParser [OK]
2026-07-11T10:22:28,350 [zio-default-async-5] INFO  a.f.a.i.p.PassChainExecutor - PASS #1: TypeCheckerSnowcat
2026-07-11T10:22:28,350 [zio-default-async-5] INFO  a.f.a.t.p.t.EtcTypeCheckerPassImpl -  > Running Snowcat .::.
2026-07-11T10:22:34,706 [zio-default-async-5] INFO  a.f.a.t.p.t.EtcTypeCheckerPassImpl -  > Your types are purrfect!
2026-07-11T10:22:34,706 [zio-default-async-5] INFO  a.f.a.t.p.t.EtcTypeCheckerPassImpl -  > All expressions are typed
2026-07-11T10:22:34,706 [zio-default-async-5] DEBUG a.f.a.i.p.PassChainExecutor - PASS #1: TypeCheckerSnowcat [OK]
2026-07-11T10:22:34,707 [zio-default-async-5] INFO  a.f.a.i.p.PassChainExecutor - PASS #2: ConfigurationPass
2026-07-11T10:22:34,711 [zio-default-async-5] INFO  a.f.a.t.p.p.ConfigurationPassImpl -   > Set the initialization predicate to q::init
2026-07-11T10:22:34,711 [zio-default-async-5] INFO  a.f.a.t.p.p.ConfigurationPassImpl -   > Set the transition predicate to q::step
2026-07-11T10:22:34,712 [zio-default-async-5] INFO  a.f.a.t.p.p.ConfigurationPassImpl -   > Set a temporal property to q::temporalProps
2026-07-11T10:22:34,721 [zio-default-async-5] DEBUG a.f.a.i.p.PassChainExecutor - PASS #2: ConfigurationPass [OK]
2026-07-11T10:22:34,721 [zio-default-async-5] INFO  a.f.a.i.p.PassChainExecutor - PASS #3: DesugarerPass
2026-07-11T10:22:34,721 [zio-default-async-5] INFO  a.f.a.t.p.p.DesugarerPassImpl -   > Desugaring...
2026-07-11T10:22:34,744 [zio-default-async-5] DEBUG a.f.a.i.p.PassChainExecutor - PASS #3: DesugarerPass [OK]
2026-07-11T10:22:34,745 [zio-default-async-5] INFO  a.f.a.i.p.PassChainExecutor - PASS #4: InlinePass
2026-07-11T10:22:34,745 [zio-default-async-5] INFO  a.f.a.t.p.p.InlinePassImpl - Leaving only relevant operators: CInitPrimed, q::init, q::initPrimed, q::step, q::temporalProps
2026-07-11T10:22:34,819 [zio-default-async-5] DEBUG a.f.a.i.p.PassChainExecutor - PASS #4: InlinePass [OK]
2026-07-11T10:22:34,820 [zio-default-async-5] INFO  a.f.a.i.p.PassChainExecutor - PASS #5: TemporalPass
2026-07-11T10:22:34,820 [zio-default-async-5] INFO  a.f.a.t.p.p.TemporalPassImpl -   > Rewriting temporal operators...
2026-07-11T10:22:34,824 [zio-default-async-5] INFO  a.f.a.t.p.p.TemporalPassImpl -   > Found 1 temporal properties
2026-07-11T10:22:34,824 [zio-default-async-5] INFO  a.f.a.t.p.p.TemporalPassImpl -   > Adding logic for loop finding
2026-07-11T10:22:34,849 [zio-default-async-5] DEBUG a.f.a.i.p.PassChainExecutor - PASS #5: TemporalPass [OK]
2026-07-11T10:22:34,849 [zio-default-async-5] INFO  a.f.a.i.p.PassChainExecutor - PASS #6: InlinePass
2026-07-11T10:22:34,849 [zio-default-async-5] INFO  a.f.a.t.p.p.InlinePassImpl - Leaving only relevant operators: CInitPrimed, q::init, q::initPrimed, q::step, q::temporalProps
2026-07-11T10:22:34,862 [zio-default-async-5] DEBUG a.f.a.i.p.PassChainExecutor - PASS #6: InlinePass [OK]
2026-07-11T10:22:34,862 [zio-default-async-5] INFO  a.f.a.i.p.PassChainExecutor - PASS #7: PrimingPass
2026-07-11T10:22:34,864 [zio-default-async-5] INFO  a.f.a.t.p.a.PrimingPassImpl -   > Introducing q::initPrimed for q::init'
2026-07-11T10:22:34,865 [zio-default-async-5] DEBUG a.f.a.i.p.PassChainExecutor - PASS #7: PrimingPass [OK]
2026-07-11T10:22:34,865 [zio-default-async-5] INFO  a.f.a.i.p.PassChainExecutor - PASS #8: VCGen
2026-07-11T10:22:34,865 [zio-default-async-5] INFO  a.f.a.t.b.p.VCGenPassImpl -   > Producing verification conditions from the invariant q::temporalProps
2026-07-11T10:22:34,867 [zio-default-async-5] INFO  a.f.a.t.b.VCGenerator -   > VCGen produced 1 verification condition(s)
2026-07-11T10:22:34,869 [zio-default-async-5] DEBUG a.f.a.i.p.PassChainExecutor - PASS #8: VCGen [OK]
2026-07-11T10:22:34,870 [zio-default-async-5] INFO  a.f.a.i.p.PassChainExecutor - PASS #9: PreprocessingPass
2026-07-11T10:22:34,870 [zio-default-async-5] INFO  a.f.a.t.p.p.PreproPassImpl -   > Before preprocessing: unique renaming
2026-07-11T10:22:34,875 [zio-default-async-5] INFO  a.f.a.t.p.p.PreproPassImpl -  > Applying standard transformations:
2026-07-11T10:22:34,876 [zio-default-async-5] INFO  a.f.a.t.p.p.PreproPassImpl -   > PrimePropagation
2026-07-11T10:22:34,880 [zio-default-async-5] INFO  a.f.a.t.p.p.PreproPassImpl -   > Desugarer
2026-07-11T10:22:34,888 [zio-default-async-5] INFO  a.f.a.t.p.p.PreproPassImpl -   > UniqueRenamer
2026-07-11T10:22:34,899 [zio-default-async-5] INFO  a.f.a.t.p.p.PreproPassImpl -   > Normalizer
2026-07-11T10:22:34,911 [zio-default-async-5] INFO  a.f.a.t.p.p.PreproPassImpl -   > Keramelizer
2026-07-11T10:22:34,948 [zio-default-async-5] INFO  a.f.a.t.p.p.PreproPassImpl -   > After preprocessing: UniqueRenamer
2026-07-11T10:22:34,959 [zio-default-async-5] DEBUG a.f.a.i.p.PassChainExecutor - PASS #9: PreprocessingPass [OK]
2026-07-11T10:22:34,960 [zio-default-async-5] INFO  a.f.a.i.p.PassChainExecutor - PASS #10: TransitionFinderPass
2026-07-11T10:22:34,982 [zio-default-async-5] INFO  a.f.a.t.p.a.TransitionPassImpl -   > Found 1 initializing transitions
2026-07-11T10:22:35,035 [zio-default-async-5] INFO  a.f.a.t.p.a.TransitionPassImpl -   > Found 22 transitions
2026-07-11T10:22:35,036 [zio-default-async-5] INFO  a.f.a.t.p.a.TransitionPassImpl -   > No constant initializer
2026-07-11T10:22:35,037 [zio-default-async-5] INFO  a.f.a.t.p.a.TransitionPassImpl -   > Applying unique renaming
2026-07-11T10:22:35,064 [zio-default-async-5] DEBUG a.f.a.i.p.PassChainExecutor - PASS #10: TransitionFinderPass [OK]
2026-07-11T10:22:35,064 [zio-default-async-5] INFO  a.f.a.i.p.PassChainExecutor - PASS #11: OptimizationPass
2026-07-11T10:22:35,070 [zio-default-async-5] INFO  a.f.a.t.p.p.OptPassImpl -  > Applying optimizations:
2026-07-11T10:22:35,070 [zio-default-async-5] INFO  a.f.a.t.p.p.OptPassImpl -   > ConstSimplifier
2026-07-11T10:22:35,128 [zio-default-async-5] INFO  a.f.a.t.p.p.OptPassImpl -   > ExprOptimizer
2026-07-11T10:22:35,151 [zio-default-async-5] INFO  a.f.a.t.p.p.OptPassImpl -   > SetMembershipSimplifier
2026-07-11T10:22:35,165 [zio-default-async-5] INFO  a.f.a.t.p.p.OptPassImpl -   > ConstSimplifier
2026-07-11T10:22:35,222 [zio-default-async-5] DEBUG a.f.a.i.p.PassChainExecutor - PASS #11: OptimizationPass [OK]
2026-07-11T10:22:35,222 [zio-default-async-5] INFO  a.f.a.i.p.PassChainExecutor - PASS #12: AnalysisPass
2026-07-11T10:22:35,224 [zio-default-async-5] INFO  a.f.a.t.b.p.AnalysisPassImpl -  > Marking skolemizable existentials and sets to be expanded...
2026-07-11T10:22:35,225 [zio-default-async-5] INFO  a.f.a.t.b.p.AnalysisPassImpl -   > Skolemization
2026-07-11T10:22:35,228 [zio-default-async-5] INFO  a.f.a.t.b.p.AnalysisPassImpl -   > Expansion
2026-07-11T10:22:35,241 [zio-default-async-5] INFO  a.f.a.t.b.p.AnalysisPassImpl -   > Remove unused let-in defs
2026-07-11T10:22:35,253 [zio-default-async-5] INFO  a.f.a.t.b.p.AnalysisPassImpl -  > Running analyzers...
2026-07-11T10:22:35,263 [zio-default-async-5] INFO  a.f.a.t.b.p.AnalysisPassImpl -   > Introduced expression grades
2026-07-11T10:22:35,263 [zio-default-async-5] DEBUG a.f.a.i.p.PassChainExecutor - PASS #12: AnalysisPass [OK]
2026-07-11T10:22:35,263 [zio-default-async-5] INFO  a.f.a.i.p.PassChainExecutor - PASS #13: BoundedChecker
2026-07-11T10:22:35,286 [zio-default-async-5] DEBUG a.f.a.t.b.s.Z3SolverContext - Creating Z3 solver context 0
2026-07-11T10:22:35,545 [zio-default-async-5] DEBUG a.f.a.t.b.t.TransitionExecutorImpl - Step #0, transition #0
2026-07-11T10:22:35,546 [zio-default-async-5] DEBUG a.f.a.t.b.t.TransitionExecutorImpl - Translating to SMT
2026-07-11T10:22:35,633 [zio-default-async-5] DEBUG a.f.a.t.b.SeqModelChecker - Step 0: Transition #0. Is it enabled?
2026-07-11T10:22:35,637 [zio-default-async-5] DEBUG a.f.a.t.b.SeqModelChecker - Step 0: Transition #0 is enabled
2026-07-11T10:22:35,638 [zio-default-async-5] INFO  a.f.a.t.b.SeqModelChecker - State 0: Checking 1 state invariants
2026-07-11T10:22:35,640 [zio-default-async-5] DEBUG a.f.a.t.b.SeqModelChecker - State 0: Checking state invariant 0
2026-07-11T10:22:35,648 [zio-default-async-5] INFO  a.f.a.t.b.SeqModelChecker - State 0: state invariant 0 holds.
2026-07-11T10:22:35,653 [zio-default-async-5] INFO  a.f.a.t.b.t.TransitionExecutorImpl - Step 0: picking a transition out of 1 transition(s)
2026-07-11T10:22:35,655 [zio-default-async-5] DEBUG a.f.a.t.b.t.TransitionExecutorImpl - Step #1, transition #0
2026-07-11T10:22:35,655 [zio-default-async-5] DEBUG a.f.a.t.b.t.TransitionExecutorImpl - Translating to SMT
2026-07-11T10:22:35,706 [zio-default-async-5] DEBUG a.f.a.t.b.SeqModelChecker - Step 1: Transition #0. Is it enabled?
2026-07-11T10:22:35,707 [zio-default-async-5] DEBUG a.f.a.t.b.SeqModelChecker - Step 1: Transition #0 is enabled
2026-07-11T10:22:35,708 [zio-default-async-5] INFO  a.f.a.t.b.SeqModelChecker - State 1: Checking 1 state invariants
2026-07-11T10:22:35,708 [zio-default-async-5] DEBUG a.f.a.t.b.SeqModelChecker - State 1: Checking state invariant 0
2026-07-11T10:22:35,722 [zio-default-async-5] INFO  a.f.a.t.b.SeqModelChecker - State 1: state invariant 0 holds.
2026-07-11T10:22:35,723 [zio-default-async-5] DEBUG a.f.a.t.b.t.TransitionExecutorImpl - Step #1, transition #1
2026-07-11T10:22:35,723 [zio-default-async-5] DEBUG a.f.a.t.b.t.TransitionExecutorImpl - Translating to SMT
2026-07-11T10:22:35,750 [zio-default-async-5] DEBUG a.f.a.t.b.SeqModelChecker - Step 1: Transition #1. Is it enabled?
2026-07-11T10:22:35,751 [zio-default-async-5] DEBUG a.f.a.t.b.SeqModelChecker - Step 1: Transition #1 is enabled
2026-07-11T10:22:35,751 [zio-default-async-5] INFO  a.f.a.t.b.SeqModelChecker - State 1: Checking 1 state invariants
2026-07-11T10:22:35,751 [zio-default-async-5] DEBUG a.f.a.t.b.SeqModelChecker - State 1: Checking state invariant 0
2026-07-11T10:22:35,758 [zio-default-async-5] INFO  a.f.a.t.b.SeqModelChecker - State 1: state invariant 0 holds.
2026-07-11T10:22:35,759 [zio-default-async-5] DEBUG a.f.a.t.b.t.TransitionExecutorImpl - Step #1, transition #2
2026-07-11T10:22:35,759 [zio-default-async-5] DEBUG a.f.a.t.b.t.TransitionExecutorImpl - Translating to SMT
2026-07-11T10:22:35,785 [zio-default-async-5] DEBUG a.f.a.t.b.SeqModelChecker - Step 1: Transition #2. Is it enabled?
2026-07-11T10:22:35,786 [zio-default-async-5] INFO  a.f.a.t.b.SeqModelChecker - Step 1: Transition #2 is disabled
2026-07-11T10:22:35,787 [zio-default-async-5] DEBUG a.f.a.t.b.t.TransitionExecutorImpl - Step #1, transition #3
2026-07-11T10:22:35,787 [zio-default-async-5] DEBUG a.f.a.t.b.t.TransitionExecutorImpl - Translating to SMT
2026-07-11T10:22:35,808 [zio-default-async-5] DEBUG a.f.a.t.b.SeqModelChecker - Step 1: Transition #3. Is it enabled?
2026-07-11T10:22:35,809 [zio-default-async-5] INFO  a.f.a.t.b.SeqModelChecker - Step 1: Transition #3 is disabled
2026-07-11T10:22:35,810 [zio-default-async-5] DEBUG a.f.a.t.b.t.TransitionExecutorImpl - Step #1, transition #4
2026-07-11T10:22:35,810 [zio-default-async-5] DEBUG a.f.a.t.b.t.TransitionExecutorImpl - Translating to SMT
2026-07-11T10:22:35,888 [zio-default-async-5] DEBUG a.f.a.t.b.SeqModelChecker - Step 1: Transition #4. Is it enabled?
2026-07-11T10:22:35,893 [zio-default-async-5] INFO  a.f.a.t.b.SeqModelChecker - Step 1: Transition #4 is disabled
2026-07-11T10:22:35,894 [zio-default-async-5] DEBUG a.f.a.t.b.t.TransitionExecutorImpl - Step #1, transition #5
2026-07-11T10:22:35,894 [zio-default-async-5] DEBUG a.f.a.t.b.t.TransitionExecutorImpl - Translating to SMT
2026-07-11T10:22:35,948 [zio-default-async-5] DEBUG a.f.a.t.b.SeqModelChecker - Step 1: Transition #5. Is it enabled?
2026-07-11T10:22:35,952 [zio-default-async-5] INFO  a.f.a.t.b.SeqModelChecker - Step 1: Transition #5 is disabled
2026-07-11T10:22:35,954 [zio-default-async-5] DEBUG a.f.a.t.b.t.TransitionExecutorImpl - Step #1, transition #6
2026-07-11T10:22:35,954 [zio-default-async-5] DEBUG a.f.a.t.b.t.TransitionExecutorImpl - Translating to SMT
2026-07-11T10:22:35,999 [zio-default-async-5] DEBUG a.f.a.t.b.SeqModelChecker - Step 1: Transition #6. Is it enabled?
2026-07-11T10:22:36,002 [zio-default-async-5] INFO  a.f.a.t.b.SeqModelChecker - Step 1: Transition #6 is disabled
2026-07-11T10:22:36,004 [zio-default-async-5] DEBUG a.f.a.t.b.t.TransitionExecutorImpl - Step #1, transition #7
2026-07-11T10:22:36,004 [zio-default-async-5] DEBUG a.f.a.t.b.t.TransitionExecutorImpl - Translating to SMT
2026-07-11T10:22:36,054 [zio-default-async-5] DEBUG a.f.a.t.b.SeqModelChecker - Step 1: Transition #7. Is it enabled?
2026-07-11T10:22:36,056 [zio-default-async-5] INFO  a.f.a.t.b.SeqModelChecker - Step 1: Transition #7 is disabled
2026-07-11T10:22:36,057 [zio-default-async-5] DEBUG a.f.a.t.b.t.TransitionExecutorImpl - Step #1, transition #8
2026-07-11T10:22:36,058 [zio-default-async-5] DEBUG a.f.a.t.b.t.TransitionExecutorImpl - Translating to SMT
2026-07-11T10:22:36,112 [zio-default-async-5] DEBUG a.f.a.t.b.SeqModelChecker - Step 1: Transition #8. Is it enabled?
2026-07-11T10:22:36,117 [zio-default-async-5] DEBUG a.f.a.t.b.SeqModelChecker - Step 1: Transition #8 is enabled
2026-07-11T10:22:36,118 [zio-default-async-5] INFO  a.f.a.t.b.SeqModelChecker - State 1: Checking 1 state invariants
2026-07-11T10:22:36,118 [zio-default-async-5] DEBUG a.f.a.t.b.SeqModelChecker - State 1: Checking state invariant 0
2026-07-11T10:22:36,147 [zio-default-async-5] INFO  a.f.a.t.b.SeqModelChecker - State 1: state invariant 0 holds.
2026-07-11T10:22:36,149 [zio-default-async-5] DEBUG a.f.a.t.b.t.TransitionExecutorImpl - Step #1, transition #9
2026-07-11T10:22:36,149 [zio-default-async-5] DEBUG a.f.a.t.b.t.TransitionExecutorImpl - Translating to SMT
2026-07-11T10:22:36,206 [zio-default-async-5] DEBUG a.f.a.t.b.SeqModelChecker - Step 1: Transition #9. Is it enabled?
2026-07-11T10:22:36,208 [zio-default-async-5] DEBUG a.f.a.t.b.SeqModelChecker - Step 1: Transition #9 is enabled
2026-07-11T10:22:36,209 [zio-default-async-5] INFO  a.f.a.t.b.SeqModelChecker - State 1: Checking 1 state invariants
2026-07-11T10:22:36,209 [zio-default-async-5] DEBUG a.f.a.t.b.SeqModelChecker - State 1: Checking state invariant 0
2026-07-11T10:22:36,249 [zio-default-async-5] INFO  a.f.a.t.b.SeqModelChecker - State 1: state invariant 0 holds.
2026-07-11T10:22:36,251 [zio-default-async-5] DEBUG a.f.a.t.b.t.TransitionExecutorImpl - Step #1, transition #10
2026-07-11T10:22:36,251 [zio-default-async-5] DEBUG a.f.a.t.b.t.TransitionExecutorImpl - Translating to SMT
2026-07-11T10:22:36,276 [zio-default-async-5] DEBUG a.f.a.t.b.SeqModelChecker - Step 1: Transition #10. Is it enabled?
2026-07-11T10:22:36,277 [zio-default-async-5] INFO  a.f.a.t.b.SeqModelChecker - Step 1: Transition #10 is disabled
2026-07-11T10:22:36,279 [zio-default-async-5] DEBUG a.f.a.t.b.t.TransitionExecutorImpl - Step #1, transition #11
2026-07-11T10:22:36,279 [zio-default-async-5] DEBUG a.f.a.t.b.t.TransitionExecutorImpl - Translating to SMT
2026-07-11T10:22:36,303 [zio-default-async-5] DEBUG a.f.a.t.b.SeqModelChecker - Step 1: Transition #11. Is it enabled?
2026-07-11T10:22:36,305 [zio-default-async-5] INFO  a.f.a.t.b.SeqModelChecker - Step 1: Transition #11 is disabled
2026-07-11T10:22:36,306 [zio-default-async-5] DEBUG a.f.a.t.b.t.TransitionExecutorImpl - Step #1, transition #12
2026-07-11T10:22:36,306 [zio-default-async-5] DEBUG a.f.a.t.b.t.TransitionExecutorImpl - Translating to SMT
2026-07-11T10:22:36,332 [zio-default-async-5] DEBUG a.f.a.t.b.SeqModelChecker - Step 1: Transition #12. Is it enabled?
2026-07-11T10:22:36,335 [zio-default-async-5] INFO  a.f.a.t.b.SeqModelChecker - Step 1: Transition #12 is disabled
2026-07-11T10:22:36,336 [zio-default-async-5] DEBUG a.f.a.t.b.t.TransitionExecutorImpl - Step #1, transition #13
2026-07-11T10:22:36,336 [zio-default-async-5] DEBUG a.f.a.t.b.t.TransitionExecutorImpl - Translating to SMT
2026-07-11T10:22:36,361 [zio-default-async-5] DEBUG a.f.a.t.b.SeqModelChecker - Step 1: Transition #13. Is it enabled?
2026-07-11T10:22:36,364 [zio-default-async-5] INFO  a.f.a.t.b.SeqModelChecker - Step 1: Transition #13 is disabled
2026-07-11T10:22:36,364 [zio-default-async-5] DEBUG a.f.a.t.b.t.TransitionExecutorImpl - Step #1, transition #14
2026-07-11T10:22:36,364 [zio-default-async-5] DEBUG a.f.a.t.b.t.TransitionExecutorImpl - Translating to SMT
2026-07-11T10:22:36,378 [zio-default-async-5] DEBUG a.f.a.t.b.SeqModelChecker - Step 1: Transition #14. Is it enabled?
2026-07-11T10:22:36,380 [zio-default-async-5] INFO  a.f.a.t.b.SeqModelChecker - Step 1: Transition #14 is disabled
2026-07-11T10:22:36,380 [zio-default-async-5] DEBUG a.f.a.t.b.t.TransitionExecutorImpl - Step #1, transition #15
2026-07-11T10:22:36,380 [zio-default-async-5] DEBUG a.f.a.t.b.t.TransitionExecutorImpl - Translating to SMT
2026-07-11T10:22:36,396 [zio-default-async-5] DEBUG a.f.a.t.b.SeqModelChecker - Step 1: Transition #15. Is it enabled?
2026-07-11T10:22:36,399 [zio-default-async-5] INFO  a.f.a.t.b.SeqModelChecker - Step 1: Transition #15 is disabled
2026-07-11T10:22:36,399 [zio-default-async-5] DEBUG a.f.a.t.b.t.TransitionExecutorImpl - Step #1, transition #16
2026-07-11T10:22:36,399 [zio-default-async-5] DEBUG a.f.a.t.b.t.TransitionExecutorImpl - Translating to SMT
2026-07-11T10:22:36,412 [zio-default-async-5] DEBUG a.f.a.t.b.SeqModelChecker - Step 1: Transition #16. Is it enabled?
2026-07-11T10:22:36,415 [zio-default-async-5] INFO  a.f.a.t.b.SeqModelChecker - Step 1: Transition #16 is disabled
2026-07-11T10:22:36,415 [zio-default-async-5] DEBUG a.f.a.t.b.t.TransitionExecutorImpl - Step #1, transition #17
2026-07-11T10:22:36,416 [zio-default-async-5] DEBUG a.f.a.t.b.t.TransitionExecutorImpl - Translating to SMT
2026-07-11T10:22:36,433 [zio-default-async-5] DEBUG a.f.a.t.b.SeqModelChecker - Step 1: Transition #17. Is it enabled?
2026-07-11T10:22:36,436 [zio-default-async-5] INFO  a.f.a.t.b.SeqModelChecker - Step 1: Transition #17 is disabled
2026-07-11T10:22:36,438 [zio-default-async-5] DEBUG a.f.a.t.b.t.TransitionExecutorImpl - Step #1, transition #18
2026-07-11T10:22:36,438 [zio-default-async-5] DEBUG a.f.a.t.b.t.TransitionExecutorImpl - Translating to SMT
2026-07-11T10:22:36,455 [zio-default-async-5] DEBUG a.f.a.t.b.SeqModelChecker - Step 1: Transition #18. Is it enabled?
2026-07-11T10:22:36,457 [zio-default-async-5] INFO  a.f.a.t.b.SeqModelChecker - Step 1: Transition #18 is disabled
2026-07-11T10:22:36,457 [zio-default-async-5] DEBUG a.f.a.t.b.t.TransitionExecutorImpl - Step #1, transition #19
2026-07-11T10:22:36,457 [zio-default-async-5] DEBUG a.f.a.t.b.t.TransitionExecutorImpl - Translating to SMT
2026-07-11T10:22:36,473 [zio-default-async-5] DEBUG a.f.a.t.b.SeqModelChecker - Step 1: Transition #19. Is it enabled?
2026-07-11T10:22:36,474 [zio-default-async-5] INFO  a.f.a.t.b.SeqModelChecker - Step 1: Transition #19 is disabled
2026-07-11T10:22:36,475 [zio-default-async-5] DEBUG a.f.a.t.b.t.TransitionExecutorImpl - Step #1, transition #20
2026-07-11T10:22:36,475 [zio-default-async-5] DEBUG a.f.a.t.b.t.TransitionExecutorImpl - Translating to SMT
2026-07-11T10:22:36,487 [zio-default-async-5] DEBUG a.f.a.t.b.SeqModelChecker - Step 1: Transition #20. Is it enabled?
2026-07-11T10:22:36,490 [zio-default-async-5] INFO  a.f.a.t.b.SeqModelChecker - Step 1: Transition #20 is disabled
2026-07-11T10:22:36,490 [zio-default-async-5] DEBUG a.f.a.t.b.t.TransitionExecutorImpl - Step #1, transition #21
2026-07-11T10:22:36,490 [zio-default-async-5] DEBUG a.f.a.t.b.t.TransitionExecutorImpl - Translating to SMT
2026-07-11T10:22:36,503 [zio-default-async-5] DEBUG a.f.a.t.b.SeqModelChecker - Step 1: Transition #21. Is it enabled?
2026-07-11T10:22:36,505 [zio-default-async-5] INFO  a.f.a.t.b.SeqModelChecker - Step 1: Transition #21 is disabled
2026-07-11T10:22:36,506 [zio-default-async-5] INFO  a.f.a.t.b.t.TransitionExecutorImpl - Step 1: picking a transition out of 4 transition(s)
2026-07-11T10:22:36,535 [zio-default-async-5] DEBUG a.f.a.t.b.t.TransitionExecutorImpl - Step #2, transition #0
2026-07-11T10:22:36,536 [zio-default-async-5] DEBUG a.f.a.t.b.t.TransitionExecutorImpl - Translating to SMT
2026-07-11T10:22:36,547 [zio-default-async-5] DEBUG a.f.a.t.b.SeqModelChecker - Step 2: Transition #0. Is it enabled?
2026-07-11T10:22:36,549 [zio-default-async-5] DEBUG a.f.a.t.b.SeqModelChecker - Step 2: Transition #0 is enabled
2026-07-11T10:22:36,550 [zio-default-async-5] INFO  a.f.a.t.b.SeqModelChecker - State 2: Checking 1 state invariants
2026-07-11T10:22:36,550 [zio-default-async-5] DEBUG a.f.a.t.b.SeqModelChecker - State 2: Checking state invariant 0
2026-07-11T10:22:36,577 [zio-default-async-5] INFO  a.f.a.t.b.SeqModelChecker - State 2: state invariant 0 holds.
2026-07-11T10:22:36,578 [zio-default-async-5] DEBUG a.f.a.t.b.t.TransitionExecutorImpl - Step #2, transition #1
2026-07-11T10:22:36,578 [zio-default-async-5] DEBUG a.f.a.t.b.t.TransitionExecutorImpl - Translating to SMT
2026-07-11T10:22:36,592 [zio-default-async-5] DEBUG a.f.a.t.b.SeqModelChecker - Step 2: Transition #1. Is it enabled?
2026-07-11T10:22:36,594 [zio-default-async-5] DEBUG a.f.a.t.b.SeqModelChecker - Step 2: Transition #1 is enabled
2026-07-11T10:22:36,594 [zio-default-async-5] INFO  a.f.a.t.b.SeqModelChecker - State 2: Checking 1 state invariants
2026-07-11T10:22:36,595 [zio-default-async-5] DEBUG a.f.a.t.b.SeqModelChecker - State 2: Checking state invariant 0
2026-07-11T10:22:36,599 [zio-default-async-5] INFO  a.f.a.t.b.SeqModelChecker - State 2: state invariant 0 holds.
2026-07-11T10:22:36,600 [zio-default-async-5] DEBUG a.f.a.t.b.t.TransitionExecutorImpl - Step #2, transition #2
2026-07-11T10:22:36,601 [zio-default-async-5] DEBUG a.f.a.t.b.t.TransitionExecutorImpl - Translating to SMT
2026-07-11T10:22:36,620 [zio-default-async-5] DEBUG a.f.a.t.b.SeqModelChecker - Step 2: Transition #2. Is it enabled?
2026-07-11T10:22:36,622 [zio-default-async-5] DEBUG a.f.a.t.b.SeqModelChecker - Step 2: Transition #2 is enabled
2026-07-11T10:22:36,623 [zio-default-async-5] INFO  a.f.a.t.b.SeqModelChecker - State 2: Checking 1 state invariants
2026-07-11T10:22:36,623 [zio-default-async-5] DEBUG a.f.a.t.b.SeqModelChecker - State 2: Checking state invariant 0
2026-07-11T10:22:36,655 [zio-default-async-5] INFO  a.f.a.t.b.SeqModelChecker - State 2: state invariant 0 holds.
2026-07-11T10:22:36,657 [zio-default-async-5] DEBUG a.f.a.t.b.t.TransitionExecutorImpl - Step #2, transition #3
2026-07-11T10:22:36,657 [zio-default-async-5] DEBUG a.f.a.t.b.t.TransitionExecutorImpl - Translating to SMT
2026-07-11T10:22:36,681 [zio-default-async-5] DEBUG a.f.a.t.b.SeqModelChecker - Step 2: Transition #3. Is it enabled?
2026-07-11T10:22:36,683 [zio-default-async-5] DEBUG a.f.a.t.b.SeqModelChecker - Step 2: Transition #3 is enabled
2026-07-11T10:22:36,683 [zio-default-async-5] INFO  a.f.a.t.b.SeqModelChecker - State 2: Checking 1 state invariants
2026-07-11T10:22:36,683 [zio-default-async-5] DEBUG a.f.a.t.b.SeqModelChecker - State 2: Checking state invariant 0
2026-07-11T10:22:36,688 [zio-default-async-5] INFO  a.f.a.t.b.SeqModelChecker - State 2: state invariant 0 holds.
2026-07-11T10:22:36,689 [zio-default-async-5] DEBUG a.f.a.t.b.t.TransitionExecutorImpl - Step #2, transition #4
2026-07-11T10:22:36,689 [zio-default-async-5] DEBUG a.f.a.t.b.t.TransitionExecutorImpl - Translating to SMT
2026-07-11T10:22:36,734 [zio-default-async-5] DEBUG a.f.a.t.b.SeqModelChecker - Step 2: Transition #4. Is it enabled?
2026-07-11T10:22:36,737 [zio-default-async-5] DEBUG a.f.a.t.b.SeqModelChecker - Step 2: Transition #4 is enabled
2026-07-11T10:22:36,738 [zio-default-async-5] INFO  a.f.a.t.b.SeqModelChecker - State 2: Checking 1 state invariants
2026-07-11T10:22:36,738 [zio-default-async-5] DEBUG a.f.a.t.b.SeqModelChecker - State 2: Checking state invariant 0
2026-07-11T10:22:36,771 [zio-default-async-5] INFO  a.f.a.t.b.SeqModelChecker - State 2: state invariant 0 holds.
2026-07-11T10:22:36,774 [zio-default-async-5] DEBUG a.f.a.t.b.t.TransitionExecutorImpl - Step #2, transition #5
2026-07-11T10:22:36,774 [zio-default-async-5] DEBUG a.f.a.t.b.t.TransitionExecutorImpl - Translating to SMT
2026-07-11T10:22:36,817 [zio-default-async-5] DEBUG a.f.a.t.b.SeqModelChecker - Step 2: Transition #5. Is it enabled?
2026-07-11T10:22:36,820 [zio-default-async-5] DEBUG a.f.a.t.b.SeqModelChecker - Step 2: Transition #5 is enabled
2026-07-11T10:22:36,821 [zio-default-async-5] INFO  a.f.a.t.b.SeqModelChecker - State 2: Checking 1 state invariants
2026-07-11T10:22:36,821 [zio-default-async-5] DEBUG a.f.a.t.b.SeqModelChecker - State 2: Checking state invariant 0
2026-07-11T10:22:36,855 [zio-default-async-5] INFO  a.f.a.t.b.SeqModelChecker - State 2: state invariant 0 holds.
2026-07-11T10:22:36,857 [zio-default-async-5] DEBUG a.f.a.t.b.t.TransitionExecutorImpl - Step #2, transition #6
2026-07-11T10:22:36,857 [zio-default-async-5] DEBUG a.f.a.t.b.t.TransitionExecutorImpl - Translating to SMT
2026-07-11T10:22:36,888 [zio-default-async-5] DEBUG a.f.a.t.b.SeqModelChecker - Step 2: Transition #6. Is it enabled?
2026-07-11T10:22:36,891 [zio-default-async-5] INFO  a.f.a.t.b.SeqModelChecker - Step 2: Transition #6 is disabled
2026-07-11T10:22:36,892 [zio-default-async-5] DEBUG a.f.a.t.b.t.TransitionExecutorImpl - Step #2, transition #7
2026-07-11T10:22:36,892 [zio-default-async-5] DEBUG a.f.a.t.b.t.TransitionExecutorImpl - Translating to SMT
2026-07-11T10:22:36,930 [zio-default-async-5] DEBUG a.f.a.t.b.SeqModelChecker - Step 2: Transition #7. Is it enabled?
2026-07-11T10:22:36,932 [zio-default-async-5] INFO  a.f.a.t.b.SeqModelChecker - Step 2: Transition #7 is disabled
2026-07-11T10:22:36,934 [zio-default-async-5] DEBUG a.f.a.t.b.t.TransitionExecutorImpl - Step #2, transition #8
2026-07-11T10:22:36,934 [zio-default-async-5] DEBUG a.f.a.t.b.t.TransitionExecutorImpl - Translating to SMT
2026-07-11T10:22:36,970 [zio-default-async-5] DEBUG a.f.a.t.b.SeqModelChecker - Step 2: Transition #8. Is it enabled?
2026-07-11T10:22:36,974 [zio-default-async-5] DEBUG a.f.a.t.b.SeqModelChecker - Step 2: Transition #8 is enabled
2026-07-11T10:22:36,974 [zio-default-async-5] INFO  a.f.a.t.b.SeqModelChecker - State 2: Checking 1 state invariants
2026-07-11T10:22:36,974 [zio-default-async-5] DEBUG a.f.a.t.b.SeqModelChecker - State 2: Checking state invariant 0
2026-07-11T10:22:37,000 [zio-default-async-5] INFO  a.f.a.t.b.SeqModelChecker - State 2: state invariant 0 holds.
2026-07-11T10:22:37,002 [zio-default-async-5] DEBUG a.f.a.t.b.t.TransitionExecutorImpl - Step #2, transition #9
2026-07-11T10:22:37,002 [zio-default-async-5] DEBUG a.f.a.t.b.t.TransitionExecutorImpl - Translating to SMT
2026-07-11T10:22:37,044 [zio-default-async-5] DEBUG a.f.a.t.b.SeqModelChecker - Step 2: Transition #9. Is it enabled?
2026-07-11T10:22:37,049 [zio-default-async-5] DEBUG a.f.a.t.b.SeqModelChecker - Step 2: Transition #9 is enabled
2026-07-11T10:22:37,049 [zio-default-async-5] INFO  a.f.a.t.b.SeqModelChecker - State 2: Checking 1 state invariants
2026-07-11T10:22:37,049 [zio-default-async-5] DEBUG a.f.a.t.b.SeqModelChecker - State 2: Checking state invariant 0
2026-07-11T10:22:37,073 [zio-default-async-5] INFO  a.f.a.t.b.SeqModelChecker - State 2: state invariant 0 holds.
2026-07-11T10:22:37,075 [zio-default-async-5] DEBUG a.f.a.t.b.t.TransitionExecutorImpl - Step #2, transition #10
2026-07-11T10:22:37,075 [zio-default-async-5] DEBUG a.f.a.t.b.t.TransitionExecutorImpl - Translating to SMT
2026-07-11T10:22:37,099 [zio-default-async-5] DEBUG a.f.a.t.b.SeqModelChecker - Step 2: Transition #10. Is it enabled?
2026-07-11T10:22:37,104 [zio-default-async-5] DEBUG a.f.a.t.b.SeqModelChecker - Step 2: Transition #10 is enabled
2026-07-11T10:22:37,104 [zio-default-async-5] INFO  a.f.a.t.b.SeqModelChecker - State 2: Checking 1 state invariants
2026-07-11T10:22:37,104 [zio-default-async-5] DEBUG a.f.a.t.b.SeqModelChecker - State 2: Checking state invariant 0
2026-07-11T10:22:37,126 [zio-default-async-5] INFO  a.f.a.t.b.SeqModelChecker - State 2: state invariant 0 holds.
2026-07-11T10:22:37,127 [zio-default-async-5] DEBUG a.f.a.t.b.t.TransitionExecutorImpl - Step #2, transition #11
2026-07-11T10:22:37,127 [zio-default-async-5] DEBUG a.f.a.t.b.t.TransitionExecutorImpl - Translating to SMT
2026-07-11T10:22:37,166 [zio-default-async-5] DEBUG a.f.a.t.b.SeqModelChecker - Step 2: Transition #11. Is it enabled?
2026-07-11T10:22:37,175 [zio-default-async-5] DEBUG a.f.a.t.b.SeqModelChecker - Step 2: Transition #11 is enabled
2026-07-11T10:22:37,175 [zio-default-async-5] INFO  a.f.a.t.b.SeqModelChecker - State 2: Checking 1 state invariants
2026-07-11T10:22:37,175 [zio-default-async-5] DEBUG a.f.a.t.b.SeqModelChecker - State 2: Checking state invariant 0
2026-07-11T10:22:37,179 [zio-default-async-5] INFO  a.f.a.t.b.SeqModelChecker - State 2: state invariant 0 holds.
2026-07-11T10:22:37,180 [zio-default-async-5] DEBUG a.f.a.t.b.t.TransitionExecutorImpl - Step #2, transition #12
2026-07-11T10:22:37,180 [zio-default-async-5] DEBUG a.f.a.t.b.t.TransitionExecutorImpl - Translating to SMT
2026-07-11T10:22:37,213 [zio-default-async-5] DEBUG a.f.a.t.b.SeqModelChecker - Step 2: Transition #12. Is it enabled?
2026-07-11T10:22:37,222 [zio-default-async-5] INFO  a.f.a.t.b.SeqModelChecker - Step 2: Transition #12 is disabled
2026-07-11T10:22:37,224 [zio-default-async-5] DEBUG a.f.a.t.b.t.TransitionExecutorImpl - Step #2, transition #13
2026-07-11T10:22:37,224 [zio-default-async-5] DEBUG a.f.a.t.b.t.TransitionExecutorImpl - Translating to SMT
2026-07-11T10:22:37,259 [zio-default-async-5] DEBUG a.f.a.t.b.SeqModelChecker - Step 2: Transition #13. Is it enabled?
2026-07-11T10:22:37,269 [zio-default-async-5] INFO  a.f.a.t.b.SeqModelChecker - Step 2: Transition #13 is disabled
2026-07-11T10:22:37,270 [zio-default-async-5] DEBUG a.f.a.t.b.t.TransitionExecutorImpl - Step #2, transition #14
2026-07-11T10:22:37,270 [zio-default-async-5] DEBUG a.f.a.t.b.t.TransitionExecutorImpl - Translating to SMT
2026-07-11T10:22:37,286 [zio-default-async-5] DEBUG a.f.a.t.b.SeqModelChecker - Step 2: Transition #14. Is it enabled?
2026-07-11T10:22:37,292 [zio-default-async-5] DEBUG a.f.a.t.b.SeqModelChecker - Step 2: Transition #14 is enabled
2026-07-11T10:22:37,292 [zio-default-async-5] INFO  a.f.a.t.b.SeqModelChecker - State 2: Checking 1 state invariants
2026-07-11T10:22:37,292 [zio-default-async-5] DEBUG a.f.a.t.b.SeqModelChecker - State 2: Checking state invariant 0
2026-07-11T10:22:37,319 [zio-default-async-5] INFO  a.f.a.t.b.SeqModelChecker - State 2: state invariant 0 holds.
2026-07-11T10:22:37,321 [zio-default-async-5] DEBUG a.f.a.t.b.t.TransitionExecutorImpl - Step #2, transition #15
2026-07-11T10:22:37,321 [zio-default-async-5] DEBUG a.f.a.t.b.t.TransitionExecutorImpl - Translating to SMT
2026-07-11T10:22:37,332 [zio-default-async-5] DEBUG a.f.a.t.b.SeqModelChecker - Step 2: Transition #15. Is it enabled?
2026-07-11T10:22:37,336 [zio-default-async-5] DEBUG a.f.a.t.b.SeqModelChecker - Step 2: Transition #15 is enabled
2026-07-11T10:22:37,336 [zio-default-async-5] INFO  a.f.a.t.b.SeqModelChecker - State 2: Checking 1 state invariants
2026-07-11T10:22:37,336 [zio-default-async-5] DEBUG a.f.a.t.b.SeqModelChecker - State 2: Checking state invariant 0
2026-07-11T10:22:37,341 [zio-default-async-5] INFO  a.f.a.t.b.SeqModelChecker - State 2: state invariant 0 holds.
2026-07-11T10:22:37,342 [zio-default-async-5] DEBUG a.f.a.t.b.t.TransitionExecutorImpl - Step #2, transition #16
2026-07-11T10:22:37,342 [zio-default-async-5] DEBUG a.f.a.t.b.t.TransitionExecutorImpl - Translating to SMT
2026-07-11T10:22:37,350 [zio-default-async-5] DEBUG a.f.a.t.b.SeqModelChecker - Step 2: Transition #16. Is it enabled?
2026-07-11T10:22:37,353 [zio-default-async-5] INFO  a.f.a.t.b.SeqModelChecker - Step 2: Transition #16 is disabled
2026-07-11T10:22:37,354 [zio-default-async-5] DEBUG a.f.a.t.b.t.TransitionExecutorImpl - Step #2, transition #17
2026-07-11T10:22:37,354 [zio-default-async-5] DEBUG a.f.a.t.b.t.TransitionExecutorImpl - Translating to SMT
2026-07-11T10:22:37,364 [zio-default-async-5] DEBUG a.f.a.t.b.SeqModelChecker - Step 2: Transition #17. Is it enabled?
2026-07-11T10:22:37,368 [zio-default-async-5] INFO  a.f.a.t.b.SeqModelChecker - Step 2: Transition #17 is disabled
2026-07-11T10:22:37,369 [zio-default-async-5] DEBUG a.f.a.t.b.t.TransitionExecutorImpl - Step #2, transition #18
2026-07-11T10:22:37,369 [zio-default-async-5] DEBUG a.f.a.t.b.t.TransitionExecutorImpl - Translating to SMT
2026-07-11T10:22:37,380 [zio-default-async-5] DEBUG a.f.a.t.b.SeqModelChecker - Step 2: Transition #18. Is it enabled?
2026-07-11T10:22:37,384 [zio-default-async-5] DEBUG a.f.a.t.b.SeqModelChecker - Step 2: Transition #18 is enabled
2026-07-11T10:22:37,385 [zio-default-async-5] INFO  a.f.a.t.b.SeqModelChecker - State 2: Checking 1 state invariants
2026-07-11T10:22:37,385 [zio-default-async-5] DEBUG a.f.a.t.b.SeqModelChecker - State 2: Checking state invariant 0
2026-07-11T10:22:37,408 [zio-default-async-5] INFO  a.f.a.t.b.SeqModelChecker - State 2: state invariant 0 holds.
2026-07-11T10:22:37,409 [zio-default-async-5] DEBUG a.f.a.t.b.t.TransitionExecutorImpl - Step #2, transition #19
2026-07-11T10:22:37,409 [zio-default-async-5] DEBUG a.f.a.t.b.t.TransitionExecutorImpl - Translating to SMT
2026-07-11T10:22:37,420 [zio-default-async-5] DEBUG a.f.a.t.b.SeqModelChecker - Step 2: Transition #19. Is it enabled?
2026-07-11T10:22:37,423 [zio-default-async-5] DEBUG a.f.a.t.b.SeqModelChecker - Step 2: Transition #19 is enabled
2026-07-11T10:22:37,423 [zio-default-async-5] INFO  a.f.a.t.b.SeqModelChecker - State 2: Checking 1 state invariants
2026-07-11T10:22:37,424 [zio-default-async-5] DEBUG a.f.a.t.b.SeqModelChecker - State 2: Checking state invariant 0
2026-07-11T10:22:37,431 [zio-default-async-5] INFO  a.f.a.t.b.SeqModelChecker - State 2: state invariant 0 holds.
2026-07-11T10:22:37,432 [zio-default-async-5] DEBUG a.f.a.t.b.t.TransitionExecutorImpl - Step #2, transition #20
2026-07-11T10:22:37,432 [zio-default-async-5] DEBUG a.f.a.t.b.t.TransitionExecutorImpl - Translating to SMT
2026-07-11T10:22:37,442 [zio-default-async-5] DEBUG a.f.a.t.b.SeqModelChecker - Step 2: Transition #20. Is it enabled?
2026-07-11T10:22:37,447 [zio-default-async-5] INFO  a.f.a.t.b.SeqModelChecker - Step 2: Transition #20 is disabled
2026-07-11T10:22:37,448 [zio-default-async-5] DEBUG a.f.a.t.b.t.TransitionExecutorImpl - Step #2, transition #21
2026-07-11T10:22:37,448 [zio-default-async-5] DEBUG a.f.a.t.b.t.TransitionExecutorImpl - Translating to SMT
2026-07-11T10:22:37,458 [zio-default-async-5] DEBUG a.f.a.t.b.SeqModelChecker - Step 2: Transition #21. Is it enabled?
2026-07-11T10:22:37,463 [zio-default-async-5] INFO  a.f.a.t.b.SeqModelChecker - Step 2: Transition #21 is disabled
2026-07-11T10:22:37,464 [zio-default-async-5] INFO  a.f.a.t.b.t.TransitionExecutorImpl - Step 2: picking a transition out of 14 transition(s)
2026-07-11T10:22:37,547 [zio-default-async-5] DEBUG a.f.a.t.b.t.TransitionExecutorImpl - Step #3, transition #0
2026-07-11T10:22:37,547 [zio-default-async-5] DEBUG a.f.a.t.b.t.TransitionExecutorImpl - Translating to SMT
2026-07-11T10:22:37,556 [zio-default-async-5] DEBUG a.f.a.t.b.SeqModelChecker - Step 3: Transition #0. Is it enabled?
2026-07-11T10:22:37,564 [zio-default-async-5] DEBUG a.f.a.t.b.SeqModelChecker - Step 3: Transition #0 is enabled
2026-07-11T10:22:37,564 [zio-default-async-5] INFO  a.f.a.t.b.SeqModelChecker - State 3: Checking 1 state invariants
2026-07-11T10:22:37,564 [zio-default-async-5] DEBUG a.f.a.t.b.SeqModelChecker - State 3: Checking state invariant 0
2026-07-11T10:22:37,587 [zio-default-async-5] INFO  a.f.a.t.b.SeqModelChecker - State 3: state invariant 0 holds.
2026-07-11T10:22:37,588 [zio-default-async-5] DEBUG a.f.a.t.b.t.TransitionExecutorImpl - Step #3, transition #1
2026-07-11T10:22:37,588 [zio-default-async-5] DEBUG a.f.a.t.b.t.TransitionExecutorImpl - Translating to SMT
2026-07-11T10:22:37,595 [zio-default-async-5] DEBUG a.f.a.t.b.SeqModelChecker - Step 3: Transition #1. Is it enabled?
2026-07-11T10:22:37,600 [zio-default-async-5] DEBUG a.f.a.t.b.SeqModelChecker - Step 3: Transition #1 is enabled
2026-07-11T10:22:37,609 [zio-default-async-5] INFO  a.f.a.t.b.SeqModelChecker - State 3: Checking 1 state invariants
2026-07-11T10:22:37,610 [zio-default-async-5] DEBUG a.f.a.t.b.SeqModelChecker - State 3: Checking state invariant 0
2026-07-11T10:22:37,617 [zio-default-async-5] INFO  a.f.a.t.b.SeqModelChecker - State 3: state invariant 0 holds.
2026-07-11T10:22:37,618 [zio-default-async-5] DEBUG a.f.a.t.b.t.TransitionExecutorImpl - Step #3, transition #2
2026-07-11T10:22:37,618 [zio-default-async-5] DEBUG a.f.a.t.b.t.TransitionExecutorImpl - Translating to SMT
2026-07-11T10:22:37,639 [zio-default-async-5] DEBUG a.f.a.t.b.SeqModelChecker - Step 3: Transition #2. Is it enabled?
2026-07-11T10:22:37,651 [zio-default-async-5] DEBUG a.f.a.t.b.SeqModelChecker - Step 3: Transition #2 is enabled
2026-07-11T10:22:37,652 [zio-default-async-5] INFO  a.f.a.t.b.SeqModelChecker - State 3: Checking 1 state invariants
2026-07-11T10:22:37,652 [zio-default-async-5] DEBUG a.f.a.t.b.SeqModelChecker - State 3: Checking state invariant 0
2026-07-11T10:22:37,685 [zio-default-async-5] INFO  a.f.a.t.b.SeqModelChecker - State 3: state invariant 0 holds.
2026-07-11T10:22:37,687 [zio-default-async-5] DEBUG a.f.a.t.b.t.TransitionExecutorImpl - Step #3, transition #3
2026-07-11T10:22:37,687 [zio-default-async-5] DEBUG a.f.a.t.b.t.TransitionExecutorImpl - Translating to SMT
2026-07-11T10:22:37,698 [zio-default-async-5] DEBUG a.f.a.t.b.SeqModelChecker - Step 3: Transition #3. Is it enabled?
2026-07-11T10:22:37,708 [zio-default-async-5] DEBUG a.f.a.t.b.SeqModelChecker - Step 3: Transition #3 is enabled
2026-07-11T10:22:37,708 [zio-default-async-5] INFO  a.f.a.t.b.SeqModelChecker - State 3: Checking 1 state invariants
2026-07-11T10:22:37,708 [zio-default-async-5] DEBUG a.f.a.t.b.SeqModelChecker - State 3: Checking state invariant 0
2026-07-11T10:22:37,713 [zio-default-async-5] INFO  a.f.a.t.b.SeqModelChecker - State 3: state invariant 0 holds.
2026-07-11T10:22:37,714 [zio-default-async-5] DEBUG a.f.a.t.b.t.TransitionExecutorImpl - Step #3, transition #4
2026-07-11T10:22:37,714 [zio-default-async-5] DEBUG a.f.a.t.b.t.TransitionExecutorImpl - Translating to SMT
2026-07-11T10:22:37,745 [zio-default-async-5] DEBUG a.f.a.t.b.SeqModelChecker - Step 3: Transition #4. Is it enabled?
2026-07-11T10:22:37,751 [zio-default-async-5] DEBUG a.f.a.t.b.SeqModelChecker - Step 3: Transition #4 is enabled
2026-07-11T10:22:37,751 [zio-default-async-5] INFO  a.f.a.t.b.SeqModelChecker - State 3: Checking 1 state invariants
2026-07-11T10:22:37,751 [zio-default-async-5] DEBUG a.f.a.t.b.SeqModelChecker - State 3: Checking state invariant 0
2026-07-11T10:22:37,775 [zio-default-async-5] INFO  a.f.a.t.b.SeqModelChecker - State 3: state invariant 0 holds.
2026-07-11T10:22:37,776 [zio-default-async-5] DEBUG a.f.a.t.b.t.TransitionExecutorImpl - Step #3, transition #5
2026-07-11T10:22:37,776 [zio-default-async-5] DEBUG a.f.a.t.b.t.TransitionExecutorImpl - Translating to SMT
2026-07-11T10:22:37,805 [zio-default-async-5] DEBUG a.f.a.t.b.SeqModelChecker - Step 3: Transition #5. Is it enabled?
2026-07-11T10:22:37,810 [zio-default-async-5] DEBUG a.f.a.t.b.SeqModelChecker - Step 3: Transition #5 is enabled
2026-07-11T10:22:37,810 [zio-default-async-5] INFO  a.f.a.t.b.SeqModelChecker - State 3: Checking 1 state invariants
2026-07-11T10:22:37,811 [zio-default-async-5] DEBUG a.f.a.t.b.SeqModelChecker - State 3: Checking state invariant 0
2026-07-11T10:22:37,835 [zio-default-async-5] INFO  a.f.a.t.b.SeqModelChecker - State 3: state invariant 0 holds.
2026-07-11T10:22:37,837 [zio-default-async-5] DEBUG a.f.a.t.b.t.TransitionExecutorImpl - Step #3, transition #6
2026-07-11T10:22:37,837 [zio-default-async-5] DEBUG a.f.a.t.b.t.TransitionExecutorImpl - Translating to SMT
2026-07-11T10:22:37,862 [zio-default-async-5] DEBUG a.f.a.t.b.SeqModelChecker - Step 3: Transition #6. Is it enabled?
2026-07-11T10:22:37,869 [zio-default-async-5] DEBUG a.f.a.t.b.SeqModelChecker - Step 3: Transition #6 is enabled
2026-07-11T10:22:37,869 [zio-default-async-5] INFO  a.f.a.t.b.SeqModelChecker - State 3: Checking 1 state invariants
2026-07-11T10:22:37,869 [zio-default-async-5] DEBUG a.f.a.t.b.SeqModelChecker - State 3: Checking state invariant 0
2026-07-11T10:22:37,892 [zio-default-async-5] INFO  a.f.a.t.b.SeqModelChecker - State 3: state invariant 0 holds.
2026-07-11T10:22:37,894 [zio-default-async-5] DEBUG a.f.a.t.b.t.TransitionExecutorImpl - Step #3, transition #7
2026-07-11T10:22:37,894 [zio-default-async-5] DEBUG a.f.a.t.b.t.TransitionExecutorImpl - Translating to SMT
2026-07-11T10:22:37,918 [zio-default-async-5] DEBUG a.f.a.t.b.SeqModelChecker - Step 3: Transition #7. Is it enabled?
2026-07-11T10:22:37,926 [zio-default-async-5] DEBUG a.f.a.t.b.SeqModelChecker - Step 3: Transition #7 is enabled
2026-07-11T10:22:37,926 [zio-default-async-5] INFO  a.f.a.t.b.SeqModelChecker - State 3: Checking 1 state invariants
2026-07-11T10:22:37,926 [zio-default-async-5] DEBUG a.f.a.t.b.SeqModelChecker - State 3: Checking state invariant 0
2026-07-11T10:22:37,947 [zio-default-async-5] INFO  a.f.a.t.b.SeqModelChecker - State 3: state invariant 0 holds.
2026-07-11T10:22:37,949 [zio-default-async-5] DEBUG a.f.a.t.b.t.TransitionExecutorImpl - Step #3, transition #8
2026-07-11T10:22:37,949 [zio-default-async-5] DEBUG a.f.a.t.b.t.TransitionExecutorImpl - Translating to SMT
2026-07-11T10:22:37,982 [zio-default-async-5] DEBUG a.f.a.t.b.SeqModelChecker - Step 3: Transition #8. Is it enabled?
2026-07-11T10:22:37,992 [zio-default-async-5] DEBUG a.f.a.t.b.SeqModelChecker - Step 3: Transition #8 is enabled
2026-07-11T10:22:37,993 [zio-default-async-5] INFO  a.f.a.t.b.SeqModelChecker - State 3: Checking 1 state invariants
2026-07-11T10:22:37,993 [zio-default-async-5] DEBUG a.f.a.t.b.SeqModelChecker - State 3: Checking state invariant 0
2026-07-11T10:22:38,019 [zio-default-async-5] INFO  a.f.a.t.b.SeqModelChecker - State 3: state invariant 0 holds.
2026-07-11T10:22:38,022 [zio-default-async-5] DEBUG a.f.a.t.b.t.TransitionExecutorImpl - Step #3, transition #9
2026-07-11T10:22:38,022 [zio-default-async-5] DEBUG a.f.a.t.b.t.TransitionExecutorImpl - Translating to SMT
2026-07-11T10:22:38,050 [zio-default-async-5] DEBUG a.f.a.t.b.SeqModelChecker - Step 3: Transition #9. Is it enabled?
2026-07-11T10:22:38,061 [zio-default-async-5] DEBUG a.f.a.t.b.SeqModelChecker - Step 3: Transition #9 is enabled
2026-07-11T10:22:38,061 [zio-default-async-5] INFO  a.f.a.t.b.SeqModelChecker - State 3: Checking 1 state invariants
2026-07-11T10:22:38,061 [zio-default-async-5] DEBUG a.f.a.t.b.SeqModelChecker - State 3: Checking state invariant 0
2026-07-11T10:22:38,082 [zio-default-async-5] INFO  a.f.a.t.b.SeqModelChecker - State 3: state invariant 0 holds.
2026-07-11T10:22:38,084 [zio-default-async-5] DEBUG a.f.a.t.b.t.TransitionExecutorImpl - Step #3, transition #10
2026-07-11T10:22:38,084 [zio-default-async-5] DEBUG a.f.a.t.b.t.TransitionExecutorImpl - Translating to SMT
2026-07-11T10:22:38,098 [zio-default-async-5] DEBUG a.f.a.t.b.SeqModelChecker - Step 3: Transition #10. Is it enabled?
2026-07-11T10:22:38,112 [zio-default-async-5] DEBUG a.f.a.t.b.SeqModelChecker - Step 3: Transition #10 is enabled
2026-07-11T10:22:38,112 [zio-default-async-5] INFO  a.f.a.t.b.SeqModelChecker - State 3: Checking 1 state invariants
2026-07-11T10:22:38,112 [zio-default-async-5] DEBUG a.f.a.t.b.SeqModelChecker - State 3: Checking state invariant 0
2026-07-11T10:22:38,140 [zio-default-async-5] INFO  a.f.a.t.b.SeqModelChecker - State 3: state invariant 0 holds.
2026-07-11T10:22:38,142 [zio-default-async-5] DEBUG a.f.a.t.b.t.TransitionExecutorImpl - Step #3, transition #11
2026-07-11T10:22:38,142 [zio-default-async-5] DEBUG a.f.a.t.b.t.TransitionExecutorImpl - Translating to SMT
2026-07-11T10:22:38,175 [zio-default-async-5] DEBUG a.f.a.t.b.SeqModelChecker - Step 3: Transition #11. Is it enabled?
2026-07-11T10:22:38,189 [zio-default-async-5] DEBUG a.f.a.t.b.SeqModelChecker - Step 3: Transition #11 is enabled
2026-07-11T10:22:38,190 [zio-default-async-5] INFO  a.f.a.t.b.SeqModelChecker - State 3: Checking 1 state invariants
2026-07-11T10:22:38,190 [zio-default-async-5] DEBUG a.f.a.t.b.SeqModelChecker - State 3: Checking state invariant 0
2026-07-11T10:22:38,199 [zio-default-async-5] INFO  a.f.a.t.b.SeqModelChecker - State 3: state invariant 0 holds.
2026-07-11T10:22:38,200 [zio-default-async-5] DEBUG a.f.a.t.b.t.TransitionExecutorImpl - Step #3, transition #12
2026-07-11T10:22:38,200 [zio-default-async-5] DEBUG a.f.a.t.b.t.TransitionExecutorImpl - Translating to SMT
2026-07-11T10:22:38,219 [zio-default-async-5] DEBUG a.f.a.t.b.SeqModelChecker - Step 3: Transition #12. Is it enabled?
2026-07-11T10:22:38,252 [zio-default-async-5] DEBUG a.f.a.t.b.SeqModelChecker - Step 3: Transition #12 is enabled
2026-07-11T10:22:38,252 [zio-default-async-5] INFO  a.f.a.t.b.SeqModelChecker - State 3: Checking 1 state invariants
2026-07-11T10:22:38,252 [zio-default-async-5] DEBUG a.f.a.t.b.SeqModelChecker - State 3: Checking state invariant 0
2026-07-11T10:22:38,280 [zio-default-async-5] INFO  a.f.a.t.b.SeqModelChecker - State 3: state invariant 0 holds.
2026-07-11T10:22:38,282 [zio-default-async-5] DEBUG a.f.a.t.b.t.TransitionExecutorImpl - Step #3, transition #13
2026-07-11T10:22:38,282 [zio-default-async-5] DEBUG a.f.a.t.b.t.TransitionExecutorImpl - Translating to SMT
2026-07-11T10:22:38,302 [zio-default-async-5] DEBUG a.f.a.t.b.SeqModelChecker - Step 3: Transition #13. Is it enabled?
2026-07-11T10:22:38,312 [zio-default-async-5] DEBUG a.f.a.t.b.SeqModelChecker - Step 3: Transition #13 is enabled
2026-07-11T10:22:38,312 [zio-default-async-5] INFO  a.f.a.t.b.SeqModelChecker - State 3: Checking 1 state invariants
2026-07-11T10:22:38,313 [zio-default-async-5] DEBUG a.f.a.t.b.SeqModelChecker - State 3: Checking state invariant 0
2026-07-11T10:22:38,341 [zio-default-async-5] INFO  a.f.a.t.b.SeqModelChecker - State 3: state invariant 0 holds.
2026-07-11T10:22:38,342 [zio-default-async-5] DEBUG a.f.a.t.b.t.TransitionExecutorImpl - Step #3, transition #14
2026-07-11T10:22:38,342 [zio-default-async-5] DEBUG a.f.a.t.b.t.TransitionExecutorImpl - Translating to SMT
2026-07-11T10:22:38,351 [zio-default-async-5] DEBUG a.f.a.t.b.SeqModelChecker - Step 3: Transition #14. Is it enabled?
2026-07-11T10:22:38,367 [zio-default-async-5] DEBUG a.f.a.t.b.SeqModelChecker - Step 3: Transition #14 is enabled
2026-07-11T10:22:38,367 [zio-default-async-5] INFO  a.f.a.t.b.SeqModelChecker - State 3: Checking 1 state invariants
2026-07-11T10:22:38,367 [zio-default-async-5] DEBUG a.f.a.t.b.SeqModelChecker - State 3: Checking state invariant 0
2026-07-11T10:22:38,392 [zio-default-async-5] INFO  a.f.a.t.b.SeqModelChecker - State 3: state invariant 0 holds.
2026-07-11T10:22:38,394 [zio-default-async-5] DEBUG a.f.a.t.b.t.TransitionExecutorImpl - Step #3, transition #15
2026-07-11T10:22:38,394 [zio-default-async-5] DEBUG a.f.a.t.b.t.TransitionExecutorImpl - Translating to SMT
2026-07-11T10:22:38,405 [zio-default-async-5] DEBUG a.f.a.t.b.SeqModelChecker - Step 3: Transition #15. Is it enabled?
2026-07-11T10:22:38,416 [zio-default-async-5] DEBUG a.f.a.t.b.SeqModelChecker - Step 3: Transition #15 is enabled
2026-07-11T10:22:38,416 [zio-default-async-5] INFO  a.f.a.t.b.SeqModelChecker - State 3: Checking 1 state invariants
2026-07-11T10:22:38,416 [zio-default-async-5] DEBUG a.f.a.t.b.SeqModelChecker - State 3: Checking state invariant 0
2026-07-11T10:22:38,421 [zio-default-async-5] INFO  a.f.a.t.b.SeqModelChecker - State 3: state invariant 0 holds.
2026-07-11T10:22:38,423 [zio-default-async-5] DEBUG a.f.a.t.b.t.TransitionExecutorImpl - Step #3, transition #16
2026-07-11T10:22:38,423 [zio-default-async-5] DEBUG a.f.a.t.b.t.TransitionExecutorImpl - Translating to SMT
2026-07-11T10:22:38,432 [zio-default-async-5] DEBUG a.f.a.t.b.SeqModelChecker - Step 3: Transition #16. Is it enabled?
2026-07-11T10:22:38,445 [zio-default-async-5] DEBUG a.f.a.t.b.SeqModelChecker - Step 3: Transition #16 is enabled
2026-07-11T10:22:38,446 [zio-default-async-5] INFO  a.f.a.t.b.SeqModelChecker - State 3: Checking 1 state invariants
2026-07-11T10:22:38,446 [zio-default-async-5] DEBUG a.f.a.t.b.SeqModelChecker - State 3: Checking state invariant 0
2026-07-11T10:22:38,474 [zio-default-async-5] INFO  a.f.a.t.b.SeqModelChecker - State 3: state invariant 0 holds.
2026-07-11T10:22:38,476 [zio-default-async-5] DEBUG a.f.a.t.b.t.TransitionExecutorImpl - Step #3, transition #17
2026-07-11T10:22:38,476 [zio-default-async-5] DEBUG a.f.a.t.b.t.TransitionExecutorImpl - Translating to SMT
2026-07-11T10:22:38,484 [zio-default-async-5] DEBUG a.f.a.t.b.SeqModelChecker - Step 3: Transition #17. Is it enabled?
2026-07-11T10:22:38,500 [zio-default-async-5] DEBUG a.f.a.t.b.SeqModelChecker - Step 3: Transition #17 is enabled
2026-07-11T10:22:38,500 [zio-default-async-5] INFO  a.f.a.t.b.SeqModelChecker - State 3: Checking 1 state invariants
2026-07-11T10:22:38,500 [zio-default-async-5] DEBUG a.f.a.t.b.SeqModelChecker - State 3: Checking state invariant 0
2026-07-11T10:22:38,507 [zio-default-async-5] INFO  a.f.a.t.b.SeqModelChecker - State 3: state invariant 0 holds.
2026-07-11T10:22:38,508 [zio-default-async-5] DEBUG a.f.a.t.b.t.TransitionExecutorImpl - Step #3, transition #18
2026-07-11T10:22:38,508 [zio-default-async-5] DEBUG a.f.a.t.b.t.TransitionExecutorImpl - Translating to SMT
2026-07-11T10:22:38,519 [zio-default-async-5] DEBUG a.f.a.t.b.SeqModelChecker - Step 3: Transition #18. Is it enabled?
2026-07-11T10:22:38,530 [zio-default-async-5] DEBUG a.f.a.t.b.SeqModelChecker - Step 3: Transition #18 is enabled
2026-07-11T10:22:38,531 [zio-default-async-5] INFO  a.f.a.t.b.SeqModelChecker - State 3: Checking 1 state invariants
2026-07-11T10:22:38,531 [zio-default-async-5] DEBUG a.f.a.t.b.SeqModelChecker - State 3: Checking state invariant 0
2026-07-11T10:22:38,554 [zio-default-async-5] INFO  a.f.a.t.b.SeqModelChecker - State 3: state invariant 0 holds.
2026-07-11T10:22:38,555 [zio-default-async-5] DEBUG a.f.a.t.b.t.TransitionExecutorImpl - Step #3, transition #19
2026-07-11T10:22:38,555 [zio-default-async-5] DEBUG a.f.a.t.b.t.TransitionExecutorImpl - Translating to SMT
2026-07-11T10:22:38,564 [zio-default-async-5] DEBUG a.f.a.t.b.SeqModelChecker - Step 3: Transition #19. Is it enabled?
2026-07-11T10:22:38,571 [zio-default-async-5] DEBUG a.f.a.t.b.SeqModelChecker - Step 3: Transition #19 is enabled
2026-07-11T10:22:38,571 [zio-default-async-5] INFO  a.f.a.t.b.SeqModelChecker - State 3: Checking 1 state invariants
2026-07-11T10:22:38,571 [zio-default-async-5] DEBUG a.f.a.t.b.SeqModelChecker - State 3: Checking state invariant 0
2026-07-11T10:22:38,577 [zio-default-async-5] INFO  a.f.a.t.b.SeqModelChecker - State 3: state invariant 0 holds.
2026-07-11T10:22:38,578 [zio-default-async-5] DEBUG a.f.a.t.b.t.TransitionExecutorImpl - Step #3, transition #20
2026-07-11T10:22:38,578 [zio-default-async-5] DEBUG a.f.a.t.b.t.TransitionExecutorImpl - Translating to SMT
2026-07-11T10:22:38,585 [zio-default-async-5] DEBUG a.f.a.t.b.SeqModelChecker - Step 3: Transition #20. Is it enabled?
2026-07-11T10:22:38,602 [zio-default-async-5] DEBUG a.f.a.t.b.SeqModelChecker - Step 3: Transition #20 is enabled
2026-07-11T10:22:38,603 [zio-default-async-5] INFO  a.f.a.t.b.SeqModelChecker - State 3: Checking 1 state invariants
2026-07-11T10:22:38,603 [zio-default-async-5] DEBUG a.f.a.t.b.SeqModelChecker - State 3: Checking state invariant 0
2026-07-11T10:22:38,636 [zio-default-async-5] INFO  a.f.a.t.b.SeqModelChecker - State 3: state invariant 0 holds.
2026-07-11T10:22:38,638 [zio-default-async-5] DEBUG a.f.a.t.b.t.TransitionExecutorImpl - Step #3, transition #21
2026-07-11T10:22:38,638 [zio-default-async-5] DEBUG a.f.a.t.b.t.TransitionExecutorImpl - Translating to SMT
2026-07-11T10:22:38,645 [zio-default-async-5] DEBUG a.f.a.t.b.SeqModelChecker - Step 3: Transition #21. Is it enabled?
2026-07-11T10:22:38,653 [zio-default-async-5] DEBUG a.f.a.t.b.SeqModelChecker - Step 3: Transition #21 is enabled
2026-07-11T10:22:38,653 [zio-default-async-5] INFO  a.f.a.t.b.SeqModelChecker - State 3: Checking 1 state invariants
2026-07-11T10:22:38,653 [zio-default-async-5] DEBUG a.f.a.t.b.SeqModelChecker - State 3: Checking state invariant 0
2026-07-11T10:22:38,668 [zio-default-async-5] INFO  a.f.a.t.b.SeqModelChecker - State 3: state invariant 0 holds.
2026-07-11T10:22:38,670 [zio-default-async-5] INFO  a.f.a.t.b.t.TransitionExecutorImpl - Step 3: picking a transition out of 22 transition(s)
2026-07-11T10:22:38,778 [zio-default-async-5] DEBUG a.f.a.t.b.t.TransitionExecutorImpl - Step #4, transition #0
2026-07-11T10:22:38,778 [zio-default-async-5] DEBUG a.f.a.t.b.t.TransitionExecutorImpl - Translating to SMT
2026-07-11T10:22:38,784 [zio-default-async-5] DEBUG a.f.a.t.b.SeqModelChecker - Step 4: Transition #0. Is it enabled?
2026-07-11T10:22:38,815 [zio-default-async-5] DEBUG a.f.a.t.b.SeqModelChecker - Step 4: Transition #0 is enabled
2026-07-11T10:22:38,815 [zio-default-async-5] INFO  a.f.a.t.b.SeqModelChecker - State 4: Checking 1 state invariants
2026-07-11T10:22:38,815 [zio-default-async-5] DEBUG a.f.a.t.b.SeqModelChecker - State 4: Checking state invariant 0
2026-07-11T10:22:38,847 [zio-default-async-5] INFO  a.f.a.t.b.SeqModelChecker - State 4: state invariant 0 holds.
2026-07-11T10:22:38,849 [zio-default-async-5] DEBUG a.f.a.t.b.t.TransitionExecutorImpl - Step #4, transition #1
2026-07-11T10:22:38,849 [zio-default-async-5] DEBUG a.f.a.t.b.t.TransitionExecutorImpl - Translating to SMT
2026-07-11T10:22:38,874 [zio-default-async-5] DEBUG a.f.a.t.b.SeqModelChecker - Step 4: Transition #1. Is it enabled?
2026-07-11T10:22:38,908 [zio-default-async-5] DEBUG a.f.a.t.b.SeqModelChecker - Step 4: Transition #1 is enabled
2026-07-11T10:22:38,908 [zio-default-async-5] INFO  a.f.a.t.b.SeqModelChecker - State 4: Checking 1 state invariants
2026-07-11T10:22:38,908 [zio-default-async-5] DEBUG a.f.a.t.b.SeqModelChecker - State 4: Checking state invariant 0
2026-07-11T10:22:38,914 [zio-default-async-5] INFO  a.f.a.t.b.SeqModelChecker - State 4: state invariant 0 holds.
2026-07-11T10:22:38,916 [zio-default-async-5] DEBUG a.f.a.t.b.t.TransitionExecutorImpl - Step #4, transition #2
2026-07-11T10:22:38,916 [zio-default-async-5] DEBUG a.f.a.t.b.t.TransitionExecutorImpl - Translating to SMT
2026-07-11T10:22:38,924 [zio-default-async-5] DEBUG a.f.a.t.b.SeqModelChecker - Step 4: Transition #2. Is it enabled?
2026-07-11T10:22:38,966 [zio-default-async-5] DEBUG a.f.a.t.b.SeqModelChecker - Step 4: Transition #2 is enabled
2026-07-11T10:22:38,967 [zio-default-async-5] INFO  a.f.a.t.b.SeqModelChecker - State 4: Checking 1 state invariants
2026-07-11T10:22:38,967 [zio-default-async-5] DEBUG a.f.a.t.b.SeqModelChecker - State 4: Checking state invariant 0
2026-07-11T10:22:39,006 [zio-default-async-5] INFO  a.f.a.t.b.SeqModelChecker - State 4: state invariant 0 holds.
2026-07-11T10:22:39,008 [zio-default-async-5] DEBUG a.f.a.t.b.t.TransitionExecutorImpl - Step #4, transition #3
2026-07-11T10:22:39,008 [zio-default-async-5] DEBUG a.f.a.t.b.t.TransitionExecutorImpl - Translating to SMT
2026-07-11T10:22:39,016 [zio-default-async-5] DEBUG a.f.a.t.b.SeqModelChecker - Step 4: Transition #3. Is it enabled?
2026-07-11T10:22:39,032 [zio-default-async-5] DEBUG a.f.a.t.b.SeqModelChecker - Step 4: Transition #3 is enabled
2026-07-11T10:22:39,032 [zio-default-async-5] INFO  a.f.a.t.b.SeqModelChecker - State 4: Checking 1 state invariants
2026-07-11T10:22:39,032 [zio-default-async-5] DEBUG a.f.a.t.b.SeqModelChecker - State 4: Checking state invariant 0
2026-07-11T10:22:39,037 [zio-default-async-5] INFO  a.f.a.t.b.SeqModelChecker - State 4: state invariant 0 holds.
2026-07-11T10:22:39,039 [zio-default-async-5] DEBUG a.f.a.t.b.t.TransitionExecutorImpl - Step #4, transition #4
2026-07-11T10:22:39,039 [zio-default-async-5] DEBUG a.f.a.t.b.t.TransitionExecutorImpl - Translating to SMT
2026-07-11T10:22:39,068 [zio-default-async-5] DEBUG a.f.a.t.b.SeqModelChecker - Step 4: Transition #4. Is it enabled?
2026-07-11T10:22:39,111 [zio-default-async-5] DEBUG a.f.a.t.b.SeqModelChecker - Step 4: Transition #4 is enabled
2026-07-11T10:22:39,112 [zio-default-async-5] INFO  a.f.a.t.b.SeqModelChecker - State 4: Checking 1 state invariants
2026-07-11T10:22:39,112 [zio-default-async-5] DEBUG a.f.a.t.b.SeqModelChecker - State 4: Checking state invariant 0
2026-07-11T10:22:39,145 [zio-default-async-5] INFO  a.f.a.t.b.SeqModelChecker - State 4: state invariant 0 holds.
2026-07-11T10:22:39,146 [zio-default-async-5] DEBUG a.f.a.t.b.t.TransitionExecutorImpl - Step #4, transition #5
2026-07-11T10:22:39,146 [zio-default-async-5] DEBUG a.f.a.t.b.t.TransitionExecutorImpl - Translating to SMT
2026-07-11T10:22:39,171 [zio-default-async-5] DEBUG a.f.a.t.b.SeqModelChecker - Step 4: Transition #5. Is it enabled?
2026-07-11T10:22:39,215 [zio-default-async-5] DEBUG a.f.a.t.b.SeqModelChecker - Step 4: Transition #5 is enabled
2026-07-11T10:22:39,216 [zio-default-async-5] INFO  a.f.a.t.b.SeqModelChecker - State 4: Checking 1 state invariants
2026-07-11T10:22:39,216 [zio-default-async-5] DEBUG a.f.a.t.b.SeqModelChecker - State 4: Checking state invariant 0
2026-07-11T10:22:39,238 [zio-default-async-5] INFO  a.f.a.t.b.SeqModelChecker - State 4: state invariant 0 holds.
2026-07-11T10:22:39,240 [zio-default-async-5] DEBUG a.f.a.t.b.t.TransitionExecutorImpl - Step #4, transition #6
2026-07-11T10:22:39,240 [zio-default-async-5] DEBUG a.f.a.t.b.t.TransitionExecutorImpl - Translating to SMT
2026-07-11T10:22:39,260 [zio-default-async-5] DEBUG a.f.a.t.b.SeqModelChecker - Step 4: Transition #6. Is it enabled?
2026-07-11T10:22:39,280 [zio-default-async-5] DEBUG a.f.a.t.b.SeqModelChecker - Step 4: Transition #6 is enabled
2026-07-11T10:22:39,280 [zio-default-async-5] INFO  a.f.a.t.b.SeqModelChecker - State 4: Checking 1 state invariants
2026-07-11T10:22:39,280 [zio-default-async-5] DEBUG a.f.a.t.b.SeqModelChecker - State 4: Checking state invariant 0
2026-07-11T10:22:39,324 [zio-default-async-5] INFO  a.f.a.t.b.SeqModelChecker - State 4: state invariant 0 holds.
2026-07-11T10:22:39,326 [zio-default-async-5] DEBUG a.f.a.t.b.t.TransitionExecutorImpl - Step #4, transition #7
2026-07-11T10:22:39,327 [zio-default-async-5] DEBUG a.f.a.t.b.t.TransitionExecutorImpl - Translating to SMT
2026-07-11T10:22:39,350 [zio-default-async-5] DEBUG a.f.a.t.b.SeqModelChecker - Step 4: Transition #7. Is it enabled?
2026-07-11T10:22:39,373 [zio-default-async-5] DEBUG a.f.a.t.b.SeqModelChecker - Step 4: Transition #7 is enabled
2026-07-11T10:22:39,374 [zio-default-async-5] INFO  a.f.a.t.b.SeqModelChecker - State 4: Checking 1 state invariants
2026-07-11T10:22:39,374 [zio-default-async-5] DEBUG a.f.a.t.b.SeqModelChecker - State 4: Checking state invariant 0
2026-07-11T10:22:39,426 [zio-default-async-5] INFO  a.f.a.t.b.SeqModelChecker - State 4: state invariant 0 holds.
2026-07-11T10:22:39,427 [zio-default-async-5] DEBUG a.f.a.t.b.t.TransitionExecutorImpl - Step #4, transition #8
2026-07-11T10:22:39,427 [zio-default-async-5] DEBUG a.f.a.t.b.t.TransitionExecutorImpl - Translating to SMT
2026-07-11T10:22:39,450 [zio-default-async-5] DEBUG a.f.a.t.b.SeqModelChecker - Step 4: Transition #8. Is it enabled?
2026-07-11T10:22:39,599 [zio-default-async-5] DEBUG a.f.a.t.b.SeqModelChecker - Step 4: Transition #8 is enabled
2026-07-11T10:22:39,600 [zio-default-async-5] INFO  a.f.a.t.b.SeqModelChecker - State 4: Checking 1 state invariants
2026-07-11T10:22:39,600 [zio-default-async-5] DEBUG a.f.a.t.b.SeqModelChecker - State 4: Checking state invariant 0
2026-07-11T10:22:39,747 [zio-default-async-5] INFO  a.f.a.t.b.SeqModelChecker - State 4: state invariant 0 holds.
2026-07-11T10:22:39,749 [zio-default-async-5] DEBUG a.f.a.t.b.t.TransitionExecutorImpl - Step #4, transition #9
2026-07-11T10:22:39,749 [zio-default-async-5] DEBUG a.f.a.t.b.t.TransitionExecutorImpl - Translating to SMT
2026-07-11T10:22:39,776 [zio-default-async-5] DEBUG a.f.a.t.b.SeqModelChecker - Step 4: Transition #9. Is it enabled?
2026-07-11T10:22:39,923 [zio-default-async-5] DEBUG a.f.a.t.b.SeqModelChecker - Step 4: Transition #9 is enabled
2026-07-11T10:22:39,923 [zio-default-async-5] INFO  a.f.a.t.b.SeqModelChecker - State 4: Checking 1 state invariants
2026-07-11T10:22:39,923 [zio-default-async-5] DEBUG a.f.a.t.b.SeqModelChecker - State 4: Checking state invariant 0
2026-07-11T10:22:40,016 [zio-default-async-5] INFO  a.f.a.t.b.SeqModelChecker - State 4: state invariant 0 holds.
2026-07-11T10:22:40,019 [zio-default-async-5] DEBUG a.f.a.t.b.t.TransitionExecutorImpl - Step #4, transition #10
2026-07-11T10:22:40,019 [zio-default-async-5] DEBUG a.f.a.t.b.t.TransitionExecutorImpl - Translating to SMT
2026-07-11T10:22:40,035 [zio-default-async-5] DEBUG a.f.a.t.b.SeqModelChecker - Step 4: Transition #10. Is it enabled?
2026-07-11T10:22:40,086 [zio-default-async-5] DEBUG a.f.a.t.b.SeqModelChecker - Step 4: Transition #10 is enabled
2026-07-11T10:22:40,086 [zio-default-async-5] INFO  a.f.a.t.b.SeqModelChecker - State 4: Checking 1 state invariants
2026-07-11T10:22:40,086 [zio-default-async-5] DEBUG a.f.a.t.b.SeqModelChecker - State 4: Checking state invariant 0
2026-07-11T10:22:40,158 [zio-default-async-5] INFO  a.f.a.t.b.SeqModelChecker - State 4: state invariant 0 holds.
2026-07-11T10:22:40,160 [zio-default-async-5] DEBUG a.f.a.t.b.t.TransitionExecutorImpl - Step #4, transition #11
2026-07-11T10:22:40,160 [zio-default-async-5] DEBUG a.f.a.t.b.t.TransitionExecutorImpl - Translating to SMT
2026-07-11T10:22:40,201 [zio-default-async-5] DEBUG a.f.a.t.b.SeqModelChecker - Step 4: Transition #11. Is it enabled?
2026-07-11T10:22:40,325 [zio-default-async-5] DEBUG a.f.a.t.b.SeqModelChecker - Step 4: Transition #11 is enabled
2026-07-11T10:22:40,326 [zio-default-async-5] INFO  a.f.a.t.b.SeqModelChecker - State 4: Checking 1 state invariants
2026-07-11T10:22:40,326 [zio-default-async-5] DEBUG a.f.a.t.b.SeqModelChecker - State 4: Checking state invariant 0
2026-07-11T10:22:40,370 [zio-default-async-5] INFO  a.f.a.t.b.SeqModelChecker - State 4: state invariant 0 holds.
2026-07-11T10:22:40,372 [zio-default-async-5] DEBUG a.f.a.t.b.t.TransitionExecutorImpl - Step #4, transition #12
2026-07-11T10:22:40,372 [zio-default-async-5] DEBUG a.f.a.t.b.t.TransitionExecutorImpl - Translating to SMT
2026-07-11T10:22:40,394 [zio-default-async-5] DEBUG a.f.a.t.b.SeqModelChecker - Step 4: Transition #12. Is it enabled?
2026-07-11T10:22:40,455 [zio-default-async-5] DEBUG a.f.a.t.b.SeqModelChecker - Step 4: Transition #12 is enabled
2026-07-11T10:22:40,455 [zio-default-async-5] INFO  a.f.a.t.b.SeqModelChecker - State 4: Checking 1 state invariants
2026-07-11T10:22:40,455 [zio-default-async-5] DEBUG a.f.a.t.b.SeqModelChecker - State 4: Checking state invariant 0
2026-07-11T10:22:40,609 [zio-default-async-5] INFO  a.f.a.t.b.SeqModelChecker - State 4: state invariant 0 holds.
2026-07-11T10:22:40,612 [zio-default-async-5] DEBUG a.f.a.t.b.t.TransitionExecutorImpl - Step #4, transition #13
2026-07-11T10:22:40,612 [zio-default-async-5] DEBUG a.f.a.t.b.t.TransitionExecutorImpl - Translating to SMT
2026-07-11T10:22:40,628 [zio-default-async-5] DEBUG a.f.a.t.b.SeqModelChecker - Step 4: Transition #13. Is it enabled?
2026-07-11T10:22:40,744 [zio-default-async-5] DEBUG a.f.a.t.b.SeqModelChecker - Step 4: Transition #13 is enabled
2026-07-11T10:22:40,744 [zio-default-async-5] INFO  a.f.a.t.b.SeqModelChecker - State 4: Checking 1 state invariants
2026-07-11T10:22:40,744 [zio-default-async-5] DEBUG a.f.a.t.b.SeqModelChecker - State 4: Checking state invariant 0
2026-07-11T10:22:40,843 [zio-default-async-5] INFO  a.f.a.t.b.SeqModelChecker - State 4: state invariant 0 holds.
2026-07-11T10:22:40,845 [zio-default-async-5] DEBUG a.f.a.t.b.t.TransitionExecutorImpl - Step #4, transition #14
2026-07-11T10:22:40,845 [zio-default-async-5] DEBUG a.f.a.t.b.t.TransitionExecutorImpl - Translating to SMT
2026-07-11T10:22:40,855 [zio-default-async-5] DEBUG a.f.a.t.b.SeqModelChecker - Step 4: Transition #14. Is it enabled?
2026-07-11T10:22:40,916 [zio-default-async-5] DEBUG a.f.a.t.b.SeqModelChecker - Step 4: Transition #14 is enabled
2026-07-11T10:22:40,916 [zio-default-async-5] INFO  a.f.a.t.b.SeqModelChecker - State 4: Checking 1 state invariants
2026-07-11T10:22:40,916 [zio-default-async-5] DEBUG a.f.a.t.b.SeqModelChecker - State 4: Checking state invariant 0
2026-07-11T10:22:41,015 [zio-default-async-5] INFO  a.f.a.t.b.SeqModelChecker - State 4: state invariant 0 holds.
2026-07-11T10:22:41,017 [zio-default-async-5] DEBUG a.f.a.t.b.t.TransitionExecutorImpl - Step #4, transition #15
2026-07-11T10:22:41,017 [zio-default-async-5] DEBUG a.f.a.t.b.t.TransitionExecutorImpl - Translating to SMT
2026-07-11T10:22:41,025 [zio-default-async-5] DEBUG a.f.a.t.b.SeqModelChecker - Step 4: Transition #15. Is it enabled?
2026-07-11T10:22:41,064 [zio-default-async-5] DEBUG a.f.a.t.b.SeqModelChecker - Step 4: Transition #15 is enabled
2026-07-11T10:22:41,064 [zio-default-async-5] INFO  a.f.a.t.b.SeqModelChecker - State 4: Checking 1 state invariants
2026-07-11T10:22:41,064 [zio-default-async-5] DEBUG a.f.a.t.b.SeqModelChecker - State 4: Checking state invariant 0
2026-07-11T10:22:41,070 [zio-default-async-5] INFO  a.f.a.t.b.SeqModelChecker - State 4: state invariant 0 holds.
2026-07-11T10:22:41,071 [zio-default-async-5] DEBUG a.f.a.t.b.t.TransitionExecutorImpl - Step #4, transition #16
2026-07-11T10:22:41,071 [zio-default-async-5] DEBUG a.f.a.t.b.t.TransitionExecutorImpl - Translating to SMT
2026-07-11T10:22:41,079 [zio-default-async-5] DEBUG a.f.a.t.b.SeqModelChecker - Step 4: Transition #16. Is it enabled?
2026-07-11T10:22:41,143 [zio-default-async-5] DEBUG a.f.a.t.b.SeqModelChecker - Step 4: Transition #16 is enabled
2026-07-11T10:22:41,143 [zio-default-async-5] INFO  a.f.a.t.b.SeqModelChecker - State 4: Checking 1 state invariants
2026-07-11T10:22:41,143 [zio-default-async-5] DEBUG a.f.a.t.b.SeqModelChecker - State 4: Checking state invariant 0
2026-07-11T10:22:41,223 [zio-default-async-5] INFO  a.f.a.t.b.SeqModelChecker - State 4: state invariant 0 holds.
2026-07-11T10:22:41,225 [zio-default-async-5] DEBUG a.f.a.t.b.t.TransitionExecutorImpl - Step #4, transition #17
2026-07-11T10:22:41,225 [zio-default-async-5] DEBUG a.f.a.t.b.t.TransitionExecutorImpl - Translating to SMT
2026-07-11T10:22:41,234 [zio-default-async-5] DEBUG a.f.a.t.b.SeqModelChecker - Step 4: Transition #17. Is it enabled?
2026-07-11T10:22:41,296 [zio-default-async-5] DEBUG a.f.a.t.b.SeqModelChecker - Step 4: Transition #17 is enabled
2026-07-11T10:22:41,296 [zio-default-async-5] INFO  a.f.a.t.b.SeqModelChecker - State 4: Checking 1 state invariants
2026-07-11T10:22:41,296 [zio-default-async-5] DEBUG a.f.a.t.b.SeqModelChecker - State 4: Checking state invariant 0
2026-07-11T10:22:41,377 [zio-default-async-5] INFO  a.f.a.t.b.SeqModelChecker - State 4: state invariant 0 holds.
2026-07-11T10:22:41,379 [zio-default-async-5] DEBUG a.f.a.t.b.t.TransitionExecutorImpl - Step #4, transition #18
2026-07-11T10:22:41,379 [zio-default-async-5] DEBUG a.f.a.t.b.t.TransitionExecutorImpl - Translating to SMT
2026-07-11T10:22:41,387 [zio-default-async-5] DEBUG a.f.a.t.b.SeqModelChecker - Step 4: Transition #18. Is it enabled?
2026-07-11T10:22:41,440 [zio-default-async-5] DEBUG a.f.a.t.b.SeqModelChecker - Step 4: Transition #18 is enabled
2026-07-11T10:22:41,440 [zio-default-async-5] INFO  a.f.a.t.b.SeqModelChecker - State 4: Checking 1 state invariants
2026-07-11T10:22:41,440 [zio-default-async-5] DEBUG a.f.a.t.b.SeqModelChecker - State 4: Checking state invariant 0
2026-07-11T10:22:41,518 [zio-default-async-5] INFO  a.f.a.t.b.SeqModelChecker - State 4: state invariant 0 holds.
2026-07-11T10:22:41,520 [zio-default-async-5] DEBUG a.f.a.t.b.t.TransitionExecutorImpl - Step #4, transition #19
2026-07-11T10:22:41,520 [zio-default-async-5] DEBUG a.f.a.t.b.t.TransitionExecutorImpl - Translating to SMT
2026-07-11T10:22:41,529 [zio-default-async-5] DEBUG a.f.a.t.b.SeqModelChecker - Step 4: Transition #19. Is it enabled?
2026-07-11T10:22:41,564 [zio-default-async-5] DEBUG a.f.a.t.b.SeqModelChecker - Step 4: Transition #19 is enabled
2026-07-11T10:22:41,564 [zio-default-async-5] INFO  a.f.a.t.b.SeqModelChecker - State 4: Checking 1 state invariants
2026-07-11T10:22:41,564 [zio-default-async-5] DEBUG a.f.a.t.b.SeqModelChecker - State 4: Checking state invariant 0
2026-07-11T10:22:41,571 [zio-default-async-5] INFO  a.f.a.t.b.SeqModelChecker - State 4: state invariant 0 holds.
2026-07-11T10:22:41,573 [zio-default-async-5] DEBUG a.f.a.t.b.t.TransitionExecutorImpl - Step #4, transition #20
2026-07-11T10:22:41,573 [zio-default-async-5] DEBUG a.f.a.t.b.t.TransitionExecutorImpl - Translating to SMT
2026-07-11T10:22:41,579 [zio-default-async-5] DEBUG a.f.a.t.b.SeqModelChecker - Step 4: Transition #20. Is it enabled?
2026-07-11T10:22:41,636 [zio-default-async-5] DEBUG a.f.a.t.b.SeqModelChecker - Step 4: Transition #20 is enabled
2026-07-11T10:22:41,636 [zio-default-async-5] INFO  a.f.a.t.b.SeqModelChecker - State 4: Checking 1 state invariants
2026-07-11T10:22:41,636 [zio-default-async-5] DEBUG a.f.a.t.b.SeqModelChecker - State 4: Checking state invariant 0
2026-07-11T10:22:41,741 [zio-default-async-5] INFO  a.f.a.t.b.SeqModelChecker - State 4: state invariant 0 holds.
2026-07-11T10:22:41,744 [zio-default-async-5] DEBUG a.f.a.t.b.t.TransitionExecutorImpl - Step #4, transition #21
2026-07-11T10:22:41,744 [zio-default-async-5] DEBUG a.f.a.t.b.t.TransitionExecutorImpl - Translating to SMT
2026-07-11T10:22:41,750 [zio-default-async-5] DEBUG a.f.a.t.b.SeqModelChecker - Step 4: Transition #21. Is it enabled?
2026-07-11T10:22:41,782 [zio-default-async-5] DEBUG a.f.a.t.b.SeqModelChecker - Step 4: Transition #21 is enabled
2026-07-11T10:22:41,782 [zio-default-async-5] INFO  a.f.a.t.b.SeqModelChecker - State 4: Checking 1 state invariants
2026-07-11T10:22:41,782 [zio-default-async-5] DEBUG a.f.a.t.b.SeqModelChecker - State 4: Checking state invariant 0
2026-07-11T10:22:41,867 [zio-default-async-5] INFO  a.f.a.t.b.SeqModelChecker - State 4: state invariant 0 holds.
2026-07-11T10:22:41,869 [zio-default-async-5] INFO  a.f.a.t.b.t.TransitionExecutorImpl - Step 4: picking a transition out of 22 transition(s)
2026-07-11T10:22:41,986 [zio-default-async-5] DEBUG a.f.a.t.b.t.TransitionExecutorImpl - Step #5, transition #0
2026-07-11T10:22:41,987 [zio-default-async-5] DEBUG a.f.a.t.b.t.TransitionExecutorImpl - Translating to SMT
2026-07-11T10:22:41,996 [zio-default-async-5] DEBUG a.f.a.t.b.SeqModelChecker - Step 5: Transition #0. Is it enabled?
2026-07-11T10:22:42,129 [zio-default-async-5] DEBUG a.f.a.t.b.SeqModelChecker - Step 5: Transition #0 is enabled
2026-07-11T10:22:42,130 [zio-default-async-5] INFO  a.f.a.t.b.SeqModelChecker - State 5: Checking 1 state invariants
2026-07-11T10:22:42,130 [zio-default-async-5] DEBUG a.f.a.t.b.SeqModelChecker - State 5: Checking state invariant 0
2026-07-11T10:22:42,185 [zio-default-async-5] INFO  a.f.a.t.b.SeqModelChecker - State 5: state invariant 0 holds.
2026-07-11T10:22:42,188 [zio-default-async-5] DEBUG a.f.a.t.b.t.TransitionExecutorImpl - Step #5, transition #1
2026-07-11T10:22:42,188 [zio-default-async-5] DEBUG a.f.a.t.b.t.TransitionExecutorImpl - Translating to SMT
2026-07-11T10:22:42,197 [zio-default-async-5] DEBUG a.f.a.t.b.SeqModelChecker - Step 5: Transition #1. Is it enabled?
2026-07-11T10:22:42,377 [zio-default-async-5] DEBUG a.f.a.t.b.SeqModelChecker - Step 5: Transition #1 is enabled
2026-07-11T10:22:42,377 [zio-default-async-5] INFO  a.f.a.t.b.SeqModelChecker - State 5: Checking 1 state invariants
2026-07-11T10:22:42,377 [zio-default-async-5] DEBUG a.f.a.t.b.SeqModelChecker - State 5: Checking state invariant 0
2026-07-11T10:22:42,381 [zio-default-async-5] INFO  a.f.a.t.b.SeqModelChecker - State 5: state invariant 0 holds.
2026-07-11T10:22:42,383 [zio-default-async-5] DEBUG a.f.a.t.b.t.TransitionExecutorImpl - Step #5, transition #2
2026-07-11T10:22:42,383 [zio-default-async-5] DEBUG a.f.a.t.b.t.TransitionExecutorImpl - Translating to SMT
2026-07-11T10:22:42,390 [zio-default-async-5] DEBUG a.f.a.t.b.SeqModelChecker - Step 5: Transition #2. Is it enabled?
2026-07-11T10:22:42,415 [zio-default-async-5] DEBUG a.f.a.t.b.SeqModelChecker - Step 5: Transition #2 is enabled
2026-07-11T10:22:42,415 [zio-default-async-5] INFO  a.f.a.t.b.SeqModelChecker - State 5: Checking 1 state invariants
2026-07-11T10:22:42,415 [zio-default-async-5] DEBUG a.f.a.t.b.SeqModelChecker - State 5: Checking state invariant 0
2026-07-11T10:22:42,497 [zio-default-async-5] INFO  a.f.a.t.b.SeqModelChecker - State 5: state invariant 0 holds.
2026-07-11T10:22:42,500 [zio-default-async-5] DEBUG a.f.a.t.b.t.TransitionExecutorImpl - Step #5, transition #3
2026-07-11T10:22:42,500 [zio-default-async-5] DEBUG a.f.a.t.b.t.TransitionExecutorImpl - Translating to SMT
2026-07-11T10:22:42,507 [zio-default-async-5] DEBUG a.f.a.t.b.SeqModelChecker - Step 5: Transition #3. Is it enabled?
2026-07-11T10:22:42,582 [zio-default-async-5] DEBUG a.f.a.t.b.SeqModelChecker - Step 5: Transition #3 is enabled
2026-07-11T10:22:42,582 [zio-default-async-5] INFO  a.f.a.t.b.SeqModelChecker - State 5: Checking 1 state invariants
2026-07-11T10:22:42,582 [zio-default-async-5] DEBUG a.f.a.t.b.SeqModelChecker - State 5: Checking state invariant 0
2026-07-11T10:22:42,589 [zio-default-async-5] INFO  a.f.a.t.b.SeqModelChecker - State 5: state invariant 0 holds.
2026-07-11T10:22:42,591 [zio-default-async-5] DEBUG a.f.a.t.b.t.TransitionExecutorImpl - Step #5, transition #4
2026-07-11T10:22:42,591 [zio-default-async-5] DEBUG a.f.a.t.b.t.TransitionExecutorImpl - Translating to SMT
2026-07-11T10:22:42,615 [zio-default-async-5] DEBUG a.f.a.t.b.SeqModelChecker - Step 5: Transition #4. Is it enabled?
2026-07-11T10:22:42,822 [zio-default-async-5] DEBUG a.f.a.t.b.SeqModelChecker - Step 5: Transition #4 is enabled
2026-07-11T10:22:42,822 [zio-default-async-5] INFO  a.f.a.t.b.SeqModelChecker - State 5: Checking 1 state invariants
2026-07-11T10:22:42,822 [zio-default-async-5] DEBUG a.f.a.t.b.SeqModelChecker - State 5: Checking state invariant 0
2026-07-11T10:22:42,899 [zio-default-async-5] INFO  a.f.a.t.b.SeqModelChecker - State 5: state invariant 0 holds.
2026-07-11T10:22:42,901 [zio-default-async-5] DEBUG a.f.a.t.b.t.TransitionExecutorImpl - Step #5, transition #5
2026-07-11T10:22:42,901 [zio-default-async-5] DEBUG a.f.a.t.b.t.TransitionExecutorImpl - Translating to SMT
2026-07-11T10:22:42,926 [zio-default-async-5] DEBUG a.f.a.t.b.SeqModelChecker - Step 5: Transition #5. Is it enabled?
2026-07-11T10:22:43,046 [zio-default-async-5] DEBUG a.f.a.t.b.SeqModelChecker - Step 5: Transition #5 is enabled
2026-07-11T10:22:43,047 [zio-default-async-5] INFO  a.f.a.t.b.SeqModelChecker - State 5: Checking 1 state invariants
2026-07-11T10:22:43,047 [zio-default-async-5] DEBUG a.f.a.t.b.SeqModelChecker - State 5: Checking state invariant 0
2026-07-11T10:22:43,068 [zio-default-async-5] INFO  a.f.a.t.b.SeqModelChecker - State 5: state invariant 0 holds.
2026-07-11T10:22:43,070 [zio-default-async-5] DEBUG a.f.a.t.b.t.TransitionExecutorImpl - Step #5, transition #6
2026-07-11T10:22:43,070 [zio-default-async-5] DEBUG a.f.a.t.b.t.TransitionExecutorImpl - Translating to SMT
2026-07-11T10:22:43,091 [zio-default-async-5] DEBUG a.f.a.t.b.SeqModelChecker - Step 5: Transition #6. Is it enabled?
2026-07-11T10:22:43,134 [zio-default-async-5] DEBUG a.f.a.t.b.SeqModelChecker - Step 5: Transition #6 is enabled
2026-07-11T10:22:43,134 [zio-default-async-5] INFO  a.f.a.t.b.SeqModelChecker - State 5: Checking 1 state invariants
2026-07-11T10:22:43,134 [zio-default-async-5] DEBUG a.f.a.t.b.SeqModelChecker - State 5: Checking state invariant 0
2026-07-11T10:22:43,383 [zio-default-async-5] INFO  a.f.a.t.b.SeqModelChecker - State 5: state invariant 0 holds.
2026-07-11T10:22:43,385 [zio-default-async-5] DEBUG a.f.a.t.b.t.TransitionExecutorImpl - Step #5, transition #7
2026-07-11T10:22:43,386 [zio-default-async-5] DEBUG a.f.a.t.b.t.TransitionExecutorImpl - Translating to SMT
2026-07-11T10:22:43,408 [zio-default-async-5] DEBUG a.f.a.t.b.SeqModelChecker - Step 5: Transition #7. Is it enabled?
2026-07-11T10:22:43,487 [zio-default-async-5] DEBUG a.f.a.t.b.SeqModelChecker - Step 5: Transition #7 is enabled
2026-07-11T10:22:43,487 [zio-default-async-5] INFO  a.f.a.t.b.SeqModelChecker - State 5: Checking 1 state invariants
2026-07-11T10:22:43,487 [zio-default-async-5] DEBUG a.f.a.t.b.SeqModelChecker - State 5: Checking state invariant 0
2026-07-11T10:22:43,642 [zio-default-async-5] INFO  a.f.a.t.b.SeqModelChecker - State 5: state invariant 0 holds.
2026-07-11T10:22:43,644 [zio-default-async-5] DEBUG a.f.a.t.b.t.TransitionExecutorImpl - Step #5, transition #8
2026-07-11T10:22:43,644 [zio-default-async-5] DEBUG a.f.a.t.b.t.TransitionExecutorImpl - Translating to SMT
2026-07-11T10:22:43,672 [zio-default-async-5] DEBUG a.f.a.t.b.SeqModelChecker - Step 5: Transition #8. Is it enabled?
2026-07-11T10:22:43,866 [zio-default-async-5] DEBUG a.f.a.t.b.SeqModelChecker - Step 5: Transition #8 is enabled
2026-07-11T10:22:43,866 [zio-default-async-5] INFO  a.f.a.t.b.SeqModelChecker - State 5: Checking 1 state invariants
2026-07-11T10:22:43,866 [zio-default-async-5] DEBUG a.f.a.t.b.SeqModelChecker - State 5: Checking state invariant 0
2026-07-11T10:22:44,562 [zio-default-async-5] INFO  a.f.a.t.b.SeqModelChecker - State 5: state invariant 0 holds.
2026-07-11T10:22:44,565 [zio-default-async-5] DEBUG a.f.a.t.b.t.TransitionExecutorImpl - Step #5, transition #9
2026-07-11T10:22:44,565 [zio-default-async-5] DEBUG a.f.a.t.b.t.TransitionExecutorImpl - Translating to SMT
2026-07-11T10:22:44,610 [zio-default-async-5] DEBUG a.f.a.t.b.SeqModelChecker - Step 5: Transition #9. Is it enabled?
2026-07-11T10:22:45,152 [zio-default-async-5] DEBUG a.f.a.t.b.SeqModelChecker - Step 5: Transition #9 is enabled
2026-07-11T10:22:45,152 [zio-default-async-5] INFO  a.f.a.t.b.SeqModelChecker - State 5: Checking 1 state invariants
2026-07-11T10:22:45,152 [zio-default-async-5] DEBUG a.f.a.t.b.SeqModelChecker - State 5: Checking state invariant 0
2026-07-11T10:22:45,190 [zio-default-async-5] INFO  a.f.a.t.b.SeqModelChecker - State 5: state invariant 0 holds.
2026-07-11T10:22:45,193 [zio-default-async-5] DEBUG a.f.a.t.b.t.TransitionExecutorImpl - Step #5, transition #10
2026-07-11T10:22:45,193 [zio-default-async-5] DEBUG a.f.a.t.b.t.TransitionExecutorImpl - Translating to SMT
2026-07-11T10:22:45,211 [zio-default-async-5] DEBUG a.f.a.t.b.SeqModelChecker - Step 5: Transition #10. Is it enabled?
2026-07-11T10:22:45,342 [zio-default-async-5] DEBUG a.f.a.t.b.SeqModelChecker - Step 5: Transition #10 is enabled
2026-07-11T10:22:45,342 [zio-default-async-5] INFO  a.f.a.t.b.SeqModelChecker - State 5: Checking 1 state invariants
2026-07-11T10:22:45,342 [zio-default-async-5] DEBUG a.f.a.t.b.SeqModelChecker - State 5: Checking state invariant 0
2026-07-11T10:22:46,064 [zio-default-async-5] INFO  a.f.a.t.b.SeqModelChecker - State 5: state invariant 0 holds.
2026-07-11T10:22:46,067 [zio-default-async-5] DEBUG a.f.a.t.b.t.TransitionExecutorImpl - Step #5, transition #11
2026-07-11T10:22:46,067 [zio-default-async-5] DEBUG a.f.a.t.b.t.TransitionExecutorImpl - Translating to SMT
2026-07-11T10:22:46,081 [zio-default-async-5] DEBUG a.f.a.t.b.SeqModelChecker - Step 5: Transition #11. Is it enabled?
2026-07-11T10:22:46,288 [zio-default-async-5] DEBUG a.f.a.t.b.SeqModelChecker - Step 5: Transition #11 is enabled
2026-07-11T10:22:46,288 [zio-default-async-5] INFO  a.f.a.t.b.SeqModelChecker - State 5: Checking 1 state invariants
2026-07-11T10:22:46,288 [zio-default-async-5] DEBUG a.f.a.t.b.SeqModelChecker - State 5: Checking state invariant 0
2026-07-11T10:22:46,502 [zio-default-async-5] INFO  a.f.a.t.b.SeqModelChecker - State 5: state invariant 0 holds.
2026-07-11T10:22:46,505 [zio-default-async-5] DEBUG a.f.a.t.b.t.TransitionExecutorImpl - Step #5, transition #12
2026-07-11T10:22:46,505 [zio-default-async-5] DEBUG a.f.a.t.b.t.TransitionExecutorImpl - Translating to SMT
2026-07-11T10:22:46,524 [zio-default-async-5] DEBUG a.f.a.t.b.SeqModelChecker - Step 5: Transition #12. Is it enabled?
2026-07-11T10:22:46,696 [zio-default-async-5] DEBUG a.f.a.t.b.SeqModelChecker - Step 5: Transition #12 is enabled
2026-07-11T10:22:46,696 [zio-default-async-5] INFO  a.f.a.t.b.SeqModelChecker - State 5: Checking 1 state invariants
2026-07-11T10:22:46,696 [zio-default-async-5] DEBUG a.f.a.t.b.SeqModelChecker - State 5: Checking state invariant 0
2026-07-11T10:22:47,389 [zio-default-async-5] INFO  a.f.a.t.b.SeqModelChecker - State 5: state invariant 0 holds.
2026-07-11T10:22:47,393 [zio-default-async-5] DEBUG a.f.a.t.b.t.TransitionExecutorImpl - Step #5, transition #13
2026-07-11T10:22:47,393 [zio-default-async-5] DEBUG a.f.a.t.b.t.TransitionExecutorImpl - Translating to SMT
2026-07-11T10:22:47,418 [zio-default-async-5] DEBUG a.f.a.t.b.SeqModelChecker - Step 5: Transition #13. Is it enabled?
2026-07-11T10:22:47,684 [zio-default-async-5] DEBUG a.f.a.t.b.SeqModelChecker - Step 5: Transition #13 is enabled
2026-07-11T10:22:47,684 [zio-default-async-5] INFO  a.f.a.t.b.SeqModelChecker - State 5: Checking 1 state invariants
2026-07-11T10:22:47,684 [zio-default-async-5] DEBUG a.f.a.t.b.SeqModelChecker - State 5: Checking state invariant 0
2026-07-11T10:22:47,934 [zio-default-async-5] INFO  a.f.a.t.b.SeqModelChecker - State 5: state invariant 0 holds.
2026-07-11T10:22:47,937 [zio-default-async-5] DEBUG a.f.a.t.b.t.TransitionExecutorImpl - Step #5, transition #14
2026-07-11T10:22:47,938 [zio-default-async-5] DEBUG a.f.a.t.b.t.TransitionExecutorImpl - Translating to SMT
2026-07-11T10:22:47,946 [zio-default-async-5] DEBUG a.f.a.t.b.SeqModelChecker - Step 5: Transition #14. Is it enabled?
2026-07-11T10:22:48,173 [zio-default-async-5] DEBUG a.f.a.t.b.SeqModelChecker - Step 5: Transition #14 is enabled
2026-07-11T10:22:48,173 [zio-default-async-5] INFO  a.f.a.t.b.SeqModelChecker - State 5: Checking 1 state invariants
2026-07-11T10:22:48,173 [zio-default-async-5] DEBUG a.f.a.t.b.SeqModelChecker - State 5: Checking state invariant 0
2026-07-11T10:22:48,339 [zio-default-async-5] INFO  a.f.a.t.b.SeqModelChecker - State 5: state invariant 0 holds.
2026-07-11T10:22:48,342 [zio-default-async-5] DEBUG a.f.a.t.b.t.TransitionExecutorImpl - Step #5, transition #15
2026-07-11T10:22:48,342 [zio-default-async-5] DEBUG a.f.a.t.b.t.TransitionExecutorImpl - Translating to SMT
2026-07-11T10:22:48,351 [zio-default-async-5] DEBUG a.f.a.t.b.SeqModelChecker - Step 5: Transition #15. Is it enabled?
2026-07-11T10:22:48,511 [zio-default-async-5] DEBUG a.f.a.t.b.SeqModelChecker - Step 5: Transition #15 is enabled
2026-07-11T10:22:48,512 [zio-default-async-5] INFO  a.f.a.t.b.SeqModelChecker - State 5: Checking 1 state invariants
2026-07-11T10:22:48,512 [zio-default-async-5] DEBUG a.f.a.t.b.SeqModelChecker - State 5: Checking state invariant 0
2026-07-11T10:22:48,518 [zio-default-async-5] INFO  a.f.a.t.b.SeqModelChecker - State 5: state invariant 0 holds.
2026-07-11T10:22:48,520 [zio-default-async-5] DEBUG a.f.a.t.b.t.TransitionExecutorImpl - Step #5, transition #16
2026-07-11T10:22:48,520 [zio-default-async-5] DEBUG a.f.a.t.b.t.TransitionExecutorImpl - Translating to SMT
2026-07-11T10:22:48,527 [zio-default-async-5] DEBUG a.f.a.t.b.SeqModelChecker - Step 5: Transition #16. Is it enabled?
2026-07-11T10:22:48,574 [zio-default-async-5] DEBUG a.f.a.t.b.SeqModelChecker - Step 5: Transition #16 is enabled
2026-07-11T10:22:48,574 [zio-default-async-5] INFO  a.f.a.t.b.SeqModelChecker - State 5: Checking 1 state invariants
2026-07-11T10:22:48,574 [zio-default-async-5] DEBUG a.f.a.t.b.SeqModelChecker - State 5: Checking state invariant 0
2026-07-11T10:22:49,097 [zio-default-async-5] INFO  a.f.a.t.b.SeqModelChecker - State 5: state invariant 0 holds.
2026-07-11T10:22:49,101 [zio-default-async-5] DEBUG a.f.a.t.b.t.TransitionExecutorImpl - Step #5, transition #17
2026-07-11T10:22:49,101 [zio-default-async-5] DEBUG a.f.a.t.b.t.TransitionExecutorImpl - Translating to SMT
2026-07-11T10:22:49,110 [zio-default-async-5] DEBUG a.f.a.t.b.SeqModelChecker - Step 5: Transition #17. Is it enabled?
2026-07-11T10:22:49,439 [zio-default-async-5] DEBUG a.f.a.t.b.SeqModelChecker - Step 5: Transition #17 is enabled
2026-07-11T10:22:49,440 [zio-default-async-5] INFO  a.f.a.t.b.SeqModelChecker - State 5: Checking 1 state invariants
2026-07-11T10:22:49,440 [zio-default-async-5] DEBUG a.f.a.t.b.SeqModelChecker - State 5: Checking state invariant 0
2026-07-11T10:22:49,955 [zio-default-async-5] INFO  a.f.a.t.b.SeqModelChecker - State 5: state invariant 0 holds.
2026-07-11T10:22:49,957 [zio-default-async-5] DEBUG a.f.a.t.b.t.TransitionExecutorImpl - Step #5, transition #18
2026-07-11T10:22:49,957 [zio-default-async-5] DEBUG a.f.a.t.b.t.TransitionExecutorImpl - Translating to SMT
2026-07-11T10:22:49,967 [zio-default-async-5] DEBUG a.f.a.t.b.SeqModelChecker - Step 5: Transition #18. Is it enabled?
2026-07-11T10:22:50,046 [zio-default-async-5] DEBUG a.f.a.t.b.SeqModelChecker - Step 5: Transition #18 is enabled
2026-07-11T10:22:50,046 [zio-default-async-5] INFO  a.f.a.t.b.SeqModelChecker - State 5: Checking 1 state invariants
2026-07-11T10:22:50,046 [zio-default-async-5] DEBUG a.f.a.t.b.SeqModelChecker - State 5: Checking state invariant 0
2026-07-11T10:22:50,123 [zio-default-async-5] INFO  a.f.a.t.b.SeqModelChecker - State 5: state invariant 0 holds.
2026-07-11T10:22:50,127 [zio-default-async-5] DEBUG a.f.a.t.b.t.TransitionExecutorImpl - Step #5, transition #19
2026-07-11T10:22:50,127 [zio-default-async-5] DEBUG a.f.a.t.b.t.TransitionExecutorImpl - Translating to SMT
2026-07-11T10:22:50,136 [zio-default-async-5] DEBUG a.f.a.t.b.SeqModelChecker - Step 5: Transition #19. Is it enabled?
2026-07-11T10:22:50,243 [zio-default-async-5] DEBUG a.f.a.t.b.SeqModelChecker - Step 5: Transition #19 is enabled
2026-07-11T10:22:50,244 [zio-default-async-5] INFO  a.f.a.t.b.SeqModelChecker - State 5: Checking 1 state invariants
2026-07-11T10:22:50,244 [zio-default-async-5] DEBUG a.f.a.t.b.SeqModelChecker - State 5: Checking state invariant 0
2026-07-11T10:22:50,252 [zio-default-async-5] INFO  a.f.a.t.b.SeqModelChecker - State 5: state invariant 0 holds.
2026-07-11T10:22:50,254 [zio-default-async-5] DEBUG a.f.a.t.b.t.TransitionExecutorImpl - Step #5, transition #20
2026-07-11T10:22:50,254 [zio-default-async-5] DEBUG a.f.a.t.b.t.TransitionExecutorImpl - Translating to SMT
2026-07-11T10:22:50,260 [zio-default-async-5] DEBUG a.f.a.t.b.SeqModelChecker - Step 5: Transition #20. Is it enabled?
2026-07-11T10:22:50,320 [zio-default-async-5] DEBUG a.f.a.t.b.SeqModelChecker - Step 5: Transition #20 is enabled
2026-07-11T10:22:50,320 [zio-default-async-5] INFO  a.f.a.t.b.SeqModelChecker - State 5: Checking 1 state invariants
2026-07-11T10:22:50,320 [zio-default-async-5] DEBUG a.f.a.t.b.SeqModelChecker - State 5: Checking state invariant 0
2026-07-11T10:22:51,197 [zio-default-async-5] INFO  a.f.a.t.b.SeqModelChecker - State 5: state invariant 0 holds.
2026-07-11T10:22:51,200 [zio-default-async-5] DEBUG a.f.a.t.b.t.TransitionExecutorImpl - Step #5, transition #21
2026-07-11T10:22:51,200 [zio-default-async-5] DEBUG a.f.a.t.b.t.TransitionExecutorImpl - Translating to SMT
2026-07-11T10:22:51,206 [zio-default-async-5] DEBUG a.f.a.t.b.SeqModelChecker - Step 5: Transition #21. Is it enabled?
2026-07-11T10:22:51,271 [zio-default-async-5] DEBUG a.f.a.t.b.SeqModelChecker - Step 5: Transition #21 is enabled
2026-07-11T10:22:51,272 [zio-default-async-5] INFO  a.f.a.t.b.SeqModelChecker - State 5: Checking 1 state invariants
2026-07-11T10:22:51,272 [zio-default-async-5] DEBUG a.f.a.t.b.SeqModelChecker - State 5: Checking state invariant 0
2026-07-11T10:22:51,578 [zio-default-async-5] INFO  a.f.a.t.b.SeqModelChecker - State 5: state invariant 0 holds.
2026-07-11T10:22:51,582 [zio-default-async-5] INFO  a.f.a.t.b.t.TransitionExecutorImpl - Step 5: picking a transition out of 22 transition(s)
2026-07-11T10:22:51,704 [zio-default-async-5] DEBUG a.f.a.t.b.t.TransitionExecutorImpl - Step #6, transition #0
2026-07-11T10:22:51,704 [zio-default-async-5] DEBUG a.f.a.t.b.t.TransitionExecutorImpl - Translating to SMT
2026-07-11T10:22:51,711 [zio-default-async-5] DEBUG a.f.a.t.b.SeqModelChecker - Step 6: Transition #0. Is it enabled?
2026-07-11T10:22:51,838 [zio-default-async-5] DEBUG a.f.a.t.b.SeqModelChecker - Step 6: Transition #0 is enabled
2026-07-11T10:22:51,838 [zio-default-async-5] INFO  a.f.a.t.b.SeqModelChecker - State 6: Checking 1 state invariants
2026-07-11T10:22:51,838 [zio-default-async-5] DEBUG a.f.a.t.b.SeqModelChecker - State 6: Checking state invariant 0
2026-07-11T10:22:51,898 [zio-default-async-5] INFO  a.f.a.t.b.SeqModelChecker - State 6: state invariant 0 holds.
2026-07-11T10:22:51,900 [zio-default-async-5] DEBUG a.f.a.t.b.t.TransitionExecutorImpl - Step #6, transition #1
2026-07-11T10:22:51,900 [zio-default-async-5] DEBUG a.f.a.t.b.t.TransitionExecutorImpl - Translating to SMT
2026-07-11T10:22:51,906 [zio-default-async-5] DEBUG a.f.a.t.b.SeqModelChecker - Step 6: Transition #1. Is it enabled?
2026-07-11T10:22:52,263 [zio-default-async-5] DEBUG a.f.a.t.b.SeqModelChecker - Step 6: Transition #1 is enabled
2026-07-11T10:22:52,263 [zio-default-async-5] INFO  a.f.a.t.b.SeqModelChecker - State 6: Checking 1 state invariants
2026-07-11T10:22:52,263 [zio-default-async-5] DEBUG a.f.a.t.b.SeqModelChecker - State 6: Checking state invariant 0
2026-07-11T10:22:52,269 [zio-default-async-5] INFO  a.f.a.t.b.SeqModelChecker - State 6: state invariant 0 holds.
2026-07-11T10:22:52,272 [zio-default-async-5] DEBUG a.f.a.t.b.t.TransitionExecutorImpl - Step #6, transition #2
2026-07-11T10:22:52,272 [zio-default-async-5] DEBUG a.f.a.t.b.t.TransitionExecutorImpl - Translating to SMT
2026-07-11T10:22:52,279 [zio-default-async-5] DEBUG a.f.a.t.b.SeqModelChecker - Step 6: Transition #2. Is it enabled?
2026-07-11T10:22:52,319 [zio-default-async-5] DEBUG a.f.a.t.b.SeqModelChecker - Step 6: Transition #2 is enabled
2026-07-11T10:22:52,319 [zio-default-async-5] INFO  a.f.a.t.b.SeqModelChecker - State 6: Checking 1 state invariants
2026-07-11T10:22:52,319 [zio-default-async-5] DEBUG a.f.a.t.b.SeqModelChecker - State 6: Checking state invariant 0
2026-07-11T10:22:52,486 [zio-default-async-5] INFO  a.f.a.t.b.SeqModelChecker - State 6: state invariant 0 holds.
2026-07-11T10:22:52,489 [zio-default-async-5] DEBUG a.f.a.t.b.t.TransitionExecutorImpl - Step #6, transition #3
2026-07-11T10:22:52,489 [zio-default-async-5] DEBUG a.f.a.t.b.t.TransitionExecutorImpl - Translating to SMT
2026-07-11T10:22:52,496 [zio-default-async-5] DEBUG a.f.a.t.b.SeqModelChecker - Step 6: Transition #3. Is it enabled?
2026-07-11T10:22:52,675 [zio-default-async-5] DEBUG a.f.a.t.b.SeqModelChecker - Step 6: Transition #3 is enabled
2026-07-11T10:22:52,675 [zio-default-async-5] INFO  a.f.a.t.b.SeqModelChecker - State 6: Checking 1 state invariants
2026-07-11T10:22:52,675 [zio-default-async-5] DEBUG a.f.a.t.b.SeqModelChecker - State 6: Checking state invariant 0
2026-07-11T10:22:52,683 [zio-default-async-5] INFO  a.f.a.t.b.SeqModelChecker - State 6: state invariant 0 holds.
2026-07-11T10:22:52,685 [zio-default-async-5] DEBUG a.f.a.t.b.t.TransitionExecutorImpl - Step #6, transition #4
2026-07-11T10:22:52,685 [zio-default-async-5] DEBUG a.f.a.t.b.t.TransitionExecutorImpl - Translating to SMT
2026-07-11T10:22:52,711 [zio-default-async-5] DEBUG a.f.a.t.b.SeqModelChecker - Step 6: Transition #4. Is it enabled?
2026-07-11T10:22:53,116 [zio-default-async-5] DEBUG a.f.a.t.b.SeqModelChecker - Step 6: Transition #4 is enabled
2026-07-11T10:22:53,116 [zio-default-async-5] INFO  a.f.a.t.b.SeqModelChecker - State 6: Checking 1 state invariants
2026-07-11T10:22:53,116 [zio-default-async-5] DEBUG a.f.a.t.b.SeqModelChecker - State 6: Checking state invariant 0
2026-07-11T10:22:53,166 [zio-default-async-5] INFO  a.f.a.t.b.SeqModelChecker - State 6: state invariant 0 holds.
2026-07-11T10:22:53,168 [zio-default-async-5] DEBUG a.f.a.t.b.t.TransitionExecutorImpl - Step #6, transition #5
2026-07-11T10:22:53,168 [zio-default-async-5] DEBUG a.f.a.t.b.t.TransitionExecutorImpl - Translating to SMT
2026-07-11T10:22:53,191 [zio-default-async-5] DEBUG a.f.a.t.b.SeqModelChecker - Step 6: Transition #5. Is it enabled?
2026-07-11T10:22:53,458 [zio-default-async-5] DEBUG a.f.a.t.b.SeqModelChecker - Step 6: Transition #5 is enabled
2026-07-11T10:22:53,458 [zio-default-async-5] INFO  a.f.a.t.b.SeqModelChecker - State 6: Checking 1 state invariants
2026-07-11T10:22:53,458 [zio-default-async-5] DEBUG a.f.a.t.b.SeqModelChecker - State 6: Checking state invariant 0
2026-07-11T10:22:53,486 [zio-default-async-5] INFO  a.f.a.t.b.SeqModelChecker - State 6: state invariant 0 holds.
2026-07-11T10:22:53,489 [zio-default-async-5] DEBUG a.f.a.t.b.t.TransitionExecutorImpl - Step #6, transition #6
2026-07-11T10:22:53,489 [zio-default-async-5] DEBUG a.f.a.t.b.t.TransitionExecutorImpl - Translating to SMT
2026-07-11T10:22:53,509 [zio-default-async-5] DEBUG a.f.a.t.b.SeqModelChecker - Step 6: Transition #6. Is it enabled?
2026-07-11T10:22:53,552 [zio-default-async-5] DEBUG a.f.a.t.b.SeqModelChecker - Step 6: Transition #6 is enabled
2026-07-11T10:22:53,552 [zio-default-async-5] INFO  a.f.a.t.b.SeqModelChecker - State 6: Checking 1 state invariants
2026-07-11T10:22:53,552 [zio-default-async-5] DEBUG a.f.a.t.b.SeqModelChecker - State 6: Checking state invariant 0
2026-07-11T10:22:54,358 [zio-default-async-5] INFO  a.f.a.t.b.SeqModelChecker - State 6: state invariant 0 holds.
2026-07-11T10:22:54,363 [zio-default-async-5] DEBUG a.f.a.t.b.t.TransitionExecutorImpl - Step #6, transition #7
2026-07-11T10:22:54,363 [zio-default-async-5] DEBUG a.f.a.t.b.t.TransitionExecutorImpl - Translating to SMT
2026-07-11T10:22:54,400 [zio-default-async-5] DEBUG a.f.a.t.b.SeqModelChecker - Step 6: Transition #7. Is it enabled?
2026-07-11T10:22:54,722 [zio-default-async-5] DEBUG a.f.a.t.b.SeqModelChecker - Step 6: Transition #7 is enabled
2026-07-11T10:22:54,722 [zio-default-async-5] INFO  a.f.a.t.b.SeqModelChecker - State 6: Checking 1 state invariants
2026-07-11T10:22:54,722 [zio-default-async-5] DEBUG a.f.a.t.b.SeqModelChecker - State 6: Checking state invariant 0
2026-07-11T10:22:55,106 [zio-default-async-5] INFO  a.f.a.t.b.SeqModelChecker - State 6: state invariant 0 holds.
2026-07-11T10:22:55,109 [zio-default-async-5] DEBUG a.f.a.t.b.t.TransitionExecutorImpl - Step #6, transition #8
2026-07-11T10:22:55,109 [zio-default-async-5] DEBUG a.f.a.t.b.t.TransitionExecutorImpl - Translating to SMT
2026-07-11T10:22:55,132 [zio-default-async-5] DEBUG a.f.a.t.b.SeqModelChecker - Step 6: Transition #8. Is it enabled?
2026-07-11T10:22:55,440 [zio-default-async-5] DEBUG a.f.a.t.b.SeqModelChecker - Step 6: Transition #8 is enabled
2026-07-11T10:22:55,441 [zio-default-async-5] INFO  a.f.a.t.b.SeqModelChecker - State 6: Checking 1 state invariants
2026-07-11T10:22:55,441 [zio-default-async-5] DEBUG a.f.a.t.b.SeqModelChecker - State 6: Checking state invariant 0
2026-07-11T10:22:56,869 [zio-default-async-5] INFO  a.f.a.t.b.SeqModelChecker - State 6: state invariant 0 holds.
2026-07-11T10:22:56,872 [zio-default-async-5] DEBUG a.f.a.t.b.t.TransitionExecutorImpl - Step #6, transition #9
2026-07-11T10:22:56,872 [zio-default-async-5] DEBUG a.f.a.t.b.t.TransitionExecutorImpl - Translating to SMT
2026-07-11T10:22:56,896 [zio-default-async-5] DEBUG a.f.a.t.b.SeqModelChecker - Step 6: Transition #9. Is it enabled?
2026-07-11T10:22:57,617 [zio-default-async-5] DEBUG a.f.a.t.b.SeqModelChecker - Step 6: Transition #9 is enabled
2026-07-11T10:22:57,617 [zio-default-async-5] INFO  a.f.a.t.b.SeqModelChecker - State 6: Checking 1 state invariants
2026-07-11T10:22:57,617 [zio-default-async-5] DEBUG a.f.a.t.b.SeqModelChecker - State 6: Checking state invariant 0
2026-07-11T10:22:57,657 [zio-default-async-5] INFO  a.f.a.t.b.SeqModelChecker - State 6: state invariant 0 holds.
2026-07-11T10:22:57,663 [zio-default-async-5] DEBUG a.f.a.t.b.t.TransitionExecutorImpl - Step #6, transition #10
2026-07-11T10:22:57,663 [zio-default-async-5] DEBUG a.f.a.t.b.t.TransitionExecutorImpl - Translating to SMT
2026-07-11T10:22:57,679 [zio-default-async-5] DEBUG a.f.a.t.b.SeqModelChecker - Step 6: Transition #10. Is it enabled?
2026-07-11T10:22:57,914 [zio-default-async-5] DEBUG a.f.a.t.b.SeqModelChecker - Step 6: Transition #10 is enabled
2026-07-11T10:22:57,914 [zio-default-async-5] INFO  a.f.a.t.b.SeqModelChecker - State 6: Checking 1 state invariants
2026-07-11T10:22:57,914 [zio-default-async-5] DEBUG a.f.a.t.b.SeqModelChecker - State 6: Checking state invariant 0
2026-07-11T10:22:59,998 [zio-default-async-5] INFO  a.f.a.t.b.SeqModelChecker - State 6: state invariant 0 holds.
2026-07-11T10:23:00,004 [zio-default-async-5] DEBUG a.f.a.t.b.t.TransitionExecutorImpl - Step #6, transition #11
2026-07-11T10:23:00,004 [zio-default-async-5] DEBUG a.f.a.t.b.t.TransitionExecutorImpl - Translating to SMT
2026-07-11T10:23:00,022 [zio-default-async-5] DEBUG a.f.a.t.b.SeqModelChecker - Step 6: Transition #11. Is it enabled?
2026-07-11T10:23:00,442 [zio-default-async-5] DEBUG a.f.a.t.b.SeqModelChecker - Step 6: Transition #11 is enabled
2026-07-11T10:23:00,442 [zio-default-async-5] INFO  a.f.a.t.b.SeqModelChecker - State 6: Checking 1 state invariants
2026-07-11T10:23:00,442 [zio-default-async-5] DEBUG a.f.a.t.b.SeqModelChecker - State 6: Checking state invariant 0
2026-07-11T10:23:01,092 [zio-default-async-5] INFO  a.f.a.t.b.SeqModelChecker - State 6: state invariant 0 holds.
2026-07-11T10:23:01,097 [zio-default-async-5] DEBUG a.f.a.t.b.t.TransitionExecutorImpl - Step #6, transition #12
2026-07-11T10:23:01,097 [zio-default-async-5] DEBUG a.f.a.t.b.t.TransitionExecutorImpl - Translating to SMT
2026-07-11T10:23:01,117 [zio-default-async-5] DEBUG a.f.a.t.b.SeqModelChecker - Step 6: Transition #12. Is it enabled?
2026-07-11T10:23:01,574 [zio-default-async-5] DEBUG a.f.a.t.b.SeqModelChecker - Step 6: Transition #12 is enabled
2026-07-11T10:23:01,575 [zio-default-async-5] INFO  a.f.a.t.b.SeqModelChecker - State 6: Checking 1 state invariants
2026-07-11T10:23:01,575 [zio-default-async-5] DEBUG a.f.a.t.b.SeqModelChecker - State 6: Checking state invariant 0
2026-07-11T10:23:03,307 [zio-default-async-5] INFO  a.f.a.t.b.SeqModelChecker - State 6: state invariant 0 holds.
2026-07-11T10:23:03,311 [zio-default-async-5] DEBUG a.f.a.t.b.t.TransitionExecutorImpl - Step #6, transition #13
2026-07-11T10:23:03,311 [zio-default-async-5] DEBUG a.f.a.t.b.t.TransitionExecutorImpl - Translating to SMT
2026-07-11T10:23:03,330 [zio-default-async-5] DEBUG a.f.a.t.b.SeqModelChecker - Step 6: Transition #13. Is it enabled?
2026-07-11T10:23:03,887 [zio-default-async-5] DEBUG a.f.a.t.b.SeqModelChecker - Step 6: Transition #13 is enabled
2026-07-11T10:23:03,888 [zio-default-async-5] INFO  a.f.a.t.b.SeqModelChecker - State 6: Checking 1 state invariants
2026-07-11T10:23:03,888 [zio-default-async-5] DEBUG a.f.a.t.b.SeqModelChecker - State 6: Checking state invariant 0
2026-07-11T10:23:03,921 [zio-default-async-5] INFO  a.f.a.t.b.SeqModelChecker - State 6: state invariant 0 holds.
2026-07-11T10:23:03,924 [zio-default-async-5] DEBUG a.f.a.t.b.t.TransitionExecutorImpl - Step #6, transition #14
2026-07-11T10:23:03,924 [zio-default-async-5] DEBUG a.f.a.t.b.t.TransitionExecutorImpl - Translating to SMT
2026-07-11T10:23:03,932 [zio-default-async-5] DEBUG a.f.a.t.b.SeqModelChecker - Step 6: Transition #14. Is it enabled?
2026-07-11T10:23:04,223 [zio-default-async-5] DEBUG a.f.a.t.b.SeqModelChecker - Step 6: Transition #14 is enabled
2026-07-11T10:23:04,224 [zio-default-async-5] INFO  a.f.a.t.b.SeqModelChecker - State 6: Checking 1 state invariants
2026-07-11T10:23:04,224 [zio-default-async-5] DEBUG a.f.a.t.b.SeqModelChecker - State 6: Checking state invariant 0
2026-07-11T10:23:04,440 [zio-default-async-5] INFO  a.f.a.t.b.SeqModelChecker - State 6: state invariant 0 holds.
2026-07-11T10:23:04,444 [zio-default-async-5] DEBUG a.f.a.t.b.t.TransitionExecutorImpl - Step #6, transition #15
2026-07-11T10:23:04,444 [zio-default-async-5] DEBUG a.f.a.t.b.t.TransitionExecutorImpl - Translating to SMT
2026-07-11T10:23:04,452 [zio-default-async-5] DEBUG a.f.a.t.b.SeqModelChecker - Step 6: Transition #15. Is it enabled?
2026-07-11T10:23:04,816 [zio-default-async-5] DEBUG a.f.a.t.b.SeqModelChecker - Step 6: Transition #15 is enabled
2026-07-11T10:23:04,816 [zio-default-async-5] INFO  a.f.a.t.b.SeqModelChecker - State 6: Checking 1 state invariants
2026-07-11T10:23:04,816 [zio-default-async-5] DEBUG a.f.a.t.b.SeqModelChecker - State 6: Checking state invariant 0
2026-07-11T10:23:04,825 [zio-default-async-5] INFO  a.f.a.t.b.SeqModelChecker - State 6: state invariant 0 holds.
2026-07-11T10:23:04,828 [zio-default-async-5] DEBUG a.f.a.t.b.t.TransitionExecutorImpl - Step #6, transition #16
2026-07-11T10:23:04,828 [zio-default-async-5] DEBUG a.f.a.t.b.t.TransitionExecutorImpl - Translating to SMT
2026-07-11T10:23:04,855 [zio-default-async-5] DEBUG a.f.a.t.b.SeqModelChecker - Step 6: Transition #16. Is it enabled?
2026-07-11T10:23:04,911 [zio-default-async-5] DEBUG a.f.a.t.b.SeqModelChecker - Step 6: Transition #16 is enabled
2026-07-11T10:23:04,911 [zio-default-async-5] INFO  a.f.a.t.b.SeqModelChecker - State 6: Checking 1 state invariants
2026-07-11T10:23:04,911 [zio-default-async-5] DEBUG a.f.a.t.b.SeqModelChecker - State 6: Checking state invariant 0
2026-07-11T10:23:06,598 [zio-default-async-5] INFO  a.f.a.t.b.SeqModelChecker - State 6: state invariant 0 holds.
2026-07-11T10:23:06,601 [zio-default-async-5] DEBUG a.f.a.t.b.t.TransitionExecutorImpl - Step #6, transition #17
2026-07-11T10:23:06,601 [zio-default-async-5] DEBUG a.f.a.t.b.t.TransitionExecutorImpl - Translating to SMT
2026-07-11T10:23:06,611 [zio-default-async-5] DEBUG a.f.a.t.b.SeqModelChecker - Step 6: Transition #17. Is it enabled?
2026-07-11T10:23:06,958 [zio-default-async-5] DEBUG a.f.a.t.b.SeqModelChecker - Step 6: Transition #17 is enabled
2026-07-11T10:23:06,958 [zio-default-async-5] INFO  a.f.a.t.b.SeqModelChecker - State 6: Checking 1 state invariants
2026-07-11T10:23:06,958 [zio-default-async-5] DEBUG a.f.a.t.b.SeqModelChecker - State 6: Checking state invariant 0
2026-07-11T10:23:07,741 [zio-default-async-5] INFO  a.f.a.t.b.SeqModelChecker - State 6: state invariant 0 holds.
2026-07-11T10:23:07,745 [zio-default-async-5] DEBUG a.f.a.t.b.t.TransitionExecutorImpl - Step #6, transition #18
2026-07-11T10:23:07,745 [zio-default-async-5] DEBUG a.f.a.t.b.t.TransitionExecutorImpl - Translating to SMT
2026-07-11T10:23:07,755 [zio-default-async-5] DEBUG a.f.a.t.b.SeqModelChecker - Step 6: Transition #18. Is it enabled?
2026-07-11T10:23:08,130 [zio-default-async-5] DEBUG a.f.a.t.b.SeqModelChecker - Step 6: Transition #18 is enabled
2026-07-11T10:23:08,130 [zio-default-async-5] INFO  a.f.a.t.b.SeqModelChecker - State 6: Checking 1 state invariants
2026-07-11T10:23:08,130 [zio-default-async-5] DEBUG a.f.a.t.b.SeqModelChecker - State 6: Checking state invariant 0
2026-07-11T10:23:08,338 [zio-default-async-5] INFO  a.f.a.t.b.SeqModelChecker - State 6: state invariant 0 holds.
2026-07-11T10:23:08,344 [zio-default-async-5] DEBUG a.f.a.t.b.t.TransitionExecutorImpl - Step #6, transition #19
2026-07-11T10:23:08,344 [zio-default-async-5] DEBUG a.f.a.t.b.t.TransitionExecutorImpl - Translating to SMT
2026-07-11T10:23:08,354 [zio-default-async-5] DEBUG a.f.a.t.b.SeqModelChecker - Step 6: Transition #19. Is it enabled?
2026-07-11T10:23:08,603 [zio-default-async-5] DEBUG a.f.a.t.b.SeqModelChecker - Step 6: Transition #19 is enabled
2026-07-11T10:23:08,603 [zio-default-async-5] INFO  a.f.a.t.b.SeqModelChecker - State 6: Checking 1 state invariants
2026-07-11T10:23:08,603 [zio-default-async-5] DEBUG a.f.a.t.b.SeqModelChecker - State 6: Checking state invariant 0
2026-07-11T10:23:08,612 [zio-default-async-5] INFO  a.f.a.t.b.SeqModelChecker - State 6: state invariant 0 holds.
2026-07-11T10:23:08,615 [zio-default-async-5] DEBUG a.f.a.t.b.t.TransitionExecutorImpl - Step #6, transition #20
2026-07-11T10:23:08,615 [zio-default-async-5] DEBUG a.f.a.t.b.t.TransitionExecutorImpl - Translating to SMT
2026-07-11T10:23:08,621 [zio-default-async-5] DEBUG a.f.a.t.b.SeqModelChecker - Step 6: Transition #20. Is it enabled?
2026-07-11T10:23:09,165 [zio-default-async-5] DEBUG a.f.a.t.b.SeqModelChecker - Step 6: Transition #20 is enabled
2026-07-11T10:23:09,165 [zio-default-async-5] INFO  a.f.a.t.b.SeqModelChecker - State 6: Checking 1 state invariants
2026-07-11T10:23:09,165 [zio-default-async-5] DEBUG a.f.a.t.b.SeqModelChecker - State 6: Checking state invariant 0
2026-07-11T10:23:11,255 [zio-default-async-5] INFO  a.f.a.t.b.SeqModelChecker - State 6: state invariant 0 holds.
2026-07-11T10:23:11,263 [zio-default-async-5] DEBUG a.f.a.t.b.t.TransitionExecutorImpl - Step #6, transition #21
2026-07-11T10:23:11,263 [zio-default-async-5] DEBUG a.f.a.t.b.t.TransitionExecutorImpl - Translating to SMT
2026-07-11T10:23:11,275 [zio-default-async-5] DEBUG a.f.a.t.b.SeqModelChecker - Step 6: Transition #21. Is it enabled?
2026-07-11T10:23:11,827 [zio-default-async-5] DEBUG a.f.a.t.b.SeqModelChecker - Step 6: Transition #21 is enabled
2026-07-11T10:23:11,829 [zio-default-async-5] INFO  a.f.a.t.b.SeqModelChecker - State 6: Checking 1 state invariants
2026-07-11T10:23:11,829 [zio-default-async-5] DEBUG a.f.a.t.b.SeqModelChecker - State 6: Checking state invariant 0
2026-07-11T10:23:12,764 [zio-default-async-5] INFO  a.f.a.t.b.SeqModelChecker - State 6: state invariant 0 holds.
2026-07-11T10:23:12,772 [zio-default-async-5] INFO  a.f.a.t.b.t.TransitionExecutorImpl - Step 6: picking a transition out of 22 transition(s)
2026-07-11T10:23:12,936 [zio-default-async-5] DEBUG a.f.a.t.b.t.TransitionExecutorImpl - Step #7, transition #0
2026-07-11T10:23:12,937 [zio-default-async-5] DEBUG a.f.a.t.b.t.TransitionExecutorImpl - Translating to SMT
2026-07-11T10:23:12,952 [zio-default-async-5] DEBUG a.f.a.t.b.SeqModelChecker - Step 7: Transition #0. Is it enabled?
2026-07-11T10:23:13,504 [zio-default-async-5] DEBUG a.f.a.t.b.SeqModelChecker - Step 7: Transition #0 is enabled
2026-07-11T10:23:13,505 [zio-default-async-5] INFO  a.f.a.t.b.SeqModelChecker - State 7: Checking 1 state invariants
2026-07-11T10:23:13,505 [zio-default-async-5] DEBUG a.f.a.t.b.SeqModelChecker - State 7: Checking state invariant 0
2026-07-11T10:23:13,825 [zio-default-async-5] INFO  a.f.a.t.b.SeqModelChecker - State 7: state invariant 0 holds.
2026-07-11T10:23:13,832 [zio-default-async-5] DEBUG a.f.a.t.b.t.TransitionExecutorImpl - Step #7, transition #1
2026-07-11T10:23:13,832 [zio-default-async-5] DEBUG a.f.a.t.b.t.TransitionExecutorImpl - Translating to SMT
2026-07-11T10:23:13,845 [zio-default-async-5] DEBUG a.f.a.t.b.SeqModelChecker - Step 7: Transition #1. Is it enabled?
2026-07-11T10:23:14,450 [zio-default-async-5] DEBUG a.f.a.t.b.SeqModelChecker - Step 7: Transition #1 is enabled
2026-07-11T10:23:14,452 [zio-default-async-5] INFO  a.f.a.t.b.SeqModelChecker - State 7: Checking 1 state invariants
2026-07-11T10:23:14,452 [zio-default-async-5] DEBUG a.f.a.t.b.SeqModelChecker - State 7: Checking state invariant 0
2026-07-11T10:23:14,465 [zio-default-async-5] INFO  a.f.a.t.b.SeqModelChecker - State 7: state invariant 0 holds.
2026-07-11T10:23:14,472 [zio-default-async-5] DEBUG a.f.a.t.b.t.TransitionExecutorImpl - Step #7, transition #2
2026-07-11T10:23:14,472 [zio-default-async-5] DEBUG a.f.a.t.b.t.TransitionExecutorImpl - Translating to SMT
2026-07-11T10:23:14,488 [zio-default-async-5] DEBUG a.f.a.t.b.SeqModelChecker - Step 7: Transition #2. Is it enabled?
2026-07-11T10:23:14,563 [zio-default-async-5] DEBUG a.f.a.t.b.SeqModelChecker - Step 7: Transition #2 is enabled
2026-07-11T10:23:14,564 [zio-default-async-5] INFO  a.f.a.t.b.SeqModelChecker - State 7: Checking 1 state invariants
2026-07-11T10:23:14,565 [zio-default-async-5] DEBUG a.f.a.t.b.SeqModelChecker - State 7: Checking state invariant 0
2026-07-11T10:23:15,070 [zio-default-async-5] INFO  a.f.a.t.b.SeqModelChecker - State 7: state invariant 0 holds.
2026-07-11T10:23:15,077 [zio-default-async-5] DEBUG a.f.a.t.b.t.TransitionExecutorImpl - Step #7, transition #3
2026-07-11T10:23:15,078 [zio-default-async-5] DEBUG a.f.a.t.b.t.TransitionExecutorImpl - Translating to SMT
2026-07-11T10:23:15,096 [zio-default-async-5] DEBUG a.f.a.t.b.SeqModelChecker - Step 7: Transition #3. Is it enabled?
2026-07-11T10:23:15,517 [zio-default-async-5] DEBUG a.f.a.t.b.SeqModelChecker - Step 7: Transition #3 is enabled
2026-07-11T10:23:15,518 [zio-default-async-5] INFO  a.f.a.t.b.SeqModelChecker - State 7: Checking 1 state invariants
2026-07-11T10:23:15,519 [zio-default-async-5] DEBUG a.f.a.t.b.SeqModelChecker - State 7: Checking state invariant 0
2026-07-11T10:23:15,543 [zio-default-async-5] INFO  a.f.a.t.b.SeqModelChecker - State 7: state invariant 0 holds.
2026-07-11T10:23:15,551 [zio-default-async-5] DEBUG a.f.a.t.b.t.TransitionExecutorImpl - Step #7, transition #4
2026-07-11T10:23:15,552 [zio-default-async-5] DEBUG a.f.a.t.b.t.TransitionExecutorImpl - Translating to SMT
2026-07-11T10:23:15,611 [zio-default-async-5] DEBUG a.f.a.t.b.SeqModelChecker - Step 7: Transition #4. Is it enabled?
2026-07-11T10:23:15,669 [zio-default-async-5] DEBUG a.f.a.t.b.SeqModelChecker - Step 7: Transition #4 is enabled
2026-07-11T10:23:15,670 [zio-default-async-5] INFO  a.f.a.t.b.SeqModelChecker - State 7: Checking 1 state invariants
2026-07-11T10:23:15,670 [zio-default-async-5] DEBUG a.f.a.t.b.SeqModelChecker - State 7: Checking state invariant 0
2026-07-11T10:23:16,018 [zio-default-async-5] INFO  a.f.a.t.b.SeqModelChecker - State 7: state invariant 0 holds.
2026-07-11T10:23:16,024 [zio-default-async-5] DEBUG a.f.a.t.b.t.TransitionExecutorImpl - Step #7, transition #5
2026-07-11T10:23:16,025 [zio-default-async-5] DEBUG a.f.a.t.b.t.TransitionExecutorImpl - Translating to SMT
2026-07-11T10:23:16,075 [zio-default-async-5] DEBUG a.f.a.t.b.SeqModelChecker - Step 7: Transition #5. Is it enabled?
2026-07-11T10:23:16,632 [zio-default-async-5] DEBUG a.f.a.t.b.SeqModelChecker - Step 7: Transition #5 is enabled
2026-07-11T10:23:16,633 [zio-default-async-5] INFO  a.f.a.t.b.SeqModelChecker - State 7: Checking 1 state invariants
2026-07-11T10:23:16,633 [zio-default-async-5] DEBUG a.f.a.t.b.SeqModelChecker - State 7: Checking state invariant 0
2026-07-11T10:23:16,677 [zio-default-async-5] INFO  a.f.a.t.b.SeqModelChecker - State 7: state invariant 0 holds.
2026-07-11T10:23:16,688 [zio-default-async-5] DEBUG a.f.a.t.b.t.TransitionExecutorImpl - Step #7, transition #6
2026-07-11T10:23:16,689 [zio-default-async-5] DEBUG a.f.a.t.b.t.TransitionExecutorImpl - Translating to SMT
2026-07-11T10:23:16,741 [zio-default-async-5] DEBUG a.f.a.t.b.SeqModelChecker - Step 7: Transition #6. Is it enabled?
2026-07-11T10:23:17,181 [zio-default-async-5] DEBUG a.f.a.t.b.SeqModelChecker - Step 7: Transition #6 is enabled
2026-07-11T10:23:17,183 [zio-default-async-5] INFO  a.f.a.t.b.SeqModelChecker - State 7: Checking 1 state invariants
2026-07-11T10:23:17,183 [zio-default-async-5] DEBUG a.f.a.t.b.SeqModelChecker - State 7: Checking state invariant 0
2026-07-11T10:23:19,481 [zio-default-async-5] INFO  a.f.a.t.b.SeqModelChecker - State 7: state invariant 0 holds.
2026-07-11T10:23:19,489 [zio-default-async-5] DEBUG a.f.a.t.b.t.TransitionExecutorImpl - Step #7, transition #7
2026-07-11T10:23:19,489 [zio-default-async-5] DEBUG a.f.a.t.b.t.TransitionExecutorImpl - Translating to SMT
2026-07-11T10:23:19,540 [zio-default-async-5] DEBUG a.f.a.t.b.SeqModelChecker - Step 7: Transition #7. Is it enabled?
2026-07-11T10:23:20,130 [zio-default-async-5] DEBUG a.f.a.t.b.SeqModelChecker - Step 7: Transition #7 is enabled
2026-07-11T10:23:20,132 [zio-default-async-5] INFO  a.f.a.t.b.SeqModelChecker - State 7: Checking 1 state invariants
2026-07-11T10:23:20,132 [zio-default-async-5] DEBUG a.f.a.t.b.SeqModelChecker - State 7: Checking state invariant 0
2026-07-11T10:23:21,240 [zio-default-async-5] INFO  a.f.a.t.b.SeqModelChecker - State 7: state invariant 0 holds.
2026-07-11T10:23:21,247 [zio-default-async-5] DEBUG a.f.a.t.b.t.TransitionExecutorImpl - Step #7, transition #8
2026-07-11T10:23:21,247 [zio-default-async-5] DEBUG a.f.a.t.b.t.TransitionExecutorImpl - Translating to SMT
2026-07-11T10:23:21,287 [zio-default-async-5] DEBUG a.f.a.t.b.SeqModelChecker - Step 7: Transition #8. Is it enabled?
2026-07-11T10:23:22,224 [zio-default-async-5] DEBUG a.f.a.t.b.SeqModelChecker - Step 7: Transition #8 is enabled
2026-07-11T10:23:22,226 [zio-default-async-5] INFO  a.f.a.t.b.SeqModelChecker - State 7: Checking 1 state invariants
2026-07-11T10:23:22,226 [zio-default-async-5] DEBUG a.f.a.t.b.SeqModelChecker - State 7: Checking state invariant 0
2026-07-11T10:23:27,004 [zio-default-async-5] INFO  a.f.a.t.b.SeqModelChecker - State 7: state invariant 0 holds.
2026-07-11T10:23:27,015 [zio-default-async-5] DEBUG a.f.a.t.b.t.TransitionExecutorImpl - Step #7, transition #9
2026-07-11T10:23:27,016 [zio-default-async-5] DEBUG a.f.a.t.b.t.TransitionExecutorImpl - Translating to SMT
2026-07-11T10:23:27,081 [zio-default-async-5] DEBUG a.f.a.t.b.SeqModelChecker - Step 7: Transition #9. Is it enabled?
2026-07-11T10:23:29,083 [zio-default-async-5] DEBUG a.f.a.t.b.SeqModelChecker - Step 7: Transition #9 is enabled
2026-07-11T10:23:29,084 [zio-default-async-5] INFO  a.f.a.t.b.SeqModelChecker - State 7: Checking 1 state invariants
2026-07-11T10:23:29,085 [zio-default-async-5] DEBUG a.f.a.t.b.SeqModelChecker - State 7: Checking state invariant 0
2026-07-11T10:23:29,224 [zio-default-async-5] INFO  a.f.a.t.b.SeqModelChecker - State 7: state invariant 0 holds.
2026-07-11T10:23:29,235 [zio-default-async-5] DEBUG a.f.a.t.b.t.TransitionExecutorImpl - Step #7, transition #10
2026-07-11T10:23:29,236 [zio-default-async-5] DEBUG a.f.a.t.b.t.TransitionExecutorImpl - Translating to SMT
2026-07-11T10:23:29,272 [zio-default-async-5] DEBUG a.f.a.t.b.SeqModelChecker - Step 7: Transition #10. Is it enabled?
2026-07-11T10:23:30,458 [zio-default-async-5] DEBUG a.f.a.t.b.SeqModelChecker - Step 7: Transition #10 is enabled
2026-07-11T10:23:30,460 [zio-default-async-5] INFO  a.f.a.t.b.SeqModelChecker - State 7: Checking 1 state invariants
2026-07-11T10:23:30,460 [zio-default-async-5] DEBUG a.f.a.t.b.SeqModelChecker - State 7: Checking state invariant 0
2026-07-11T10:23:34,881 [zio-default-async-5] INFO  a.f.a.t.b.SeqModelChecker - State 7: state invariant 0 holds.
2026-07-11T10:23:34,889 [zio-default-async-5] DEBUG a.f.a.t.b.t.TransitionExecutorImpl - Step #7, transition #11
2026-07-11T10:23:34,890 [zio-default-async-5] DEBUG a.f.a.t.b.t.TransitionExecutorImpl - Translating to SMT
2026-07-11T10:23:34,916 [zio-default-async-5] DEBUG a.f.a.t.b.SeqModelChecker - Step 7: Transition #11. Is it enabled?
2026-07-11T10:23:36,042 [zio-default-async-5] DEBUG a.f.a.t.b.SeqModelChecker - Step 7: Transition #11 is enabled
2026-07-11T10:23:36,043 [zio-default-async-5] INFO  a.f.a.t.b.SeqModelChecker - State 7: Checking 1 state invariants
2026-07-11T10:23:36,043 [zio-default-async-5] DEBUG a.f.a.t.b.SeqModelChecker - State 7: Checking state invariant 0
2026-07-11T10:23:37,112 [zio-default-async-5] INFO  a.f.a.t.b.SeqModelChecker - State 7: state invariant 0 holds.
2026-07-11T10:23:37,122 [zio-default-async-5] DEBUG a.f.a.t.b.t.TransitionExecutorImpl - Step #7, transition #12
2026-07-11T10:23:37,122 [zio-default-async-5] DEBUG a.f.a.t.b.t.TransitionExecutorImpl - Translating to SMT
2026-07-11T10:23:37,162 [zio-default-async-5] DEBUG a.f.a.t.b.SeqModelChecker - Step 7: Transition #12. Is it enabled?
2026-07-11T10:23:38,871 [zio-default-async-5] DEBUG a.f.a.t.b.SeqModelChecker - Step 7: Transition #12 is enabled
2026-07-11T10:23:38,873 [zio-default-async-5] INFO  a.f.a.t.b.SeqModelChecker - State 7: Checking 1 state invariants
2026-07-11T10:23:38,873 [zio-default-async-5] DEBUG a.f.a.t.b.SeqModelChecker - State 7: Checking state invariant 0
2026-07-11T10:23:39,880 [zio-default-async-5] INFO  a.f.a.t.b.SeqModelChecker - State 7: state invariant 0 holds.
2026-07-11T10:23:39,888 [zio-default-async-5] DEBUG a.f.a.t.b.t.TransitionExecutorImpl - Step #7, transition #13
2026-07-11T10:23:39,889 [zio-default-async-5] DEBUG a.f.a.t.b.t.TransitionExecutorImpl - Translating to SMT
2026-07-11T10:23:39,919 [zio-default-async-5] DEBUG a.f.a.t.b.SeqModelChecker - Step 7: Transition #13. Is it enabled?
2026-07-11T10:23:41,727 [zio-default-async-5] DEBUG a.f.a.t.b.SeqModelChecker - Step 7: Transition #13 is enabled
2026-07-11T10:23:41,728 [zio-default-async-5] INFO  a.f.a.t.b.SeqModelChecker - State 7: Checking 1 state invariants
2026-07-11T10:23:41,728 [zio-default-async-5] DEBUG a.f.a.t.b.SeqModelChecker - State 7: Checking state invariant 0
2026-07-11T10:23:41,790 [zio-default-async-5] INFO  a.f.a.t.b.SeqModelChecker - State 7: state invariant 0 holds.
2026-07-11T10:23:41,798 [zio-default-async-5] DEBUG a.f.a.t.b.t.TransitionExecutorImpl - Step #7, transition #14
2026-07-11T10:23:41,799 [zio-default-async-5] DEBUG a.f.a.t.b.t.TransitionExecutorImpl - Translating to SMT
2026-07-11T10:23:41,823 [zio-default-async-5] DEBUG a.f.a.t.b.SeqModelChecker - Step 7: Transition #14. Is it enabled?
2026-07-11T10:23:42,378 [zio-default-async-5] DEBUG a.f.a.t.b.SeqModelChecker - Step 7: Transition #14 is enabled
2026-07-11T10:23:42,379 [zio-default-async-5] INFO  a.f.a.t.b.SeqModelChecker - State 7: Checking 1 state invariants
2026-07-11T10:23:42,380 [zio-default-async-5] DEBUG a.f.a.t.b.SeqModelChecker - State 7: Checking state invariant 0
2026-07-11T10:23:43,149 [zio-default-async-5] INFO  a.f.a.t.b.SeqModelChecker - State 7: state invariant 0 holds.
2026-07-11T10:23:43,156 [zio-default-async-5] DEBUG a.f.a.t.b.t.TransitionExecutorImpl - Step #7, transition #15
2026-07-11T10:23:43,157 [zio-default-async-5] DEBUG a.f.a.t.b.t.TransitionExecutorImpl - Translating to SMT
2026-07-11T10:23:43,171 [zio-default-async-5] DEBUG a.f.a.t.b.SeqModelChecker - Step 7: Transition #15. Is it enabled?
2026-07-11T10:23:43,744 [zio-default-async-5] DEBUG a.f.a.t.b.SeqModelChecker - Step 7: Transition #15 is enabled
2026-07-11T10:23:43,746 [zio-default-async-5] INFO  a.f.a.t.b.SeqModelChecker - State 7: Checking 1 state invariants
2026-07-11T10:23:43,746 [zio-default-async-5] DEBUG a.f.a.t.b.SeqModelChecker - State 7: Checking state invariant 0
2026-07-11T10:23:43,767 [zio-default-async-5] INFO  a.f.a.t.b.SeqModelChecker - State 7: state invariant 0 holds.
2026-07-11T10:23:43,774 [zio-default-async-5] DEBUG a.f.a.t.b.t.TransitionExecutorImpl - Step #7, transition #16
2026-07-11T10:23:43,775 [zio-default-async-5] DEBUG a.f.a.t.b.t.TransitionExecutorImpl - Translating to SMT
2026-07-11T10:23:43,793 [zio-default-async-5] DEBUG a.f.a.t.b.SeqModelChecker - Step 7: Transition #16. Is it enabled?
2026-07-11T10:23:43,927 [zio-default-async-5] DEBUG a.f.a.t.b.SeqModelChecker - Step 7: Transition #16 is enabled
2026-07-11T10:23:43,929 [zio-default-async-5] INFO  a.f.a.t.b.SeqModelChecker - State 7: Checking 1 state invariants
2026-07-11T10:23:43,930 [zio-default-async-5] DEBUG a.f.a.t.b.SeqModelChecker - State 7: Checking state invariant 0
2026-07-11T10:23:46,588 [zio-default-async-5] INFO  a.f.a.t.b.SeqModelChecker - State 7: state invariant 0 holds.
2026-07-11T10:23:46,598 [zio-default-async-5] DEBUG a.f.a.t.b.t.TransitionExecutorImpl - Step #7, transition #17
2026-07-11T10:23:46,598 [zio-default-async-5] DEBUG a.f.a.t.b.t.TransitionExecutorImpl - Translating to SMT
2026-07-11T10:23:46,609 [zio-default-async-5] DEBUG a.f.a.t.b.SeqModelChecker - Step 7: Transition #17. Is it enabled?
2026-07-11T10:23:47,129 [zio-default-async-5] DEBUG a.f.a.t.b.SeqModelChecker - Step 7: Transition #17 is enabled
2026-07-11T10:23:47,129 [zio-default-async-5] INFO  a.f.a.t.b.SeqModelChecker - State 7: Checking 1 state invariants
2026-07-11T10:23:47,129 [zio-default-async-5] DEBUG a.f.a.t.b.SeqModelChecker - State 7: Checking state invariant 0
2026-07-11T10:23:48,012 [zio-default-async-5] INFO  a.f.a.t.b.SeqModelChecker - State 7: state invariant 0 holds.
2026-07-11T10:23:48,016 [zio-default-async-5] DEBUG a.f.a.t.b.t.TransitionExecutorImpl - Step #7, transition #18
2026-07-11T10:23:48,016 [zio-default-async-5] DEBUG a.f.a.t.b.t.TransitionExecutorImpl - Translating to SMT
2026-07-11T10:23:48,040 [zio-default-async-5] DEBUG a.f.a.t.b.SeqModelChecker - Step 7: Transition #18. Is it enabled?
2026-07-11T10:23:48,838 [zio-default-async-5] DEBUG a.f.a.t.b.SeqModelChecker - Step 7: Transition #18 is enabled
2026-07-11T10:23:48,838 [zio-default-async-5] INFO  a.f.a.t.b.SeqModelChecker - State 7: Checking 1 state invariants
2026-07-11T10:23:48,838 [zio-default-async-5] DEBUG a.f.a.t.b.SeqModelChecker - State 7: Checking state invariant 0
2026-07-11T10:23:49,062 [zio-default-async-5] INFO  a.f.a.t.b.SeqModelChecker - State 7: state invariant 0 holds.
2026-07-11T10:23:49,066 [zio-default-async-5] DEBUG a.f.a.t.b.t.TransitionExecutorImpl - Step #7, transition #19
2026-07-11T10:23:49,066 [zio-default-async-5] DEBUG a.f.a.t.b.t.TransitionExecutorImpl - Translating to SMT
2026-07-11T10:23:49,074 [zio-default-async-5] DEBUG a.f.a.t.b.SeqModelChecker - Step 7: Transition #19. Is it enabled?
2026-07-11T10:23:49,738 [zio-default-async-5] DEBUG a.f.a.t.b.SeqModelChecker - Step 7: Transition #19 is enabled
2026-07-11T10:23:49,738 [zio-default-async-5] INFO  a.f.a.t.b.SeqModelChecker - State 7: Checking 1 state invariants
2026-07-11T10:23:49,739 [zio-default-async-5] DEBUG a.f.a.t.b.SeqModelChecker - State 7: Checking state invariant 0
2026-07-11T10:23:49,748 [zio-default-async-5] INFO  a.f.a.t.b.SeqModelChecker - State 7: state invariant 0 holds.
2026-07-11T10:23:49,751 [zio-default-async-5] DEBUG a.f.a.t.b.t.TransitionExecutorImpl - Step #7, transition #20
2026-07-11T10:23:49,751 [zio-default-async-5] DEBUG a.f.a.t.b.t.TransitionExecutorImpl - Translating to SMT
2026-07-11T10:23:49,757 [zio-default-async-5] DEBUG a.f.a.t.b.SeqModelChecker - Step 7: Transition #20. Is it enabled?
2026-07-11T10:23:49,791 [zio-default-async-5] DEBUG a.f.a.t.b.SeqModelChecker - Step 7: Transition #20 is enabled
2026-07-11T10:23:49,791 [zio-default-async-5] INFO  a.f.a.t.b.SeqModelChecker - State 7: Checking 1 state invariants
2026-07-11T10:23:49,791 [zio-default-async-5] DEBUG a.f.a.t.b.SeqModelChecker - State 7: Checking state invariant 0
2026-07-11T10:23:51,670 [zio-default-async-5] INFO  a.f.a.t.b.SeqModelChecker - State 7: state invariant 0 holds.
2026-07-11T10:23:51,674 [zio-default-async-5] DEBUG a.f.a.t.b.t.TransitionExecutorImpl - Step #7, transition #21
2026-07-11T10:23:51,674 [zio-default-async-5] DEBUG a.f.a.t.b.t.TransitionExecutorImpl - Translating to SMT
2026-07-11T10:23:51,680 [zio-default-async-5] DEBUG a.f.a.t.b.SeqModelChecker - Step 7: Transition #21. Is it enabled?
2026-07-11T10:23:52,507 [zio-default-async-5] DEBUG a.f.a.t.b.SeqModelChecker - Step 7: Transition #21 is enabled
2026-07-11T10:23:52,508 [zio-default-async-5] INFO  a.f.a.t.b.SeqModelChecker - State 7: Checking 1 state invariants
2026-07-11T10:23:52,508 [zio-default-async-5] DEBUG a.f.a.t.b.SeqModelChecker - State 7: Checking state invariant 0
2026-07-11T10:23:53,303 [zio-default-async-5] INFO  a.f.a.t.b.SeqModelChecker - State 7: state invariant 0 holds.
2026-07-11T10:23:53,308 [zio-default-async-5] INFO  a.f.a.t.b.t.TransitionExecutorImpl - Step 7: picking a transition out of 22 transition(s)
2026-07-11T10:23:53,403 [zio-default-async-5] DEBUG a.f.a.t.b.t.TransitionExecutorImpl - Step #8, transition #0
2026-07-11T10:23:53,403 [zio-default-async-5] DEBUG a.f.a.t.b.t.TransitionExecutorImpl - Translating to SMT
2026-07-11T10:23:53,409 [zio-default-async-5] DEBUG a.f.a.t.b.SeqModelChecker - Step 8: Transition #0. Is it enabled?
2026-07-11T10:23:53,972 [zio-default-async-5] DEBUG a.f.a.t.b.SeqModelChecker - Step 8: Transition #0 is enabled
2026-07-11T10:23:53,973 [zio-default-async-5] INFO  a.f.a.t.b.SeqModelChecker - State 8: Checking 1 state invariants
2026-07-11T10:23:53,973 [zio-default-async-5] DEBUG a.f.a.t.b.SeqModelChecker - State 8: Checking state invariant 0
2026-07-11T10:23:54,313 [zio-default-async-5] INFO  a.f.a.t.b.SeqModelChecker - State 8: state invariant 0 holds.
2026-07-11T10:23:54,317 [zio-default-async-5] DEBUG a.f.a.t.b.t.TransitionExecutorImpl - Step #8, transition #1
2026-07-11T10:23:54,317 [zio-default-async-5] DEBUG a.f.a.t.b.t.TransitionExecutorImpl - Translating to SMT
2026-07-11T10:23:54,323 [zio-default-async-5] DEBUG a.f.a.t.b.SeqModelChecker - Step 8: Transition #1. Is it enabled?
2026-07-11T10:23:54,892 [zio-default-async-5] DEBUG a.f.a.t.b.SeqModelChecker - Step 8: Transition #1 is enabled
2026-07-11T10:23:54,892 [zio-default-async-5] INFO  a.f.a.t.b.SeqModelChecker - State 8: Checking 1 state invariants
2026-07-11T10:23:54,893 [zio-default-async-5] DEBUG a.f.a.t.b.SeqModelChecker - State 8: Checking state invariant 0
2026-07-11T10:23:54,901 [zio-default-async-5] INFO  a.f.a.t.b.SeqModelChecker - State 8: state invariant 0 holds.
2026-07-11T10:23:54,904 [zio-default-async-5] DEBUG a.f.a.t.b.t.TransitionExecutorImpl - Step #8, transition #2
2026-07-11T10:23:54,904 [zio-default-async-5] DEBUG a.f.a.t.b.t.TransitionExecutorImpl - Translating to SMT
2026-07-11T10:23:54,911 [zio-default-async-5] DEBUG a.f.a.t.b.SeqModelChecker - Step 8: Transition #2. Is it enabled?
2026-07-11T10:23:54,938 [zio-default-async-5] DEBUG a.f.a.t.b.SeqModelChecker - Step 8: Transition #2 is enabled
2026-07-11T10:23:54,938 [zio-default-async-5] INFO  a.f.a.t.b.SeqModelChecker - State 8: Checking 1 state invariants
2026-07-11T10:23:54,938 [zio-default-async-5] DEBUG a.f.a.t.b.SeqModelChecker - State 8: Checking state invariant 0
2026-07-11T10:23:55,417 [zio-default-async-5] INFO  a.f.a.t.b.SeqModelChecker - State 8: state invariant 0 holds.
2026-07-11T10:23:55,420 [zio-default-async-5] DEBUG a.f.a.t.b.t.TransitionExecutorImpl - Step #8, transition #3
2026-07-11T10:23:55,420 [zio-default-async-5] DEBUG a.f.a.t.b.t.TransitionExecutorImpl - Translating to SMT
2026-07-11T10:23:55,427 [zio-default-async-5] DEBUG a.f.a.t.b.SeqModelChecker - Step 8: Transition #3. Is it enabled?
2026-07-11T10:23:56,275 [zio-default-async-5] DEBUG a.f.a.t.b.SeqModelChecker - Step 8: Transition #3 is enabled
2026-07-11T10:23:56,275 [zio-default-async-5] INFO  a.f.a.t.b.SeqModelChecker - State 8: Checking 1 state invariants
2026-07-11T10:23:56,275 [zio-default-async-5] DEBUG a.f.a.t.b.SeqModelChecker - State 8: Checking state invariant 0
2026-07-11T10:23:56,284 [zio-default-async-5] INFO  a.f.a.t.b.SeqModelChecker - State 8: state invariant 0 holds.
2026-07-11T10:23:56,288 [zio-default-async-5] DEBUG a.f.a.t.b.t.TransitionExecutorImpl - Step #8, transition #4
2026-07-11T10:23:56,288 [zio-default-async-5] DEBUG a.f.a.t.b.t.TransitionExecutorImpl - Translating to SMT
2026-07-11T10:23:56,328 [zio-default-async-5] DEBUG a.f.a.t.b.SeqModelChecker - Step 8: Transition #4. Is it enabled?
2026-07-11T10:23:57,492 [zio-default-async-5] DEBUG a.f.a.t.b.SeqModelChecker - Step 8: Transition #4 is enabled
2026-07-11T10:23:57,493 [zio-default-async-5] INFO  a.f.a.t.b.SeqModelChecker - State 8: Checking 1 state invariants
2026-07-11T10:23:57,493 [zio-default-async-5] DEBUG a.f.a.t.b.SeqModelChecker - State 8: Checking state invariant 0
2026-07-11T10:23:57,807 [zio-default-async-5] INFO  a.f.a.t.b.SeqModelChecker - State 8: state invariant 0 holds.
2026-07-11T10:23:57,812 [zio-default-async-5] DEBUG a.f.a.t.b.t.TransitionExecutorImpl - Step #8, transition #5
2026-07-11T10:23:57,812 [zio-default-async-5] DEBUG a.f.a.t.b.t.TransitionExecutorImpl - Translating to SMT
2026-07-11T10:23:57,837 [zio-default-async-5] DEBUG a.f.a.t.b.SeqModelChecker - Step 8: Transition #5. Is it enabled?
2026-07-11T10:23:59,023 [zio-default-async-5] DEBUG a.f.a.t.b.SeqModelChecker - Step 8: Transition #5 is enabled
2026-07-11T10:23:59,023 [zio-default-async-5] INFO  a.f.a.t.b.SeqModelChecker - State 8: Checking 1 state invariants
2026-07-11T10:23:59,024 [zio-default-async-5] DEBUG a.f.a.t.b.SeqModelChecker - State 8: Checking state invariant 0
2026-07-11T10:23:59,047 [zio-default-async-5] INFO  a.f.a.t.b.SeqModelChecker - State 8: state invariant 0 holds.
2026-07-11T10:23:59,052 [zio-default-async-5] DEBUG a.f.a.t.b.t.TransitionExecutorImpl - Step #8, transition #6
2026-07-11T10:23:59,052 [zio-default-async-5] DEBUG a.f.a.t.b.t.TransitionExecutorImpl - Translating to SMT
2026-07-11T10:23:59,073 [zio-default-async-5] DEBUG a.f.a.t.b.SeqModelChecker - Step 8: Transition #6. Is it enabled?
2026-07-11T10:23:59,906 [zio-default-async-5] DEBUG a.f.a.t.b.SeqModelChecker - Step 8: Transition #6 is enabled
2026-07-11T10:23:59,907 [zio-default-async-5] INFO  a.f.a.t.b.SeqModelChecker - State 8: Checking 1 state invariants
2026-07-11T10:23:59,907 [zio-default-async-5] DEBUG a.f.a.t.b.SeqModelChecker - State 8: Checking state invariant 0
2026-07-11T10:24:01,883 [zio-default-async-5] INFO  a.f.a.t.b.SeqModelChecker - State 8: state invariant 0 holds.
2026-07-11T10:24:01,890 [zio-default-async-5] DEBUG a.f.a.t.b.t.TransitionExecutorImpl - Step #8, transition #7
2026-07-11T10:24:01,890 [zio-default-async-5] DEBUG a.f.a.t.b.t.TransitionExecutorImpl - Translating to SMT
2026-07-11T10:24:01,910 [zio-default-async-5] DEBUG a.f.a.t.b.SeqModelChecker - Step 8: Transition #7. Is it enabled?
2026-07-11T10:24:03,308 [zio-default-async-5] DEBUG a.f.a.t.b.SeqModelChecker - Step 8: Transition #7 is enabled
2026-07-11T10:24:03,308 [zio-default-async-5] INFO  a.f.a.t.b.SeqModelChecker - State 8: Checking 1 state invariants
2026-07-11T10:24:03,308 [zio-default-async-5] DEBUG a.f.a.t.b.SeqModelChecker - State 8: Checking state invariant 0
2026-07-11T10:24:04,405 [zio-default-async-5] INFO  a.f.a.t.b.SeqModelChecker - State 8: state invariant 0 holds.
2026-07-11T10:24:04,410 [zio-default-async-5] DEBUG a.f.a.t.b.t.TransitionExecutorImpl - Step #8, transition #8
2026-07-11T10:24:04,410 [zio-default-async-5] DEBUG a.f.a.t.b.t.TransitionExecutorImpl - Translating to SMT
2026-07-11T10:24:04,438 [zio-default-async-5] DEBUG a.f.a.t.b.SeqModelChecker - Step 8: Transition #8. Is it enabled?
2026-07-11T10:24:07,210 [zio-default-async-5] DEBUG a.f.a.t.b.SeqModelChecker - Step 8: Transition #8 is enabled
2026-07-11T10:24:07,210 [zio-default-async-5] INFO  a.f.a.t.b.SeqModelChecker - State 8: Checking 1 state invariants
2026-07-11T10:24:07,210 [zio-default-async-5] DEBUG a.f.a.t.b.SeqModelChecker - State 8: Checking state invariant 0
2026-07-11T10:24:09,552 [zio-default-async-5] INFO  a.f.a.t.b.SeqModelChecker - State 8: state invariant 0 holds.
2026-07-11T10:24:09,557 [zio-default-async-5] DEBUG a.f.a.t.b.t.TransitionExecutorImpl - Step #8, transition #9
2026-07-11T10:24:09,557 [zio-default-async-5] DEBUG a.f.a.t.b.t.TransitionExecutorImpl - Translating to SMT
2026-07-11T10:24:09,595 [zio-default-async-5] DEBUG a.f.a.t.b.SeqModelChecker - Step 8: Transition #9. Is it enabled?
2026-07-11T10:24:11,303 [zio-default-async-5] DEBUG a.f.a.t.b.SeqModelChecker - Step 8: Transition #9 is enabled
2026-07-11T10:24:11,304 [zio-default-async-5] INFO  a.f.a.t.b.SeqModelChecker - State 8: Checking 1 state invariants
2026-07-11T10:24:11,304 [zio-default-async-5] DEBUG a.f.a.t.b.SeqModelChecker - State 8: Checking state invariant 0
2026-07-11T10:24:11,555 [zio-default-async-5] INFO  a.f.a.t.b.SeqModelChecker - State 8: state invariant 0 holds.
2026-07-11T10:24:11,559 [zio-default-async-5] DEBUG a.f.a.t.b.t.TransitionExecutorImpl - Step #8, transition #10
2026-07-11T10:24:11,559 [zio-default-async-5] DEBUG a.f.a.t.b.t.TransitionExecutorImpl - Translating to SMT
2026-07-11T10:24:11,574 [zio-default-async-5] DEBUG a.f.a.t.b.SeqModelChecker - Step 8: Transition #10. Is it enabled?
2026-07-11T10:24:12,925 [zio-default-async-5] DEBUG a.f.a.t.b.SeqModelChecker - Step 8: Transition #10 is enabled
2026-07-11T10:24:12,926 [zio-default-async-5] INFO  a.f.a.t.b.SeqModelChecker - State 8: Checking 1 state invariants
2026-07-11T10:24:12,926 [zio-default-async-5] DEBUG a.f.a.t.b.SeqModelChecker - State 8: Checking state invariant 0
2026-07-11T10:24:16,834 [zio-default-async-5] INFO  a.f.a.t.b.SeqModelChecker - State 8: state invariant 0 holds.
2026-07-11T10:24:16,840 [zio-default-async-5] DEBUG a.f.a.t.b.t.TransitionExecutorImpl - Step #8, transition #11
2026-07-11T10:24:16,840 [zio-default-async-5] DEBUG a.f.a.t.b.t.TransitionExecutorImpl - Translating to SMT
2026-07-11T10:24:16,856 [zio-default-async-5] DEBUG a.f.a.t.b.SeqModelChecker - Step 8: Transition #11. Is it enabled?
2026-07-11T10:24:18,865 [zio-default-async-5] DEBUG a.f.a.t.b.SeqModelChecker - Step 8: Transition #11 is enabled
2026-07-11T10:24:18,866 [zio-default-async-5] INFO  a.f.a.t.b.SeqModelChecker - State 8: Checking 1 state invariants
2026-07-11T10:24:18,866 [zio-default-async-5] DEBUG a.f.a.t.b.SeqModelChecker - State 8: Checking state invariant 0
2026-07-11T10:24:20,464 [zio-default-async-5] INFO  a.f.a.t.b.SeqModelChecker - State 8: state invariant 0 holds.
2026-07-11T10:24:20,469 [zio-default-async-5] DEBUG a.f.a.t.b.t.TransitionExecutorImpl - Step #8, transition #12
2026-07-11T10:24:20,469 [zio-default-async-5] DEBUG a.f.a.t.b.t.TransitionExecutorImpl - Translating to SMT
2026-07-11T10:24:20,489 [zio-default-async-5] DEBUG a.f.a.t.b.SeqModelChecker - Step 8: Transition #12. Is it enabled?
2026-07-11T10:24:22,783 [zio-default-async-5] DEBUG a.f.a.t.b.SeqModelChecker - Step 8: Transition #12 is enabled
2026-07-11T10:24:22,783 [zio-default-async-5] INFO  a.f.a.t.b.SeqModelChecker - State 8: Checking 1 state invariants
2026-07-11T10:24:22,783 [zio-default-async-5] DEBUG a.f.a.t.b.SeqModelChecker - State 8: Checking state invariant 0
2026-07-11T10:24:23,136 [zio-default-async-5] INFO  a.f.a.t.b.SeqModelChecker - State 8: state invariant 0 holds.
2026-07-11T10:24:23,144 [zio-default-async-5] DEBUG a.f.a.t.b.t.TransitionExecutorImpl - Step #8, transition #13
2026-07-11T10:24:23,144 [zio-default-async-5] DEBUG a.f.a.t.b.t.TransitionExecutorImpl - Translating to SMT
2026-07-11T10:24:23,160 [zio-default-async-5] DEBUG a.f.a.t.b.SeqModelChecker - Step 8: Transition #13. Is it enabled?
2026-07-11T10:24:24,404 [zio-default-async-5] DEBUG a.f.a.t.b.SeqModelChecker - Step 8: Transition #13 is enabled
2026-07-11T10:24:24,497 [zio-default-async-5] INFO  a.f.a.t.b.SeqModelChecker - State 8: Checking 1 state invariants
2026-07-11T10:24:24,497 [zio-default-async-5] DEBUG a.f.a.t.b.SeqModelChecker - State 8: Checking state invariant 0
2026-07-11T10:24:24,615 [zio-default-async-5] INFO  a.f.a.t.b.SeqModelChecker - State 8: state invariant 0 holds.
2026-07-11T10:24:24,622 [zio-default-async-5] DEBUG a.f.a.t.b.t.TransitionExecutorImpl - Step #8, transition #14
2026-07-11T10:24:24,622 [zio-default-async-5] DEBUG a.f.a.t.b.t.TransitionExecutorImpl - Translating to SMT
2026-07-11T10:24:24,632 [zio-default-async-5] DEBUG a.f.a.t.b.SeqModelChecker - Step 8: Transition #14. Is it enabled?
2026-07-11T10:24:25,820 [zio-default-async-5] DEBUG a.f.a.t.b.SeqModelChecker - Step 8: Transition #14 is enabled
2026-07-11T10:24:25,820 [zio-default-async-5] INFO  a.f.a.t.b.SeqModelChecker - State 8: Checking 1 state invariants
2026-07-11T10:24:25,820 [zio-default-async-5] DEBUG a.f.a.t.b.SeqModelChecker - State 8: Checking state invariant 0
2026-07-11T10:24:26,584 [zio-default-async-5] INFO  a.f.a.t.b.SeqModelChecker - State 8: state invariant 0 holds.
2026-07-11T10:24:26,593 [zio-default-async-5] DEBUG a.f.a.t.b.t.TransitionExecutorImpl - Step #8, transition #15
2026-07-11T10:24:26,593 [zio-default-async-5] DEBUG a.f.a.t.b.t.TransitionExecutorImpl - Translating to SMT
2026-07-11T10:24:26,603 [zio-default-async-5] DEBUG a.f.a.t.b.SeqModelChecker - Step 8: Transition #15. Is it enabled?
2026-07-11T10:24:27,556 [zio-default-async-5] DEBUG a.f.a.t.b.SeqModelChecker - Step 8: Transition #15 is enabled
2026-07-11T10:24:27,556 [zio-default-async-5] INFO  a.f.a.t.b.SeqModelChecker - State 8: Checking 1 state invariants
2026-07-11T10:24:27,556 [zio-default-async-5] DEBUG a.f.a.t.b.SeqModelChecker - State 8: Checking state invariant 0
2026-07-11T10:24:27,567 [zio-default-async-5] INFO  a.f.a.t.b.SeqModelChecker - State 8: state invariant 0 holds.
2026-07-11T10:24:27,571 [zio-default-async-5] DEBUG a.f.a.t.b.t.TransitionExecutorImpl - Step #8, transition #16
2026-07-11T10:24:27,571 [zio-default-async-5] DEBUG a.f.a.t.b.t.TransitionExecutorImpl - Translating to SMT
2026-07-11T10:24:27,588 [zio-default-async-5] DEBUG a.f.a.t.b.SeqModelChecker - Step 8: Transition #16. Is it enabled?
2026-07-11T10:24:28,714 [zio-default-async-5] DEBUG a.f.a.t.b.SeqModelChecker - Step 8: Transition #16 is enabled
2026-07-11T10:24:28,715 [zio-default-async-5] INFO  a.f.a.t.b.SeqModelChecker - State 8: Checking 1 state invariants
2026-07-11T10:24:28,715 [zio-default-async-5] DEBUG a.f.a.t.b.SeqModelChecker - State 8: Checking state invariant 0
2026-07-11T10:24:31,443 [zio-default-async-5] INFO  a.f.a.t.b.SeqModelChecker - State 8: state invariant 0 holds.
2026-07-11T10:24:31,449 [zio-default-async-5] DEBUG a.f.a.t.b.t.TransitionExecutorImpl - Step #8, transition #17
2026-07-11T10:24:31,449 [zio-default-async-5] DEBUG a.f.a.t.b.t.TransitionExecutorImpl - Translating to SMT
2026-07-11T10:24:31,457 [zio-default-async-5] DEBUG a.f.a.t.b.SeqModelChecker - Step 8: Transition #17. Is it enabled?
2026-07-11T10:24:31,936 [zio-default-async-5] DEBUG a.f.a.t.b.SeqModelChecker - Step 8: Transition #17 is enabled
2026-07-11T10:24:31,936 [zio-default-async-5] INFO  a.f.a.t.b.SeqModelChecker - State 8: Checking 1 state invariants
2026-07-11T10:24:31,936 [zio-default-async-5] DEBUG a.f.a.t.b.SeqModelChecker - State 8: Checking state invariant 0
2026-07-11T10:24:33,354 [zio-default-async-5] INFO  a.f.a.t.b.SeqModelChecker - State 8: state invariant 0 holds.
2026-07-11T10:24:33,360 [zio-default-async-5] DEBUG a.f.a.t.b.t.TransitionExecutorImpl - Step #8, transition #18
2026-07-11T10:24:33,360 [zio-default-async-5] DEBUG a.f.a.t.b.t.TransitionExecutorImpl - Translating to SMT
2026-07-11T10:24:33,368 [zio-default-async-5] DEBUG a.f.a.t.b.SeqModelChecker - Step 8: Transition #18. Is it enabled?
2026-07-11T10:24:34,007 [zio-default-async-5] DEBUG a.f.a.t.b.SeqModelChecker - Step 8: Transition #18 is enabled
2026-07-11T10:24:34,008 [zio-default-async-5] INFO  a.f.a.t.b.SeqModelChecker - State 8: Checking 1 state invariants
2026-07-11T10:24:34,008 [zio-default-async-5] DEBUG a.f.a.t.b.SeqModelChecker - State 8: Checking state invariant 0
2026-07-11T10:24:34,262 [zio-default-async-5] INFO  a.f.a.t.b.SeqModelChecker - State 8: state invariant 0 holds.
2026-07-11T10:24:34,267 [zio-default-async-5] DEBUG a.f.a.t.b.t.TransitionExecutorImpl - Step #8, transition #19
2026-07-11T10:24:34,267 [zio-default-async-5] DEBUG a.f.a.t.b.t.TransitionExecutorImpl - Translating to SMT
2026-07-11T10:24:34,274 [zio-default-async-5] DEBUG a.f.a.t.b.SeqModelChecker - Step 8: Transition #19. Is it enabled?
2026-07-11T10:24:34,854 [zio-default-async-5] DEBUG a.f.a.t.b.SeqModelChecker - Step 8: Transition #19 is enabled
2026-07-11T10:24:34,854 [zio-default-async-5] INFO  a.f.a.t.b.SeqModelChecker - State 8: Checking 1 state invariants
2026-07-11T10:24:34,855 [zio-default-async-5] DEBUG a.f.a.t.b.SeqModelChecker - State 8: Checking state invariant 0
2026-07-11T10:24:34,868 [zio-default-async-5] INFO  a.f.a.t.b.SeqModelChecker - State 8: state invariant 0 holds.
2026-07-11T10:24:34,872 [zio-default-async-5] DEBUG a.f.a.t.b.t.TransitionExecutorImpl - Step #8, transition #20
2026-07-11T10:24:34,872 [zio-default-async-5] DEBUG a.f.a.t.b.t.TransitionExecutorImpl - Translating to SMT
2026-07-11T10:24:34,879 [zio-default-async-5] DEBUG a.f.a.t.b.SeqModelChecker - Step 8: Transition #20. Is it enabled?
2026-07-11T10:24:35,851 [zio-default-async-5] DEBUG a.f.a.t.b.SeqModelChecker - Step 8: Transition #20 is enabled
2026-07-11T10:24:35,851 [zio-default-async-5] INFO  a.f.a.t.b.SeqModelChecker - State 8: Checking 1 state invariants
2026-07-11T10:24:35,851 [zio-default-async-5] DEBUG a.f.a.t.b.SeqModelChecker - State 8: Checking state invariant 0
2026-07-11T10:24:38,433 [zio-default-async-5] INFO  a.f.a.t.b.SeqModelChecker - State 8: state invariant 0 holds.
2026-07-11T10:24:38,438 [zio-default-async-5] DEBUG a.f.a.t.b.t.TransitionExecutorImpl - Step #8, transition #21
2026-07-11T10:24:38,438 [zio-default-async-5] DEBUG a.f.a.t.b.t.TransitionExecutorImpl - Translating to SMT
2026-07-11T10:24:38,444 [zio-default-async-5] DEBUG a.f.a.t.b.SeqModelChecker - Step 8: Transition #21. Is it enabled?
2026-07-11T10:24:39,917 [zio-default-async-5] DEBUG a.f.a.t.b.SeqModelChecker - Step 8: Transition #21 is enabled
2026-07-11T10:24:39,917 [zio-default-async-5] INFO  a.f.a.t.b.SeqModelChecker - State 8: Checking 1 state invariants
2026-07-11T10:24:39,917 [zio-default-async-5] DEBUG a.f.a.t.b.SeqModelChecker - State 8: Checking state invariant 0
2026-07-11T10:24:40,778 [zio-default-async-5] INFO  a.f.a.t.b.SeqModelChecker - State 8: state invariant 0 holds.
2026-07-11T10:24:40,782 [zio-default-async-5] INFO  a.f.a.t.b.t.TransitionExecutorImpl - Step 8: picking a transition out of 22 transition(s)
2026-07-11T10:24:40,888 [zio-default-async-5] DEBUG a.f.a.t.b.t.TransitionExecutorImpl - Step #9, transition #0
2026-07-11T10:24:40,888 [zio-default-async-5] DEBUG a.f.a.t.b.t.TransitionExecutorImpl - Translating to SMT
2026-07-11T10:24:40,906 [zio-default-async-5] DEBUG a.f.a.t.b.SeqModelChecker - Step 9: Transition #0. Is it enabled?
2026-07-11T10:24:41,933 [zio-default-async-5] DEBUG a.f.a.t.b.SeqModelChecker - Step 9: Transition #0 is enabled
2026-07-11T10:24:41,934 [zio-default-async-5] INFO  a.f.a.t.b.SeqModelChecker - State 9: Checking 1 state invariants
2026-07-11T10:24:41,934 [zio-default-async-5] DEBUG a.f.a.t.b.SeqModelChecker - State 9: Checking state invariant 0
2026-07-11T10:24:42,197 [zio-default-async-5] INFO  a.f.a.t.b.SeqModelChecker - State 9: state invariant 0 holds.
2026-07-11T10:24:42,201 [zio-default-async-5] DEBUG a.f.a.t.b.t.TransitionExecutorImpl - Step #9, transition #1
2026-07-11T10:24:42,201 [zio-default-async-5] DEBUG a.f.a.t.b.t.TransitionExecutorImpl - Translating to SMT
2026-07-11T10:24:42,207 [zio-default-async-5] DEBUG a.f.a.t.b.SeqModelChecker - Step 9: Transition #1. Is it enabled?
2026-07-11T10:24:42,814 [zio-default-async-5] DEBUG a.f.a.t.b.SeqModelChecker - Step 9: Transition #1 is enabled
2026-07-11T10:24:42,814 [zio-default-async-5] INFO  a.f.a.t.b.SeqModelChecker - State 9: Checking 1 state invariants
2026-07-11T10:24:42,815 [zio-default-async-5] DEBUG a.f.a.t.b.SeqModelChecker - State 9: Checking state invariant 0
2026-07-11T10:24:42,827 [zio-default-async-5] INFO  a.f.a.t.b.SeqModelChecker - State 9: state invariant 0 holds.
2026-07-11T10:24:42,833 [zio-default-async-5] DEBUG a.f.a.t.b.t.TransitionExecutorImpl - Step #9, transition #2
2026-07-11T10:24:42,833 [zio-default-async-5] DEBUG a.f.a.t.b.t.TransitionExecutorImpl - Translating to SMT
2026-07-11T10:24:42,841 [zio-default-async-5] DEBUG a.f.a.t.b.SeqModelChecker - Step 9: Transition #2. Is it enabled?
2026-07-11T10:24:42,880 [zio-default-async-5] DEBUG a.f.a.t.b.SeqModelChecker - Step 9: Transition #2 is enabled
2026-07-11T10:24:42,881 [zio-default-async-5] INFO  a.f.a.t.b.SeqModelChecker - State 9: Checking 1 state invariants
2026-07-11T10:24:42,881 [zio-default-async-5] DEBUG a.f.a.t.b.SeqModelChecker - State 9: Checking state invariant 0
2026-07-11T10:24:43,475 [zio-default-async-5] INFO  a.f.a.t.b.SeqModelChecker - State 9: state invariant 0 holds.
2026-07-11T10:24:43,480 [zio-default-async-5] DEBUG a.f.a.t.b.t.TransitionExecutorImpl - Step #9, transition #3
2026-07-11T10:24:43,480 [zio-default-async-5] DEBUG a.f.a.t.b.t.TransitionExecutorImpl - Translating to SMT
2026-07-11T10:24:43,488 [zio-default-async-5] DEBUG a.f.a.t.b.SeqModelChecker - Step 9: Transition #3. Is it enabled?
2026-07-11T10:24:44,513 [zio-default-async-5] DEBUG a.f.a.t.b.SeqModelChecker - Step 9: Transition #3 is enabled
2026-07-11T10:24:44,513 [zio-default-async-5] INFO  a.f.a.t.b.SeqModelChecker - State 9: Checking 1 state invariants
2026-07-11T10:24:44,513 [zio-default-async-5] DEBUG a.f.a.t.b.SeqModelChecker - State 9: Checking state invariant 0
2026-07-11T10:24:44,523 [zio-default-async-5] INFO  a.f.a.t.b.SeqModelChecker - State 9: state invariant 0 holds.
2026-07-11T10:24:44,527 [zio-default-async-5] DEBUG a.f.a.t.b.t.TransitionExecutorImpl - Step #9, transition #4
2026-07-11T10:24:44,527 [zio-default-async-5] DEBUG a.f.a.t.b.t.TransitionExecutorImpl - Translating to SMT
2026-07-11T10:24:44,553 [zio-default-async-5] DEBUG a.f.a.t.b.SeqModelChecker - Step 9: Transition #4. Is it enabled?
2026-07-11T10:24:48,627 [zio-default-async-5] DEBUG a.f.a.t.b.SeqModelChecker - Step 9: Transition #4 is enabled
2026-07-11T10:24:48,628 [zio-default-async-5] INFO  a.f.a.t.b.SeqModelChecker - State 9: Checking 1 state invariants
2026-07-11T10:24:48,629 [zio-default-async-5] DEBUG a.f.a.t.b.SeqModelChecker - State 9: Checking state invariant 0
2026-07-11T10:24:49,168 [zio-default-async-5] INFO  a.f.a.t.b.SeqModelChecker - State 9: state invariant 0 holds.
2026-07-11T10:24:49,179 [zio-default-async-5] DEBUG a.f.a.t.b.t.TransitionExecutorImpl - Step #9, transition #5
2026-07-11T10:24:49,179 [zio-default-async-5] DEBUG a.f.a.t.b.t.TransitionExecutorImpl - Translating to SMT
2026-07-11T10:24:49,228 [zio-default-async-5] DEBUG a.f.a.t.b.SeqModelChecker - Step 9: Transition #5. Is it enabled?
2026-07-11T10:24:52,088 [zio-default-async-5] DEBUG a.f.a.t.b.SeqModelChecker - Step 9: Transition #5 is enabled
2026-07-11T10:24:52,089 [zio-default-async-5] INFO  a.f.a.t.b.SeqModelChecker - State 9: Checking 1 state invariants
2026-07-11T10:24:52,089 [zio-default-async-5] DEBUG a.f.a.t.b.SeqModelChecker - State 9: Checking state invariant 0
2026-07-11T10:24:52,129 [zio-default-async-5] INFO  a.f.a.t.b.SeqModelChecker - State 9: state invariant 0 holds.
2026-07-11T10:24:52,140 [zio-default-async-5] DEBUG a.f.a.t.b.t.TransitionExecutorImpl - Step #9, transition #6
2026-07-11T10:24:52,141 [zio-default-async-5] DEBUG a.f.a.t.b.t.TransitionExecutorImpl - Translating to SMT
2026-07-11T10:24:52,203 [zio-default-async-5] DEBUG a.f.a.t.b.SeqModelChecker - Step 9: Transition #6. Is it enabled?
2026-07-11T10:24:54,758 [zio-default-async-5] DEBUG a.f.a.t.b.SeqModelChecker - Step 9: Transition #6 is enabled
2026-07-11T10:24:54,760 [zio-default-async-5] INFO  a.f.a.t.b.SeqModelChecker - State 9: Checking 1 state invariants
2026-07-11T10:24:54,761 [zio-default-async-5] DEBUG a.f.a.t.b.SeqModelChecker - State 9: Checking state invariant 0
2026-07-11T10:25:01,336 [zio-default-async-5] INFO  a.f.a.t.b.SeqModelChecker - State 9: state invariant 0 holds.
2026-07-11T10:25:01,348 [zio-default-async-5] DEBUG a.f.a.t.b.t.TransitionExecutorImpl - Step #9, transition #7
2026-07-11T10:25:01,349 [zio-default-async-5] DEBUG a.f.a.t.b.t.TransitionExecutorImpl - Translating to SMT
2026-07-11T10:25:01,396 [zio-default-async-5] DEBUG a.f.a.t.b.SeqModelChecker - Step 9: Transition #7. Is it enabled?
2026-07-11T10:25:06,605 [zio-default-async-5] DEBUG a.f.a.t.b.SeqModelChecker - Step 9: Transition #7 is enabled
2026-07-11T10:25:06,606 [zio-default-async-5] INFO  a.f.a.t.b.SeqModelChecker - State 9: Checking 1 state invariants
2026-07-11T10:25:06,607 [zio-default-async-5] DEBUG a.f.a.t.b.SeqModelChecker - State 9: Checking state invariant 0
2026-07-11T10:25:09,257 [zio-default-async-5] INFO  a.f.a.t.b.SeqModelChecker - State 9: state invariant 0 holds.
2026-07-11T10:25:09,269 [zio-default-async-5] DEBUG a.f.a.t.b.t.TransitionExecutorImpl - Step #9, transition #8
2026-07-11T10:25:09,269 [zio-default-async-5] DEBUG a.f.a.t.b.t.TransitionExecutorImpl - Translating to SMT
2026-07-11T10:25:09,338 [zio-default-async-5] DEBUG a.f.a.t.b.SeqModelChecker - Step 9: Transition #8. Is it enabled?
2026-07-11T10:25:15,085 [zio-default-async-5] DEBUG a.f.a.t.b.SeqModelChecker - Step 9: Transition #8 is enabled
2026-07-11T10:25:15,086 [zio-default-async-5] INFO  a.f.a.t.b.SeqModelChecker - State 9: Checking 1 state invariants
2026-07-11T10:25:15,086 [zio-default-async-5] DEBUG a.f.a.t.b.SeqModelChecker - State 9: Checking state invariant 0
2026-07-11T10:25:18,232 [zio-default-async-5] INFO  a.f.a.t.b.SeqModelChecker - State 9: state invariant 0 holds.
2026-07-11T10:25:18,241 [zio-default-async-5] DEBUG a.f.a.t.b.t.TransitionExecutorImpl - Step #9, transition #9
2026-07-11T10:25:18,241 [zio-default-async-5] DEBUG a.f.a.t.b.t.TransitionExecutorImpl - Translating to SMT
2026-07-11T10:25:18,268 [zio-default-async-5] DEBUG a.f.a.t.b.SeqModelChecker - Step 9: Transition #9. Is it enabled?
2026-07-11T10:25:20,218 [zio-default-async-5] DEBUG a.f.a.t.b.SeqModelChecker - Step 9: Transition #9 is enabled
2026-07-11T10:25:20,218 [zio-default-async-5] INFO  a.f.a.t.b.SeqModelChecker - State 9: Checking 1 state invariants
2026-07-11T10:25:20,218 [zio-default-async-5] DEBUG a.f.a.t.b.SeqModelChecker - State 9: Checking state invariant 0
2026-07-11T10:25:20,298 [zio-default-async-5] INFO  a.f.a.t.b.SeqModelChecker - State 9: state invariant 0 holds.
2026-07-11T10:25:20,303 [zio-default-async-5] DEBUG a.f.a.t.b.t.TransitionExecutorImpl - Step #9, transition #10
2026-07-11T10:25:20,304 [zio-default-async-5] DEBUG a.f.a.t.b.t.TransitionExecutorImpl - Translating to SMT
2026-07-11T10:25:20,315 [zio-default-async-5] DEBUG a.f.a.t.b.SeqModelChecker - Step 9: Transition #10. Is it enabled?
2026-07-11T10:25:21,307 [zio-default-async-5] DEBUG a.f.a.t.b.SeqModelChecker - Step 9: Transition #10 is enabled
2026-07-11T10:25:21,308 [zio-default-async-5] INFO  a.f.a.t.b.SeqModelChecker - State 9: Checking 1 state invariants
2026-07-11T10:25:21,308 [zio-default-async-5] DEBUG a.f.a.t.b.SeqModelChecker - State 9: Checking state invariant 0
2026-07-11T10:25:24,866 [zio-default-async-5] INFO  a.f.a.t.b.SeqModelChecker - State 9: state invariant 0 holds.
2026-07-11T10:25:24,873 [zio-default-async-5] DEBUG a.f.a.t.b.t.TransitionExecutorImpl - Step #9, transition #11
2026-07-11T10:25:24,873 [zio-default-async-5] DEBUG a.f.a.t.b.t.TransitionExecutorImpl - Translating to SMT
2026-07-11T10:25:24,886 [zio-default-async-5] DEBUG a.f.a.t.b.SeqModelChecker - Step 9: Transition #11. Is it enabled?
2026-07-11T10:25:27,258 [zio-default-async-5] DEBUG a.f.a.t.b.SeqModelChecker - Step 9: Transition #11 is enabled
2026-07-11T10:25:27,258 [zio-default-async-5] INFO  a.f.a.t.b.SeqModelChecker - State 9: Checking 1 state invariants
2026-07-11T10:25:27,259 [zio-default-async-5] DEBUG a.f.a.t.b.SeqModelChecker - State 9: Checking state invariant 0
2026-07-11T10:25:29,619 [zio-default-async-5] INFO  a.f.a.t.b.SeqModelChecker - State 9: state invariant 0 holds.
2026-07-11T10:25:29,625 [zio-default-async-5] DEBUG a.f.a.t.b.t.TransitionExecutorImpl - Step #9, transition #12
2026-07-11T10:25:29,626 [zio-default-async-5] DEBUG a.f.a.t.b.t.TransitionExecutorImpl - Translating to SMT
2026-07-11T10:25:29,644 [zio-default-async-5] DEBUG a.f.a.t.b.SeqModelChecker - Step 9: Transition #12. Is it enabled?
2026-07-11T10:25:32,772 [zio-default-async-5] DEBUG a.f.a.t.b.SeqModelChecker - Step 9: Transition #12 is enabled
2026-07-11T10:25:32,773 [zio-default-async-5] INFO  a.f.a.t.b.SeqModelChecker - State 9: Checking 1 state invariants
2026-07-11T10:25:32,773 [zio-default-async-5] DEBUG a.f.a.t.b.SeqModelChecker - State 9: Checking state invariant 0
2026-07-11T10:25:33,823 [zio-default-async-5] INFO  a.f.a.t.b.SeqModelChecker - State 9: state invariant 0 holds.
2026-07-11T10:25:33,830 [zio-default-async-5] DEBUG a.f.a.t.b.t.TransitionExecutorImpl - Step #9, transition #13
2026-07-11T10:25:33,830 [zio-default-async-5] DEBUG a.f.a.t.b.t.TransitionExecutorImpl - Translating to SMT
2026-07-11T10:25:33,865 [zio-default-async-5] DEBUG a.f.a.t.b.SeqModelChecker - Step 9: Transition #13. Is it enabled?
2026-07-11T10:25:36,466 [zio-default-async-5] DEBUG a.f.a.t.b.SeqModelChecker - Step 9: Transition #13 is enabled
2026-07-11T10:25:36,466 [zio-default-async-5] INFO  a.f.a.t.b.SeqModelChecker - State 9: Checking 1 state invariants
2026-07-11T10:25:36,466 [zio-default-async-5] DEBUG a.f.a.t.b.SeqModelChecker - State 9: Checking state invariant 0
2026-07-11T10:25:36,636 [zio-default-async-5] INFO  a.f.a.t.b.SeqModelChecker - State 9: state invariant 0 holds.
2026-07-11T10:25:36,644 [zio-default-async-5] DEBUG a.f.a.t.b.t.TransitionExecutorImpl - Step #9, transition #14
2026-07-11T10:25:36,645 [zio-default-async-5] DEBUG a.f.a.t.b.t.TransitionExecutorImpl - Translating to SMT
2026-07-11T10:25:36,657 [zio-default-async-5] DEBUG a.f.a.t.b.SeqModelChecker - Step 9: Transition #14. Is it enabled?
2026-07-11T10:25:38,521 [zio-default-async-5] DEBUG a.f.a.t.b.SeqModelChecker - Step 9: Transition #14 is enabled
2026-07-11T10:25:38,522 [zio-default-async-5] INFO  a.f.a.t.b.SeqModelChecker - State 9: Checking 1 state invariants
2026-07-11T10:25:38,522 [zio-default-async-5] DEBUG a.f.a.t.b.SeqModelChecker - State 9: Checking state invariant 0
2026-07-11T10:25:39,047 [zio-default-async-5] INFO  a.f.a.t.b.SeqModelChecker - State 9: state invariant 0 holds.
2026-07-11T10:25:39,054 [zio-default-async-5] DEBUG a.f.a.t.b.t.TransitionExecutorImpl - Step #9, transition #15
2026-07-11T10:25:39,054 [zio-default-async-5] DEBUG a.f.a.t.b.t.TransitionExecutorImpl - Translating to SMT
2026-07-11T10:25:39,062 [zio-default-async-5] DEBUG a.f.a.t.b.SeqModelChecker - Step 9: Transition #15. Is it enabled?
2026-07-11T10:25:40,928 [zio-default-async-5] DEBUG a.f.a.t.b.SeqModelChecker - Step 9: Transition #15 is enabled
2026-07-11T10:25:40,928 [zio-default-async-5] INFO  a.f.a.t.b.SeqModelChecker - State 9: Checking 1 state invariants
2026-07-11T10:25:40,928 [zio-default-async-5] DEBUG a.f.a.t.b.SeqModelChecker - State 9: Checking state invariant 0
2026-07-11T10:25:40,940 [zio-default-async-5] INFO  a.f.a.t.b.SeqModelChecker - State 9: state invariant 0 holds.
2026-07-11T10:25:40,945 [zio-default-async-5] DEBUG a.f.a.t.b.t.TransitionExecutorImpl - Step #9, transition #16
2026-07-11T10:25:40,945 [zio-default-async-5] DEBUG a.f.a.t.b.t.TransitionExecutorImpl - Translating to SMT
2026-07-11T10:25:40,952 [zio-default-async-5] DEBUG a.f.a.t.b.SeqModelChecker - Step 9: Transition #16. Is it enabled?
2026-07-11T10:25:43,139 [zio-default-async-5] DEBUG a.f.a.t.b.SeqModelChecker - Step 9: Transition #16 is enabled
2026-07-11T10:25:43,139 [zio-default-async-5] INFO  a.f.a.t.b.SeqModelChecker - State 9: Checking 1 state invariants
2026-07-11T10:25:43,140 [zio-default-async-5] DEBUG a.f.a.t.b.SeqModelChecker - State 9: Checking state invariant 0
2026-07-11T10:25:49,944 [zio-default-async-5] INFO  a.f.a.t.b.SeqModelChecker - State 9: state invariant 0 holds.
2026-07-11T10:25:49,951 [zio-default-async-5] DEBUG a.f.a.t.b.t.TransitionExecutorImpl - Step #9, transition #17
2026-07-11T10:25:49,951 [zio-default-async-5] DEBUG a.f.a.t.b.t.TransitionExecutorImpl - Translating to SMT
2026-07-11T10:25:49,959 [zio-default-async-5] DEBUG a.f.a.t.b.SeqModelChecker - Step 9: Transition #17. Is it enabled?
2026-07-11T10:25:52,436 [zio-default-async-5] DEBUG a.f.a.t.b.SeqModelChecker - Step 9: Transition #17 is enabled
2026-07-11T10:25:52,437 [zio-default-async-5] INFO  a.f.a.t.b.SeqModelChecker - State 9: Checking 1 state invariants
2026-07-11T10:25:52,437 [zio-default-async-5] DEBUG a.f.a.t.b.SeqModelChecker - State 9: Checking state invariant 0
2026-07-11T10:25:53,911 [zio-default-async-5] INFO  a.f.a.t.b.SeqModelChecker - State 9: state invariant 0 holds.
2026-07-11T10:25:53,918 [zio-default-async-5] DEBUG a.f.a.t.b.t.TransitionExecutorImpl - Step #9, transition #18
2026-07-11T10:25:53,918 [zio-default-async-5] DEBUG a.f.a.t.b.t.TransitionExecutorImpl - Translating to SMT
2026-07-11T10:25:53,926 [zio-default-async-5] DEBUG a.f.a.t.b.SeqModelChecker - Step 9: Transition #18. Is it enabled?
2026-07-11T10:25:55,494 [zio-default-async-5] DEBUG a.f.a.t.b.SeqModelChecker - Step 9: Transition #18 is enabled
2026-07-11T10:25:55,494 [zio-default-async-5] INFO  a.f.a.t.b.SeqModelChecker - State 9: Checking 1 state invariants
2026-07-11T10:25:55,494 [zio-default-async-5] DEBUG a.f.a.t.b.SeqModelChecker - State 9: Checking state invariant 0
2026-07-11T10:25:56,393 [zio-default-async-5] INFO  a.f.a.t.b.SeqModelChecker - State 9: state invariant 0 holds.
2026-07-11T10:25:56,402 [zio-default-async-5] DEBUG a.f.a.t.b.t.TransitionExecutorImpl - Step #9, transition #19
2026-07-11T10:25:56,402 [zio-default-async-5] DEBUG a.f.a.t.b.t.TransitionExecutorImpl - Translating to SMT
2026-07-11T10:25:56,411 [zio-default-async-5] DEBUG a.f.a.t.b.SeqModelChecker - Step 9: Transition #19. Is it enabled?
2026-07-11T10:25:57,646 [zio-default-async-5] DEBUG a.f.a.t.b.SeqModelChecker - Step 9: Transition #19 is enabled
2026-07-11T10:25:57,646 [zio-default-async-5] INFO  a.f.a.t.b.SeqModelChecker - State 9: Checking 1 state invariants
2026-07-11T10:25:57,646 [zio-default-async-5] DEBUG a.f.a.t.b.SeqModelChecker - State 9: Checking state invariant 0
2026-07-11T10:25:57,661 [zio-default-async-5] INFO  a.f.a.t.b.SeqModelChecker - State 9: state invariant 0 holds.
2026-07-11T10:25:57,667 [zio-default-async-5] DEBUG a.f.a.t.b.t.TransitionExecutorImpl - Step #9, transition #20
2026-07-11T10:25:57,667 [zio-default-async-5] DEBUG a.f.a.t.b.t.TransitionExecutorImpl - Translating to SMT
2026-07-11T10:25:57,674 [zio-default-async-5] DEBUG a.f.a.t.b.SeqModelChecker - Step 9: Transition #20. Is it enabled?
2026-07-11T10:25:57,817 [zio-default-async-5] DEBUG a.f.a.t.b.SeqModelChecker - Step 9: Transition #20 is enabled
2026-07-11T10:25:57,817 [zio-default-async-5] INFO  a.f.a.t.b.SeqModelChecker - State 9: Checking 1 state invariants
2026-07-11T10:25:57,817 [zio-default-async-5] DEBUG a.f.a.t.b.SeqModelChecker - State 9: Checking state invariant 0
2026-07-11T10:26:01,902 [zio-default-async-5] INFO  a.f.a.t.b.SeqModelChecker - State 9: state invariant 0 holds.
2026-07-11T10:26:01,908 [zio-default-async-5] DEBUG a.f.a.t.b.t.TransitionExecutorImpl - Step #9, transition #21
2026-07-11T10:26:01,908 [zio-default-async-5] DEBUG a.f.a.t.b.t.TransitionExecutorImpl - Translating to SMT
2026-07-11T10:26:01,914 [zio-default-async-5] DEBUG a.f.a.t.b.SeqModelChecker - Step 9: Transition #21. Is it enabled?
2026-07-11T10:26:03,738 [zio-default-async-5] DEBUG a.f.a.t.b.SeqModelChecker - Step 9: Transition #21 is enabled
2026-07-11T10:26:03,738 [zio-default-async-5] INFO  a.f.a.t.b.SeqModelChecker - State 9: Checking 1 state invariants
2026-07-11T10:26:03,738 [zio-default-async-5] DEBUG a.f.a.t.b.SeqModelChecker - State 9: Checking state invariant 0
2026-07-11T10:26:05,459 [zio-default-async-5] INFO  a.f.a.t.b.SeqModelChecker - State 9: state invariant 0 holds.
2026-07-11T10:26:05,466 [zio-default-async-5] INFO  a.f.a.t.b.t.TransitionExecutorImpl - Step 9: picking a transition out of 22 transition(s)
2026-07-11T10:26:05,600 [zio-default-async-5] DEBUG a.f.a.t.b.t.TransitionExecutorImpl - Step #10, transition #0
2026-07-11T10:26:05,600 [zio-default-async-5] DEBUG a.f.a.t.b.t.TransitionExecutorImpl - Translating to SMT
2026-07-11T10:26:05,609 [zio-default-async-5] DEBUG a.f.a.t.b.SeqModelChecker - Step 10: Transition #0. Is it enabled?
2026-07-11T10:26:07,493 [zio-default-async-5] DEBUG a.f.a.t.b.SeqModelChecker - Step 10: Transition #0 is enabled
2026-07-11T10:26:07,494 [zio-default-async-5] INFO  a.f.a.t.b.SeqModelChecker - State 10: Checking 1 state invariants
2026-07-11T10:26:07,494 [zio-default-async-5] DEBUG a.f.a.t.b.SeqModelChecker - State 10: Checking state invariant 0
2026-07-11T10:26:07,809 [zio-default-async-5] INFO  a.f.a.t.b.SeqModelChecker - State 10: state invariant 0 holds.
2026-07-11T10:26:07,821 [zio-default-async-5] DEBUG a.f.a.t.b.t.TransitionExecutorImpl - Step #10, transition #1
2026-07-11T10:26:07,821 [zio-default-async-5] DEBUG a.f.a.t.b.t.TransitionExecutorImpl - Translating to SMT
2026-07-11T10:26:07,831 [zio-default-async-5] DEBUG a.f.a.t.b.SeqModelChecker - Step 10: Transition #1. Is it enabled?
2026-07-11T10:26:09,750 [zio-default-async-5] DEBUG a.f.a.t.b.SeqModelChecker - Step 10: Transition #1 is enabled
2026-07-11T10:26:09,750 [zio-default-async-5] INFO  a.f.a.t.b.SeqModelChecker - State 10: Checking 1 state invariants
2026-07-11T10:26:09,750 [zio-default-async-5] DEBUG a.f.a.t.b.SeqModelChecker - State 10: Checking state invariant 0
2026-07-11T10:26:09,773 [zio-default-async-5] INFO  a.f.a.t.b.SeqModelChecker - State 10: state invariant 0 holds.
2026-07-11T10:26:09,781 [zio-default-async-5] DEBUG a.f.a.t.b.t.TransitionExecutorImpl - Step #10, transition #2
2026-07-11T10:26:09,782 [zio-default-async-5] DEBUG a.f.a.t.b.t.TransitionExecutorImpl - Translating to SMT
2026-07-11T10:26:09,793 [zio-default-async-5] DEBUG a.f.a.t.b.SeqModelChecker - Step 10: Transition #2. Is it enabled?
2026-07-11T10:26:10,058 [zio-default-async-5] DEBUG a.f.a.t.b.SeqModelChecker - Step 10: Transition #2 is enabled
2026-07-11T10:26:10,058 [zio-default-async-5] INFO  a.f.a.t.b.SeqModelChecker - State 10: Checking 1 state invariants
2026-07-11T10:26:10,058 [zio-default-async-5] DEBUG a.f.a.t.b.SeqModelChecker - State 10: Checking state invariant 0
2026-07-11T10:26:12,326 [zio-default-async-5] INFO  a.f.a.t.b.SeqModelChecker - State 10: state invariant 0 holds.
2026-07-11T10:26:12,336 [zio-default-async-5] DEBUG a.f.a.t.b.t.TransitionExecutorImpl - Step #10, transition #3
2026-07-11T10:26:12,336 [zio-default-async-5] DEBUG a.f.a.t.b.t.TransitionExecutorImpl - Translating to SMT
2026-07-11T10:26:12,348 [zio-default-async-5] DEBUG a.f.a.t.b.SeqModelChecker - Step 10: Transition #3. Is it enabled?
2026-07-11T10:26:14,590 [zio-default-async-5] DEBUG a.f.a.t.b.SeqModelChecker - Step 10: Transition #3 is enabled
2026-07-11T10:26:14,590 [zio-default-async-5] INFO  a.f.a.t.b.SeqModelChecker - State 10: Checking 1 state invariants
2026-07-11T10:26:14,590 [zio-default-async-5] DEBUG a.f.a.t.b.SeqModelChecker - State 10: Checking state invariant 0
2026-07-11T10:26:14,611 [zio-default-async-5] INFO  a.f.a.t.b.SeqModelChecker - State 10: state invariant 0 holds.
2026-07-11T10:26:14,621 [zio-default-async-5] DEBUG a.f.a.t.b.t.TransitionExecutorImpl - Step #10, transition #4
2026-07-11T10:26:14,621 [zio-default-async-5] DEBUG a.f.a.t.b.t.TransitionExecutorImpl - Translating to SMT
2026-07-11T10:26:14,648 [zio-default-async-5] DEBUG a.f.a.t.b.SeqModelChecker - Step 10: Transition #4. Is it enabled?
2026-07-11T10:26:19,179 [zio-default-async-5] DEBUG a.f.a.t.b.SeqModelChecker - Step 10: Transition #4 is enabled
2026-07-11T10:26:19,181 [zio-default-async-5] INFO  a.f.a.t.b.SeqModelChecker - State 10: Checking 1 state invariants
2026-07-11T10:26:19,181 [zio-default-async-5] DEBUG a.f.a.t.b.SeqModelChecker - State 10: Checking state invariant 0
2026-07-11T10:26:20,988 [zio-default-async-5] INFO  a.f.a.t.b.SeqModelChecker - State 10: state invariant 0 holds.
2026-07-11T10:26:21,001 [zio-default-async-5] DEBUG a.f.a.t.b.t.TransitionExecutorImpl - Step #10, transition #5
2026-07-11T10:26:21,002 [zio-default-async-5] DEBUG a.f.a.t.b.t.TransitionExecutorImpl - Translating to SMT
2026-07-11T10:26:21,063 [zio-default-async-5] DEBUG a.f.a.t.b.SeqModelChecker - Step 10: Transition #5. Is it enabled?
2026-07-11T10:26:24,238 [zio-default-async-5] DEBUG a.f.a.t.b.SeqModelChecker - Step 10: Transition #5 is enabled
2026-07-11T10:26:24,239 [zio-default-async-5] INFO  a.f.a.t.b.SeqModelChecker - State 10: Checking 1 state invariants
2026-07-11T10:26:24,240 [zio-default-async-5] DEBUG a.f.a.t.b.SeqModelChecker - State 10: Checking state invariant 0
2026-07-11T10:26:24,290 [zio-default-async-5] INFO  a.f.a.t.b.SeqModelChecker - State 10: state invariant 0 holds.
2026-07-11T10:26:24,300 [zio-default-async-5] DEBUG a.f.a.t.b.t.TransitionExecutorImpl - Step #10, transition #6
2026-07-11T10:26:24,301 [zio-default-async-5] DEBUG a.f.a.t.b.t.TransitionExecutorImpl - Translating to SMT
2026-07-11T10:26:24,361 [zio-default-async-5] DEBUG a.f.a.t.b.SeqModelChecker - Step 10: Transition #6. Is it enabled?
2026-07-11T10:26:28,236 [zio-default-async-5] DEBUG a.f.a.t.b.SeqModelChecker - Step 10: Transition #6 is enabled
2026-07-11T10:26:28,237 [zio-default-async-5] INFO  a.f.a.t.b.SeqModelChecker - State 10: Checking 1 state invariants
2026-07-11T10:26:28,237 [zio-default-async-5] DEBUG a.f.a.t.b.SeqModelChecker - State 10: Checking state invariant 0
2026-07-11T10:26:33,215 [zio-default-async-5] INFO  a.f.a.t.b.SeqModelChecker - State 10: state invariant 0 holds.
2026-07-11T10:26:33,226 [zio-default-async-5] DEBUG a.f.a.t.b.t.TransitionExecutorImpl - Step #10, transition #7
2026-07-11T10:26:33,226 [zio-default-async-5] DEBUG a.f.a.t.b.t.TransitionExecutorImpl - Translating to SMT
2026-07-11T10:26:33,250 [zio-default-async-5] DEBUG a.f.a.t.b.SeqModelChecker - Step 10: Transition #7. Is it enabled?
2026-07-11T10:26:34,896 [zio-default-async-5] DEBUG a.f.a.t.b.SeqModelChecker - Step 10: Transition #7 is enabled
2026-07-11T10:26:34,896 [zio-default-async-5] INFO  a.f.a.t.b.SeqModelChecker - State 10: Checking 1 state invariants
2026-07-11T10:26:34,897 [zio-default-async-5] DEBUG a.f.a.t.b.SeqModelChecker - State 10: Checking state invariant 0
2026-07-11T10:26:37,085 [zio-default-async-5] INFO  a.f.a.t.b.SeqModelChecker - State 10: state invariant 0 holds.
2026-07-11T10:26:37,092 [zio-default-async-5] DEBUG a.f.a.t.b.t.TransitionExecutorImpl - Step #10, transition #8
2026-07-11T10:26:37,092 [zio-default-async-5] DEBUG a.f.a.t.b.t.TransitionExecutorImpl - Translating to SMT
2026-07-11T10:26:37,116 [zio-default-async-5] DEBUG a.f.a.t.b.SeqModelChecker - Step 10: Transition #8. Is it enabled?
2026-07-11T10:26:42,591 [zio-default-async-5] DEBUG a.f.a.t.b.SeqModelChecker - Step 10: Transition #8 is enabled
2026-07-11T10:26:42,591 [zio-default-async-5] INFO  a.f.a.t.b.SeqModelChecker - State 10: Checking 1 state invariants
2026-07-11T10:26:42,591 [zio-default-async-5] DEBUG a.f.a.t.b.SeqModelChecker - State 10: Checking state invariant 0
2026-07-11T10:26:46,888 [zio-default-async-5] INFO  a.f.a.t.b.SeqModelChecker - State 10: state invariant 0 holds.
2026-07-11T10:26:46,899 [zio-default-async-5] DEBUG a.f.a.t.b.t.TransitionExecutorImpl - Step #10, transition #9
2026-07-11T10:26:46,899 [zio-default-async-5] DEBUG a.f.a.t.b.t.TransitionExecutorImpl - Translating to SMT
2026-07-11T10:26:46,925 [zio-default-async-5] DEBUG a.f.a.t.b.SeqModelChecker - Step 10: Transition #9. Is it enabled?
2026-07-11T10:26:49,471 [zio-default-async-5] DEBUG a.f.a.t.b.SeqModelChecker - Step 10: Transition #9 is enabled
2026-07-11T10:26:49,471 [zio-default-async-5] INFO  a.f.a.t.b.SeqModelChecker - State 10: Checking 1 state invariants
2026-07-11T10:26:49,471 [zio-default-async-5] DEBUG a.f.a.t.b.SeqModelChecker - State 10: Checking state invariant 0
2026-07-11T10:26:50,438 [zio-default-async-5] INFO  a.f.a.t.b.SeqModelChecker - State 10: state invariant 0 holds.
2026-07-11T10:26:50,445 [zio-default-async-5] DEBUG a.f.a.t.b.t.TransitionExecutorImpl - Step #10, transition #10
2026-07-11T10:26:50,445 [zio-default-async-5] DEBUG a.f.a.t.b.t.TransitionExecutorImpl - Translating to SMT
2026-07-11T10:26:50,458 [zio-default-async-5] DEBUG a.f.a.t.b.SeqModelChecker - Step 10: Transition #10. Is it enabled?
2026-07-11T10:26:51,322 [zio-default-async-5] DEBUG a.f.a.t.b.SeqModelChecker - Step 10: Transition #10 is enabled
2026-07-11T10:26:51,323 [zio-default-async-5] INFO  a.f.a.t.b.SeqModelChecker - State 10: Checking 1 state invariants
2026-07-11T10:26:51,323 [zio-default-async-5] DEBUG a.f.a.t.b.SeqModelChecker - State 10: Checking state invariant 0
2026-07-11T10:26:55,760 [zio-default-async-5] INFO  a.f.a.t.b.SeqModelChecker - State 10: state invariant 0 holds.
2026-07-11T10:26:55,767 [zio-default-async-5] DEBUG a.f.a.t.b.t.TransitionExecutorImpl - Step #10, transition #11
2026-07-11T10:26:55,767 [zio-default-async-5] DEBUG a.f.a.t.b.t.TransitionExecutorImpl - Translating to SMT
2026-07-11T10:26:55,779 [zio-default-async-5] DEBUG a.f.a.t.b.SeqModelChecker - Step 10: Transition #11. Is it enabled?
2026-07-11T10:26:58,376 [zio-default-async-5] DEBUG a.f.a.t.b.SeqModelChecker - Step 10: Transition #11 is enabled
2026-07-11T10:26:58,376 [zio-default-async-5] INFO  a.f.a.t.b.SeqModelChecker - State 10: Checking 1 state invariants
2026-07-11T10:26:58,376 [zio-default-async-5] DEBUG a.f.a.t.b.SeqModelChecker - State 10: Checking state invariant 0
2026-07-11T10:27:00,676 [zio-default-async-5] INFO  a.f.a.t.b.SeqModelChecker - State 10: state invariant 0 holds.
2026-07-11T10:27:00,685 [zio-default-async-5] DEBUG a.f.a.t.b.t.TransitionExecutorImpl - Step #10, transition #12
2026-07-11T10:27:00,685 [zio-default-async-5] DEBUG a.f.a.t.b.t.TransitionExecutorImpl - Translating to SMT
2026-07-11T10:27:00,703 [zio-default-async-5] DEBUG a.f.a.t.b.SeqModelChecker - Step 10: Transition #12. Is it enabled?
2026-07-11T10:27:06,919 [zio-default-async-5] DEBUG a.f.a.t.b.SeqModelChecker - Step 10: Transition #12 is enabled
2026-07-11T10:27:06,919 [zio-default-async-5] INFO  a.f.a.t.b.SeqModelChecker - State 10: Checking 1 state invariants
2026-07-11T10:27:06,919 [zio-default-async-5] DEBUG a.f.a.t.b.SeqModelChecker - State 10: Checking state invariant 0
2026-07-11T10:27:07,747 [zio-default-async-5] INFO  a.f.a.t.b.SeqModelChecker - State 10: state invariant 0 holds.
2026-07-11T10:27:07,754 [zio-default-async-5] DEBUG a.f.a.t.b.t.TransitionExecutorImpl - Step #10, transition #13
2026-07-11T10:27:07,754 [zio-default-async-5] DEBUG a.f.a.t.b.t.TransitionExecutorImpl - Translating to SMT
2026-07-11T10:27:07,783 [zio-default-async-5] DEBUG a.f.a.t.b.SeqModelChecker - Step 10: Transition #13. Is it enabled?
2026-07-11T10:27:10,076 [zio-default-async-5] DEBUG a.f.a.t.b.SeqModelChecker - Step 10: Transition #13 is enabled
2026-07-11T10:27:10,076 [zio-default-async-5] INFO  a.f.a.t.b.SeqModelChecker - State 10: Checking 1 state invariants
2026-07-11T10:27:10,076 [zio-default-async-5] DEBUG a.f.a.t.b.SeqModelChecker - State 10: Checking state invariant 0
2026-07-11T10:27:10,134 [zio-default-async-5] INFO  a.f.a.t.b.SeqModelChecker - State 10: state invariant 0 holds.
2026-07-11T10:27:10,140 [zio-default-async-5] DEBUG a.f.a.t.b.t.TransitionExecutorImpl - Step #10, transition #14
2026-07-11T10:27:10,140 [zio-default-async-5] DEBUG a.f.a.t.b.t.TransitionExecutorImpl - Translating to SMT
2026-07-11T10:27:10,148 [zio-default-async-5] DEBUG a.f.a.t.b.SeqModelChecker - Step 10: Transition #14. Is it enabled?
2026-07-11T10:27:11,921 [zio-default-async-5] DEBUG a.f.a.t.b.SeqModelChecker - Step 10: Transition #14 is enabled
2026-07-11T10:27:11,921 [zio-default-async-5] INFO  a.f.a.t.b.SeqModelChecker - State 10: Checking 1 state invariants
2026-07-11T10:27:11,921 [zio-default-async-5] DEBUG a.f.a.t.b.SeqModelChecker - State 10: Checking state invariant 0
2026-07-11T10:27:12,896 [zio-default-async-5] INFO  a.f.a.t.b.SeqModelChecker - State 10: state invariant 0 holds.
2026-07-11T10:27:12,906 [zio-default-async-5] DEBUG a.f.a.t.b.t.TransitionExecutorImpl - Step #10, transition #15
2026-07-11T10:27:12,906 [zio-default-async-5] DEBUG a.f.a.t.b.t.TransitionExecutorImpl - Translating to SMT
2026-07-11T10:27:12,917 [zio-default-async-5] DEBUG a.f.a.t.b.SeqModelChecker - Step 10: Transition #15. Is it enabled?
2026-07-11T10:27:14,856 [zio-default-async-5] DEBUG a.f.a.t.b.SeqModelChecker - Step 10: Transition #15 is enabled
2026-07-11T10:27:14,856 [zio-default-async-5] INFO  a.f.a.t.b.SeqModelChecker - State 10: Checking 1 state invariants
2026-07-11T10:27:14,856 [zio-default-async-5] DEBUG a.f.a.t.b.SeqModelChecker - State 10: Checking state invariant 0
2026-07-11T10:27:14,875 [zio-default-async-5] INFO  a.f.a.t.b.SeqModelChecker - State 10: state invariant 0 holds.
2026-07-11T10:27:14,880 [zio-default-async-5] DEBUG a.f.a.t.b.t.TransitionExecutorImpl - Step #10, transition #16
2026-07-11T10:27:14,880 [zio-default-async-5] DEBUG a.f.a.t.b.t.TransitionExecutorImpl - Translating to SMT
2026-07-11T10:27:14,887 [zio-default-async-5] DEBUG a.f.a.t.b.SeqModelChecker - Step 10: Transition #16. Is it enabled?
2026-07-11T10:27:16,603 [zio-default-async-5] DEBUG a.f.a.t.b.SeqModelChecker - Step 10: Transition #16 is enabled
2026-07-11T10:27:16,603 [zio-default-async-5] INFO  a.f.a.t.b.SeqModelChecker - State 10: Checking 1 state invariants
2026-07-11T10:27:16,603 [zio-default-async-5] DEBUG a.f.a.t.b.SeqModelChecker - State 10: Checking state invariant 0
2026-07-11T10:27:23,335 [zio-default-async-5] INFO  a.f.a.t.b.SeqModelChecker - State 10: state invariant 0 holds.
2026-07-11T10:27:23,344 [zio-default-async-5] DEBUG a.f.a.t.b.t.TransitionExecutorImpl - Step #10, transition #17
2026-07-11T10:27:23,344 [zio-default-async-5] DEBUG a.f.a.t.b.t.TransitionExecutorImpl - Translating to SMT
2026-07-11T10:27:23,351 [zio-default-async-5] DEBUG a.f.a.t.b.SeqModelChecker - Step 10: Transition #17. Is it enabled?
2026-07-11T10:27:25,672 [zio-default-async-5] DEBUG a.f.a.t.b.SeqModelChecker - Step 10: Transition #17 is enabled
2026-07-11T10:27:25,672 [zio-default-async-5] INFO  a.f.a.t.b.SeqModelChecker - State 10: Checking 1 state invariants
2026-07-11T10:27:25,673 [zio-default-async-5] DEBUG a.f.a.t.b.SeqModelChecker - State 10: Checking state invariant 0
2026-07-11T10:27:27,366 [zio-default-async-5] INFO  a.f.a.t.b.SeqModelChecker - State 10: state invariant 0 holds.
2026-07-11T10:27:27,373 [zio-default-async-5] DEBUG a.f.a.t.b.t.TransitionExecutorImpl - Step #10, transition #18
2026-07-11T10:27:27,373 [zio-default-async-5] DEBUG a.f.a.t.b.t.TransitionExecutorImpl - Translating to SMT
2026-07-11T10:27:27,381 [zio-default-async-5] DEBUG a.f.a.t.b.SeqModelChecker - Step 10: Transition #18. Is it enabled?
2026-07-11T10:27:28,629 [zio-default-async-5] DEBUG a.f.a.t.b.SeqModelChecker - Step 10: Transition #18 is enabled
2026-07-11T10:27:28,630 [zio-default-async-5] INFO  a.f.a.t.b.SeqModelChecker - State 10: Checking 1 state invariants
2026-07-11T10:27:28,630 [zio-default-async-5] DEBUG a.f.a.t.b.SeqModelChecker - State 10: Checking state invariant 0
2026-07-11T10:27:29,241 [zio-default-async-5] INFO  a.f.a.t.b.SeqModelChecker - State 10: state invariant 0 holds.
2026-07-11T10:27:29,248 [zio-default-async-5] DEBUG a.f.a.t.b.t.TransitionExecutorImpl - Step #10, transition #19
2026-07-11T10:27:29,248 [zio-default-async-5] DEBUG a.f.a.t.b.t.TransitionExecutorImpl - Translating to SMT
2026-07-11T10:27:29,255 [zio-default-async-5] DEBUG a.f.a.t.b.SeqModelChecker - Step 10: Transition #19. Is it enabled?
2026-07-11T10:27:31,370 [zio-default-async-5] DEBUG a.f.a.t.b.SeqModelChecker - Step 10: Transition #19 is enabled
2026-07-11T10:27:31,370 [zio-default-async-5] INFO  a.f.a.t.b.SeqModelChecker - State 10: Checking 1 state invariants
2026-07-11T10:27:31,370 [zio-default-async-5] DEBUG a.f.a.t.b.SeqModelChecker - State 10: Checking state invariant 0
2026-07-11T10:27:31,384 [zio-default-async-5] INFO  a.f.a.t.b.SeqModelChecker - State 10: state invariant 0 holds.
2026-07-11T10:27:31,390 [zio-default-async-5] DEBUG a.f.a.t.b.t.TransitionExecutorImpl - Step #10, transition #20
2026-07-11T10:27:31,390 [zio-default-async-5] DEBUG a.f.a.t.b.t.TransitionExecutorImpl - Translating to SMT
2026-07-11T10:27:31,396 [zio-default-async-5] DEBUG a.f.a.t.b.SeqModelChecker - Step 10: Transition #20. Is it enabled?
2026-07-11T10:27:31,502 [zio-default-async-5] DEBUG a.f.a.t.b.SeqModelChecker - Step 10: Transition #20 is enabled
2026-07-11T10:27:31,502 [zio-default-async-5] INFO  a.f.a.t.b.SeqModelChecker - State 10: Checking 1 state invariants
2026-07-11T10:27:31,502 [zio-default-async-5] DEBUG a.f.a.t.b.SeqModelChecker - State 10: Checking state invariant 0
2026-07-11T10:27:36,343 [zio-default-async-5] INFO  a.f.a.t.b.SeqModelChecker - State 10: state invariant 0 holds.
2026-07-11T10:27:36,352 [zio-default-async-5] DEBUG a.f.a.t.b.t.TransitionExecutorImpl - Step #10, transition #21
2026-07-11T10:27:36,352 [zio-default-async-5] DEBUG a.f.a.t.b.t.TransitionExecutorImpl - Translating to SMT
2026-07-11T10:27:36,359 [zio-default-async-5] DEBUG a.f.a.t.b.SeqModelChecker - Step 10: Transition #21. Is it enabled?
2026-07-11T10:27:37,711 [zio-default-async-5] DEBUG a.f.a.t.b.SeqModelChecker - Step 10: Transition #21 is enabled
2026-07-11T10:27:37,711 [zio-default-async-5] INFO  a.f.a.t.b.SeqModelChecker - State 10: Checking 1 state invariants
2026-07-11T10:27:37,711 [zio-default-async-5] DEBUG a.f.a.t.b.SeqModelChecker - State 10: Checking state invariant 0
2026-07-11T10:27:40,056 [zio-default-async-5] INFO  a.f.a.t.b.SeqModelChecker - State 10: state invariant 0 holds.
2026-07-11T10:27:40,062 [zio-default-async-5] INFO  a.f.a.t.b.t.TransitionExecutorImpl - Step 10: picking a transition out of 22 transition(s)
2026-07-11T10:27:40,157 [zio-default-async-5] DEBUG a.f.a.t.b.s.Z3SolverContext - Disposing Z3 solver context 0
2026-07-11T10:27:40,236 [zio-default-async-5] INFO  a.f.a.t.b.p.BoundedCheckerPassImpl - The outcome is: NoError
2026-07-11T10:27:40,236 [zio-default-async-5] DEBUG a.f.a.i.p.PassChainExecutor - PASS #13: BoundedChecker [OK]
