2026-07-11T11:54:21,125 [main] INFO  a.f.a.t.Tool$ - # APALACHE version: 0.56.1 | build: 70cdaf4
2026-07-11T11:54:21,136 [main] INFO  a.f.a.t.t.o.ServerCmd - Starting checker server on port 8822...
2026-07-11T11:54:23,963 [zio-default-async-5] INFO  a.f.a.i.p.PassChainExecutor - PASS #0: SanyParser
2026-07-11T11:54:24,412 [zio-default-async-5] DEBUG a.f.a.i.p.PassChainExecutor - PASS #0: SanyParser [OK]
2026-07-11T11:54:24,412 [zio-default-async-5] INFO  a.f.a.i.p.PassChainExecutor - PASS #1: TypeCheckerSnowcat
2026-07-11T11:54:24,413 [zio-default-async-5] INFO  a.f.a.t.p.t.EtcTypeCheckerPassImpl -  > Running Snowcat .::.
2026-07-11T11:54:24,886 [zio-default-async-5] INFO  a.f.a.t.p.t.EtcTypeCheckerPassImpl -  > Your types are purrfect!
2026-07-11T11:54:24,886 [zio-default-async-5] INFO  a.f.a.t.p.t.EtcTypeCheckerPassImpl -  > All expressions are typed
2026-07-11T11:54:24,887 [zio-default-async-5] DEBUG a.f.a.i.p.PassChainExecutor - PASS #1: TypeCheckerSnowcat [OK]
2026-07-11T11:54:24,887 [zio-default-async-5] INFO  a.f.a.i.p.PassChainExecutor - PASS #2: ConfigurationPass
2026-07-11T11:54:24,890 [zio-default-async-5] INFO  a.f.a.t.p.p.ConfigurationPassImpl -   > Set the initialization predicate to q::init
2026-07-11T11:54:24,890 [zio-default-async-5] INFO  a.f.a.t.p.p.ConfigurationPassImpl -   > Set the transition predicate to q::step
2026-07-11T11:54:24,891 [zio-default-async-5] INFO  a.f.a.t.p.p.ConfigurationPassImpl -   > Set a temporal property to q::temporalProps
2026-07-11T11:54:24,896 [zio-default-async-5] DEBUG a.f.a.i.p.PassChainExecutor - PASS #2: ConfigurationPass [OK]
2026-07-11T11:54:24,896 [zio-default-async-5] INFO  a.f.a.i.p.PassChainExecutor - PASS #3: DesugarerPass
2026-07-11T11:54:24,897 [zio-default-async-5] INFO  a.f.a.t.p.p.DesugarerPassImpl -   > Desugaring...
2026-07-11T11:54:24,906 [zio-default-async-5] DEBUG a.f.a.i.p.PassChainExecutor - PASS #3: DesugarerPass [OK]
2026-07-11T11:54:24,907 [zio-default-async-5] INFO  a.f.a.i.p.PassChainExecutor - PASS #4: InlinePass
2026-07-11T11:54:24,907 [zio-default-async-5] INFO  a.f.a.t.p.p.InlinePassImpl - Leaving only relevant operators: CInitPrimed, q::init, q::initPrimed, q::step, q::temporalProps
2026-07-11T11:54:24,954 [zio-default-async-5] DEBUG a.f.a.i.p.PassChainExecutor - PASS #4: InlinePass [OK]
2026-07-11T11:54:24,954 [zio-default-async-5] INFO  a.f.a.i.p.PassChainExecutor - PASS #5: TemporalPass
2026-07-11T11:54:24,954 [zio-default-async-5] INFO  a.f.a.t.p.p.TemporalPassImpl -   > Rewriting temporal operators...
2026-07-11T11:54:24,960 [zio-default-async-5] INFO  a.f.a.t.p.p.TemporalPassImpl -   > Found 1 temporal properties
2026-07-11T11:54:24,961 [zio-default-async-5] INFO  a.f.a.t.p.p.TemporalPassImpl -   > Adding logic for loop finding
2026-07-11T11:54:24,991 [zio-default-async-5] DEBUG a.f.a.i.p.PassChainExecutor - PASS #5: TemporalPass [OK]
2026-07-11T11:54:24,991 [zio-default-async-5] INFO  a.f.a.i.p.PassChainExecutor - PASS #6: InlinePass
2026-07-11T11:54:24,991 [zio-default-async-5] INFO  a.f.a.t.p.p.InlinePassImpl - Leaving only relevant operators: CInitPrimed, q::init, q::initPrimed, q::step, q::temporalProps
2026-07-11T11:54:24,998 [zio-default-async-5] DEBUG a.f.a.i.p.PassChainExecutor - PASS #6: InlinePass [OK]
2026-07-11T11:54:24,998 [zio-default-async-5] INFO  a.f.a.i.p.PassChainExecutor - PASS #7: PrimingPass
2026-07-11T11:54:25,000 [zio-default-async-5] INFO  a.f.a.t.p.a.PrimingPassImpl -   > Introducing q::initPrimed for q::init'
2026-07-11T11:54:25,001 [zio-default-async-5] DEBUG a.f.a.i.p.PassChainExecutor - PASS #7: PrimingPass [OK]
2026-07-11T11:54:25,001 [zio-default-async-5] INFO  a.f.a.i.p.PassChainExecutor - PASS #8: VCGen
2026-07-11T11:54:25,001 [zio-default-async-5] INFO  a.f.a.t.b.p.VCGenPassImpl -   > Producing verification conditions from the invariant q::temporalProps
2026-07-11T11:54:25,003 [zio-default-async-5] INFO  a.f.a.t.b.VCGenerator -   > VCGen produced 1 verification condition(s)
2026-07-11T11:54:25,006 [zio-default-async-5] DEBUG a.f.a.i.p.PassChainExecutor - PASS #8: VCGen [OK]
2026-07-11T11:54:25,006 [zio-default-async-5] INFO  a.f.a.i.p.PassChainExecutor - PASS #9: PreprocessingPass
2026-07-11T11:54:25,006 [zio-default-async-5] INFO  a.f.a.t.p.p.PreproPassImpl -   > Before preprocessing: unique renaming
2026-07-11T11:54:25,012 [zio-default-async-5] INFO  a.f.a.t.p.p.PreproPassImpl -  > Applying standard transformations:
2026-07-11T11:54:25,012 [zio-default-async-5] INFO  a.f.a.t.p.p.PreproPassImpl -   > PrimePropagation
2026-07-11T11:54:25,014 [zio-default-async-5] INFO  a.f.a.t.p.p.PreproPassImpl -   > Desugarer
2026-07-11T11:54:25,018 [zio-default-async-5] INFO  a.f.a.t.p.p.PreproPassImpl -   > UniqueRenamer
2026-07-11T11:54:25,021 [zio-default-async-5] INFO  a.f.a.t.p.p.PreproPassImpl -   > Normalizer
2026-07-11T11:54:25,032 [zio-default-async-5] INFO  a.f.a.t.p.p.PreproPassImpl -   > Keramelizer
2026-07-11T11:54:25,043 [zio-default-async-5] INFO  a.f.a.t.p.p.PreproPassImpl -   > After preprocessing: UniqueRenamer
2026-07-11T11:54:25,048 [zio-default-async-5] DEBUG a.f.a.i.p.PassChainExecutor - PASS #9: PreprocessingPass [OK]
2026-07-11T11:54:25,049 [zio-default-async-5] INFO  a.f.a.i.p.PassChainExecutor - PASS #10: TransitionFinderPass
2026-07-11T11:54:25,067 [zio-default-async-5] INFO  a.f.a.t.p.a.TransitionPassImpl -   > Found 1 initializing transitions
2026-07-11T11:54:25,084 [zio-default-async-5] INFO  a.f.a.t.p.a.TransitionPassImpl -   > Found 14 transitions
2026-07-11T11:54:25,085 [zio-default-async-5] INFO  a.f.a.t.p.a.TransitionPassImpl -   > No constant initializer
2026-07-11T11:54:25,086 [zio-default-async-5] INFO  a.f.a.t.p.a.TransitionPassImpl -   > Applying unique renaming
2026-07-11T11:54:25,098 [zio-default-async-5] DEBUG a.f.a.i.p.PassChainExecutor - PASS #10: TransitionFinderPass [OK]
2026-07-11T11:54:25,098 [zio-default-async-5] INFO  a.f.a.i.p.PassChainExecutor - PASS #11: OptimizationPass
2026-07-11T11:54:25,104 [zio-default-async-5] INFO  a.f.a.t.p.p.OptPassImpl -  > Applying optimizations:
2026-07-11T11:54:25,104 [zio-default-async-5] INFO  a.f.a.t.p.p.OptPassImpl -   > ConstSimplifier
2026-07-11T11:54:25,124 [zio-default-async-5] INFO  a.f.a.t.p.p.OptPassImpl -   > ExprOptimizer
2026-07-11T11:54:25,133 [zio-default-async-5] INFO  a.f.a.t.p.p.OptPassImpl -   > SetMembershipSimplifier
2026-07-11T11:54:25,136 [zio-default-async-5] INFO  a.f.a.t.p.p.OptPassImpl -   > ConstSimplifier
2026-07-11T11:54:25,154 [zio-default-async-5] DEBUG a.f.a.i.p.PassChainExecutor - PASS #11: OptimizationPass [OK]
2026-07-11T11:54:25,154 [zio-default-async-5] INFO  a.f.a.i.p.PassChainExecutor - PASS #12: AnalysisPass
2026-07-11T11:54:25,157 [zio-default-async-5] INFO  a.f.a.t.b.p.AnalysisPassImpl -  > Marking skolemizable existentials and sets to be expanded...
2026-07-11T11:54:25,158 [zio-default-async-5] INFO  a.f.a.t.b.p.AnalysisPassImpl -   > Skolemization
2026-07-11T11:54:25,160 [zio-default-async-5] INFO  a.f.a.t.b.p.AnalysisPassImpl -   > Expansion
2026-07-11T11:54:25,170 [zio-default-async-5] INFO  a.f.a.t.b.p.AnalysisPassImpl -   > Remove unused let-in defs
2026-07-11T11:54:25,176 [zio-default-async-5] INFO  a.f.a.t.b.p.AnalysisPassImpl -  > Running analyzers...
2026-07-11T11:54:25,188 [zio-default-async-5] INFO  a.f.a.t.b.p.AnalysisPassImpl -   > Introduced expression grades
2026-07-11T11:54:25,189 [zio-default-async-5] DEBUG a.f.a.i.p.PassChainExecutor - PASS #12: AnalysisPass [OK]
2026-07-11T11:54:25,189 [zio-default-async-5] INFO  a.f.a.i.p.PassChainExecutor - PASS #13: BoundedChecker
2026-07-11T11:54:25,211 [zio-default-async-5] DEBUG a.f.a.t.b.s.Z3SolverContext - Creating Z3 solver context 0
2026-07-11T11:54:25,460 [zio-default-async-5] DEBUG a.f.a.t.b.t.TransitionExecutorImpl - Step #0, transition #0
2026-07-11T11:54:25,460 [zio-default-async-5] DEBUG a.f.a.t.b.t.TransitionExecutorImpl - Translating to SMT
2026-07-11T11:54:25,545 [zio-default-async-5] DEBUG a.f.a.t.b.SeqModelChecker - Step 0: Transition #0. Is it enabled?
2026-07-11T11:54:25,548 [zio-default-async-5] DEBUG a.f.a.t.b.SeqModelChecker - Step 0: Transition #0 is enabled
2026-07-11T11:54:25,548 [zio-default-async-5] INFO  a.f.a.t.b.SeqModelChecker - State 0: Checking 1 state invariants
2026-07-11T11:54:25,549 [zio-default-async-5] DEBUG a.f.a.t.b.SeqModelChecker - State 0: Checking state invariant 0
2026-07-11T11:54:25,553 [zio-default-async-5] INFO  a.f.a.t.b.SeqModelChecker - State 0: state invariant 0 holds.
2026-07-11T11:54:25,557 [zio-default-async-5] INFO  a.f.a.t.b.t.TransitionExecutorImpl - Step 0: picking a transition out of 1 transition(s)
2026-07-11T11:54:25,559 [zio-default-async-5] DEBUG a.f.a.t.b.t.TransitionExecutorImpl - Step #1, transition #0
2026-07-11T11:54:25,559 [zio-default-async-5] DEBUG a.f.a.t.b.t.TransitionExecutorImpl - Translating to SMT
2026-07-11T11:54:25,686 [zio-default-async-5] DEBUG a.f.a.t.b.SeqModelChecker - Step 1: Transition #0. Is it enabled?
2026-07-11T11:54:25,688 [zio-default-async-5] DEBUG a.f.a.t.b.SeqModelChecker - Step 1: Transition #0 is enabled
2026-07-11T11:54:25,689 [zio-default-async-5] INFO  a.f.a.t.b.SeqModelChecker - State 1: Checking 1 state invariants
2026-07-11T11:54:25,689 [zio-default-async-5] DEBUG a.f.a.t.b.SeqModelChecker - State 1: Checking state invariant 0
2026-07-11T11:54:25,706 [zio-default-async-5] INFO  a.f.a.t.b.SeqModelChecker - State 1: state invariant 0 holds.
2026-07-11T11:54:25,708 [zio-default-async-5] DEBUG a.f.a.t.b.t.TransitionExecutorImpl - Step #1, transition #1
2026-07-11T11:54:25,708 [zio-default-async-5] DEBUG a.f.a.t.b.t.TransitionExecutorImpl - Translating to SMT
2026-07-11T11:54:25,781 [zio-default-async-5] DEBUG a.f.a.t.b.SeqModelChecker - Step 1: Transition #1. Is it enabled?
2026-07-11T11:54:25,783 [zio-default-async-5] DEBUG a.f.a.t.b.SeqModelChecker - Step 1: Transition #1 is enabled
2026-07-11T11:54:25,784 [zio-default-async-5] INFO  a.f.a.t.b.SeqModelChecker - State 1: Checking 1 state invariants
2026-07-11T11:54:25,784 [zio-default-async-5] DEBUG a.f.a.t.b.SeqModelChecker - State 1: Checking state invariant 0
2026-07-11T11:54:25,796 [zio-default-async-5] INFO  a.f.a.t.b.SeqModelChecker - State 1: state invariant 0 holds.
2026-07-11T11:54:25,797 [zio-default-async-5] DEBUG a.f.a.t.b.t.TransitionExecutorImpl - Step #1, transition #2
2026-07-11T11:54:25,797 [zio-default-async-5] DEBUG a.f.a.t.b.t.TransitionExecutorImpl - Translating to SMT
2026-07-11T11:54:25,855 [zio-default-async-5] DEBUG a.f.a.t.b.SeqModelChecker - Step 1: Transition #2. Is it enabled?
2026-07-11T11:54:25,860 [zio-default-async-5] DEBUG a.f.a.t.b.SeqModelChecker - Step 1: Transition #2 is enabled
2026-07-11T11:54:25,861 [zio-default-async-5] INFO  a.f.a.t.b.SeqModelChecker - State 1: Checking 1 state invariants
2026-07-11T11:54:25,861 [zio-default-async-5] DEBUG a.f.a.t.b.SeqModelChecker - State 1: Checking state invariant 0
2026-07-11T11:54:25,874 [zio-default-async-5] INFO  a.f.a.t.b.SeqModelChecker - State 1: state invariant 0 holds.
2026-07-11T11:54:25,880 [zio-default-async-5] DEBUG a.f.a.t.b.t.TransitionExecutorImpl - Step #1, transition #3
2026-07-11T11:54:25,881 [zio-default-async-5] DEBUG a.f.a.t.b.t.TransitionExecutorImpl - Translating to SMT
2026-07-11T11:54:25,982 [zio-default-async-5] DEBUG a.f.a.t.b.SeqModelChecker - Step 1: Transition #3. Is it enabled?
2026-07-11T11:54:25,987 [zio-default-async-5] DEBUG a.f.a.t.b.SeqModelChecker - Step 1: Transition #3 is enabled
2026-07-11T11:54:25,988 [zio-default-async-5] INFO  a.f.a.t.b.SeqModelChecker - State 1: Checking 1 state invariants
2026-07-11T11:54:25,988 [zio-default-async-5] DEBUG a.f.a.t.b.SeqModelChecker - State 1: Checking state invariant 0
2026-07-11T11:54:25,998 [zio-default-async-5] INFO  a.f.a.t.b.SeqModelChecker - State 1: state invariant 0 holds.
2026-07-11T11:54:26,000 [zio-default-async-5] DEBUG a.f.a.t.b.t.TransitionExecutorImpl - Step #1, transition #4
2026-07-11T11:54:26,001 [zio-default-async-5] DEBUG a.f.a.t.b.t.TransitionExecutorImpl - Translating to SMT
2026-07-11T11:54:26,111 [zio-default-async-5] DEBUG a.f.a.t.b.SeqModelChecker - Step 1: Transition #4. Is it enabled?
2026-07-11T11:54:26,115 [zio-default-async-5] INFO  a.f.a.t.b.SeqModelChecker - Step 1: Transition #4 is disabled
2026-07-11T11:54:26,117 [zio-default-async-5] DEBUG a.f.a.t.b.t.TransitionExecutorImpl - Step #1, transition #5
2026-07-11T11:54:26,117 [zio-default-async-5] DEBUG a.f.a.t.b.t.TransitionExecutorImpl - Translating to SMT
2026-07-11T11:54:26,202 [zio-default-async-5] DEBUG a.f.a.t.b.SeqModelChecker - Step 1: Transition #5. Is it enabled?
2026-07-11T11:54:26,207 [zio-default-async-5] INFO  a.f.a.t.b.SeqModelChecker - Step 1: Transition #5 is disabled
2026-07-11T11:54:26,210 [zio-default-async-5] DEBUG a.f.a.t.b.t.TransitionExecutorImpl - Step #1, transition #6
2026-07-11T11:54:26,211 [zio-default-async-5] DEBUG a.f.a.t.b.t.TransitionExecutorImpl - Translating to SMT
2026-07-11T11:54:26,272 [zio-default-async-5] DEBUG a.f.a.t.b.SeqModelChecker - Step 1: Transition #6. Is it enabled?
2026-07-11T11:54:26,276 [zio-default-async-5] INFO  a.f.a.t.b.SeqModelChecker - Step 1: Transition #6 is disabled
2026-07-11T11:54:26,277 [zio-default-async-5] DEBUG a.f.a.t.b.t.TransitionExecutorImpl - Step #1, transition #7
2026-07-11T11:54:26,278 [zio-default-async-5] DEBUG a.f.a.t.b.t.TransitionExecutorImpl - Translating to SMT
2026-07-11T11:54:26,352 [zio-default-async-5] DEBUG a.f.a.t.b.SeqModelChecker - Step 1: Transition #7. Is it enabled?
2026-07-11T11:54:26,358 [zio-default-async-5] INFO  a.f.a.t.b.SeqModelChecker - Step 1: Transition #7 is disabled
2026-07-11T11:54:26,361 [zio-default-async-5] DEBUG a.f.a.t.b.t.TransitionExecutorImpl - Step #1, transition #8
2026-07-11T11:54:26,361 [zio-default-async-5] DEBUG a.f.a.t.b.t.TransitionExecutorImpl - Translating to SMT
2026-07-11T11:54:26,429 [zio-default-async-5] DEBUG a.f.a.t.b.SeqModelChecker - Step 1: Transition #8. Is it enabled?
2026-07-11T11:54:26,433 [zio-default-async-5] DEBUG a.f.a.t.b.SeqModelChecker - Step 1: Transition #8 is enabled
2026-07-11T11:54:26,434 [zio-default-async-5] INFO  a.f.a.t.b.SeqModelChecker - State 1: Checking 1 state invariants
2026-07-11T11:54:26,435 [zio-default-async-5] DEBUG a.f.a.t.b.SeqModelChecker - State 1: Checking state invariant 0
2026-07-11T11:54:26,438 [zio-default-async-5] INFO  a.f.a.t.b.SeqModelChecker - State 1: state invariant 0 holds.
2026-07-11T11:54:26,441 [zio-default-async-5] DEBUG a.f.a.t.b.t.TransitionExecutorImpl - Step #1, transition #9
2026-07-11T11:54:26,441 [zio-default-async-5] DEBUG a.f.a.t.b.t.TransitionExecutorImpl - Translating to SMT
2026-07-11T11:54:26,497 [zio-default-async-5] DEBUG a.f.a.t.b.SeqModelChecker - Step 1: Transition #9. Is it enabled?
2026-07-11T11:54:26,501 [zio-default-async-5] DEBUG a.f.a.t.b.SeqModelChecker - Step 1: Transition #9 is enabled
2026-07-11T11:54:26,502 [zio-default-async-5] INFO  a.f.a.t.b.SeqModelChecker - State 1: Checking 1 state invariants
2026-07-11T11:54:26,502 [zio-default-async-5] DEBUG a.f.a.t.b.SeqModelChecker - State 1: Checking state invariant 0
2026-07-11T11:54:26,506 [zio-default-async-5] INFO  a.f.a.t.b.SeqModelChecker - State 1: state invariant 0 holds.
2026-07-11T11:54:26,508 [zio-default-async-5] DEBUG a.f.a.t.b.t.TransitionExecutorImpl - Step #1, transition #10
2026-07-11T11:54:26,508 [zio-default-async-5] DEBUG a.f.a.t.b.t.TransitionExecutorImpl - Translating to SMT
2026-07-11T11:54:26,555 [zio-default-async-5] DEBUG a.f.a.t.b.SeqModelChecker - Step 1: Transition #10. Is it enabled?
2026-07-11T11:54:26,559 [zio-default-async-5] DEBUG a.f.a.t.b.SeqModelChecker - Step 1: Transition #10 is enabled
2026-07-11T11:54:26,560 [zio-default-async-5] INFO  a.f.a.t.b.SeqModelChecker - State 1: Checking 1 state invariants
2026-07-11T11:54:26,560 [zio-default-async-5] DEBUG a.f.a.t.b.SeqModelChecker - State 1: Checking state invariant 0
2026-07-11T11:54:26,563 [zio-default-async-5] INFO  a.f.a.t.b.SeqModelChecker - State 1: state invariant 0 holds.
2026-07-11T11:54:26,565 [zio-default-async-5] DEBUG a.f.a.t.b.t.TransitionExecutorImpl - Step #1, transition #11
2026-07-11T11:54:26,565 [zio-default-async-5] DEBUG a.f.a.t.b.t.TransitionExecutorImpl - Translating to SMT
2026-07-11T11:54:26,601 [zio-default-async-5] DEBUG a.f.a.t.b.SeqModelChecker - Step 1: Transition #11. Is it enabled?
2026-07-11T11:54:26,605 [zio-default-async-5] DEBUG a.f.a.t.b.SeqModelChecker - Step 1: Transition #11 is enabled
2026-07-11T11:54:26,605 [zio-default-async-5] INFO  a.f.a.t.b.SeqModelChecker - State 1: Checking 1 state invariants
2026-07-11T11:54:26,606 [zio-default-async-5] DEBUG a.f.a.t.b.SeqModelChecker - State 1: Checking state invariant 0
2026-07-11T11:54:26,608 [zio-default-async-5] INFO  a.f.a.t.b.SeqModelChecker - State 1: state invariant 0 holds.
2026-07-11T11:54:26,610 [zio-default-async-5] DEBUG a.f.a.t.b.t.TransitionExecutorImpl - Step #1, transition #12
2026-07-11T11:54:26,610 [zio-default-async-5] DEBUG a.f.a.t.b.t.TransitionExecutorImpl - Translating to SMT
2026-07-11T11:54:26,677 [zio-default-async-5] DEBUG a.f.a.t.b.SeqModelChecker - Step 1: Transition #12. Is it enabled?
2026-07-11T11:54:26,682 [zio-default-async-5] INFO  a.f.a.t.b.SeqModelChecker - Step 1: Transition #12 is disabled
2026-07-11T11:54:26,683 [zio-default-async-5] DEBUG a.f.a.t.b.t.TransitionExecutorImpl - Step #1, transition #13
2026-07-11T11:54:26,684 [zio-default-async-5] DEBUG a.f.a.t.b.t.TransitionExecutorImpl - Translating to SMT
2026-07-11T11:54:26,744 [zio-default-async-5] DEBUG a.f.a.t.b.SeqModelChecker - Step 1: Transition #13. Is it enabled?
2026-07-11T11:54:26,749 [zio-default-async-5] INFO  a.f.a.t.b.SeqModelChecker - Step 1: Transition #13 is disabled
2026-07-11T11:54:26,750 [zio-default-async-5] INFO  a.f.a.t.b.t.TransitionExecutorImpl - Step 1: picking a transition out of 8 transition(s)
2026-07-11T11:54:26,807 [zio-default-async-5] DEBUG a.f.a.t.b.t.TransitionExecutorImpl - Step #2, transition #0
2026-07-11T11:54:26,808 [zio-default-async-5] DEBUG a.f.a.t.b.t.TransitionExecutorImpl - Translating to SMT
2026-07-11T11:54:26,912 [zio-default-async-5] DEBUG a.f.a.t.b.SeqModelChecker - Step 2: Transition #0. Is it enabled?
2026-07-11T11:54:26,917 [zio-default-async-5] DEBUG a.f.a.t.b.SeqModelChecker - Step 2: Transition #0 is enabled
2026-07-11T11:54:26,918 [zio-default-async-5] INFO  a.f.a.t.b.SeqModelChecker - State 2: Checking 1 state invariants
2026-07-11T11:54:26,918 [zio-default-async-5] DEBUG a.f.a.t.b.SeqModelChecker - State 2: Checking state invariant 0
2026-07-11T11:54:26,932 [zio-default-async-5] INFO  a.f.a.t.b.SeqModelChecker - State 2: state invariant 0 holds.
2026-07-11T11:54:26,934 [zio-default-async-5] DEBUG a.f.a.t.b.t.TransitionExecutorImpl - Step #2, transition #1
2026-07-11T11:54:26,935 [zio-default-async-5] DEBUG a.f.a.t.b.t.TransitionExecutorImpl - Translating to SMT
2026-07-11T11:54:27,012 [zio-default-async-5] DEBUG a.f.a.t.b.SeqModelChecker - Step 2: Transition #1. Is it enabled?
2026-07-11T11:54:27,020 [zio-default-async-5] DEBUG a.f.a.t.b.SeqModelChecker - Step 2: Transition #1 is enabled
2026-07-11T11:54:27,021 [zio-default-async-5] INFO  a.f.a.t.b.SeqModelChecker - State 2: Checking 1 state invariants
2026-07-11T11:54:27,022 [zio-default-async-5] DEBUG a.f.a.t.b.SeqModelChecker - State 2: Checking state invariant 0
2026-07-11T11:54:27,036 [zio-default-async-5] INFO  a.f.a.t.b.SeqModelChecker - State 2: state invariant 0 holds.
2026-07-11T11:54:27,038 [zio-default-async-5] DEBUG a.f.a.t.b.t.TransitionExecutorImpl - Step #2, transition #2
2026-07-11T11:54:27,038 [zio-default-async-5] DEBUG a.f.a.t.b.t.TransitionExecutorImpl - Translating to SMT
2026-07-11T11:54:27,110 [zio-default-async-5] DEBUG a.f.a.t.b.SeqModelChecker - Step 2: Transition #2. Is it enabled?
2026-07-11T11:54:27,118 [zio-default-async-5] DEBUG a.f.a.t.b.SeqModelChecker - Step 2: Transition #2 is enabled
2026-07-11T11:54:27,120 [zio-default-async-5] INFO  a.f.a.t.b.SeqModelChecker - State 2: Checking 1 state invariants
2026-07-11T11:54:27,120 [zio-default-async-5] DEBUG a.f.a.t.b.SeqModelChecker - State 2: Checking state invariant 0
2026-07-11T11:54:27,134 [zio-default-async-5] INFO  a.f.a.t.b.SeqModelChecker - State 2: state invariant 0 holds.
2026-07-11T11:54:27,137 [zio-default-async-5] DEBUG a.f.a.t.b.t.TransitionExecutorImpl - Step #2, transition #3
2026-07-11T11:54:27,137 [zio-default-async-5] DEBUG a.f.a.t.b.t.TransitionExecutorImpl - Translating to SMT
2026-07-11T11:54:27,202 [zio-default-async-5] DEBUG a.f.a.t.b.SeqModelChecker - Step 2: Transition #3. Is it enabled?
2026-07-11T11:54:27,209 [zio-default-async-5] DEBUG a.f.a.t.b.SeqModelChecker - Step 2: Transition #3 is enabled
2026-07-11T11:54:27,210 [zio-default-async-5] INFO  a.f.a.t.b.SeqModelChecker - State 2: Checking 1 state invariants
2026-07-11T11:54:27,211 [zio-default-async-5] DEBUG a.f.a.t.b.SeqModelChecker - State 2: Checking state invariant 0
2026-07-11T11:54:27,218 [zio-default-async-5] INFO  a.f.a.t.b.SeqModelChecker - State 2: state invariant 0 holds.
2026-07-11T11:54:27,220 [zio-default-async-5] DEBUG a.f.a.t.b.t.TransitionExecutorImpl - Step #2, transition #4
2026-07-11T11:54:27,221 [zio-default-async-5] DEBUG a.f.a.t.b.t.TransitionExecutorImpl - Translating to SMT
2026-07-11T11:54:27,292 [zio-default-async-5] DEBUG a.f.a.t.b.SeqModelChecker - Step 2: Transition #4. Is it enabled?
2026-07-11T11:54:27,303 [zio-default-async-5] DEBUG a.f.a.t.b.SeqModelChecker - Step 2: Transition #4 is enabled
2026-07-11T11:54:27,305 [zio-default-async-5] INFO  a.f.a.t.b.SeqModelChecker - State 2: Checking 1 state invariants
2026-07-11T11:54:27,306 [zio-default-async-5] DEBUG a.f.a.t.b.SeqModelChecker - State 2: Checking state invariant 0
2026-07-11T11:54:27,322 [zio-default-async-5] INFO  a.f.a.t.b.SeqModelChecker - State 2: state invariant 0 holds.
2026-07-11T11:54:27,325 [zio-default-async-5] DEBUG a.f.a.t.b.t.TransitionExecutorImpl - Step #2, transition #5
2026-07-11T11:54:27,326 [zio-default-async-5] DEBUG a.f.a.t.b.t.TransitionExecutorImpl - Translating to SMT
2026-07-11T11:54:27,383 [zio-default-async-5] DEBUG a.f.a.t.b.SeqModelChecker - Step 2: Transition #5. Is it enabled?
2026-07-11T11:54:27,395 [zio-default-async-5] DEBUG a.f.a.t.b.SeqModelChecker - Step 2: Transition #5 is enabled
2026-07-11T11:54:27,397 [zio-default-async-5] INFO  a.f.a.t.b.SeqModelChecker - State 2: Checking 1 state invariants
2026-07-11T11:54:27,397 [zio-default-async-5] DEBUG a.f.a.t.b.SeqModelChecker - State 2: Checking state invariant 0
2026-07-11T11:54:27,409 [zio-default-async-5] INFO  a.f.a.t.b.SeqModelChecker - State 2: state invariant 0 holds.
2026-07-11T11:54:27,412 [zio-default-async-5] DEBUG a.f.a.t.b.t.TransitionExecutorImpl - Step #2, transition #6
2026-07-11T11:54:27,412 [zio-default-async-5] DEBUG a.f.a.t.b.t.TransitionExecutorImpl - Translating to SMT
2026-07-11T11:54:27,480 [zio-default-async-5] DEBUG a.f.a.t.b.SeqModelChecker - Step 2: Transition #6. Is it enabled?
2026-07-11T11:54:27,496 [zio-default-async-5] DEBUG a.f.a.t.b.SeqModelChecker - Step 2: Transition #6 is enabled
2026-07-11T11:54:27,498 [zio-default-async-5] INFO  a.f.a.t.b.SeqModelChecker - State 2: Checking 1 state invariants
2026-07-11T11:54:27,498 [zio-default-async-5] DEBUG a.f.a.t.b.SeqModelChecker - State 2: Checking state invariant 0
2026-07-11T11:54:27,513 [zio-default-async-5] INFO  a.f.a.t.b.SeqModelChecker - State 2: state invariant 0 holds.
2026-07-11T11:54:27,518 [zio-default-async-5] DEBUG a.f.a.t.b.t.TransitionExecutorImpl - Step #2, transition #7
2026-07-11T11:54:27,519 [zio-default-async-5] DEBUG a.f.a.t.b.t.TransitionExecutorImpl - Translating to SMT
2026-07-11T11:54:27,586 [zio-default-async-5] DEBUG a.f.a.t.b.SeqModelChecker - Step 2: Transition #7. Is it enabled?
2026-07-11T11:54:27,597 [zio-default-async-5] DEBUG a.f.a.t.b.SeqModelChecker - Step 2: Transition #7 is enabled
2026-07-11T11:54:27,598 [zio-default-async-5] INFO  a.f.a.t.b.SeqModelChecker - State 2: Checking 1 state invariants
2026-07-11T11:54:27,598 [zio-default-async-5] DEBUG a.f.a.t.b.SeqModelChecker - State 2: Checking state invariant 0
2026-07-11T11:54:27,605 [zio-default-async-5] INFO  a.f.a.t.b.SeqModelChecker - State 2: state invariant 0 holds.
2026-07-11T11:54:27,608 [zio-default-async-5] DEBUG a.f.a.t.b.t.TransitionExecutorImpl - Step #2, transition #8
2026-07-11T11:54:27,609 [zio-default-async-5] DEBUG a.f.a.t.b.t.TransitionExecutorImpl - Translating to SMT
2026-07-11T11:54:27,659 [zio-default-async-5] DEBUG a.f.a.t.b.SeqModelChecker - Step 2: Transition #8. Is it enabled?
2026-07-11T11:54:27,668 [zio-default-async-5] DEBUG a.f.a.t.b.SeqModelChecker - Step 2: Transition #8 is enabled
2026-07-11T11:54:27,669 [zio-default-async-5] INFO  a.f.a.t.b.SeqModelChecker - State 2: Checking 1 state invariants
2026-07-11T11:54:27,670 [zio-default-async-5] DEBUG a.f.a.t.b.SeqModelChecker - State 2: Checking state invariant 0
2026-07-11T11:54:27,687 [zio-default-async-5] INFO  a.f.a.t.b.SeqModelChecker - State 2: state invariant 0 holds.
2026-07-11T11:54:27,690 [zio-default-async-5] DEBUG a.f.a.t.b.t.TransitionExecutorImpl - Step #2, transition #9
2026-07-11T11:54:27,690 [zio-default-async-5] DEBUG a.f.a.t.b.t.TransitionExecutorImpl - Translating to SMT
2026-07-11T11:54:27,740 [zio-default-async-5] DEBUG a.f.a.t.b.SeqModelChecker - Step 2: Transition #9. Is it enabled?
2026-07-11T11:54:27,749 [zio-default-async-5] DEBUG a.f.a.t.b.SeqModelChecker - Step 2: Transition #9 is enabled
2026-07-11T11:54:27,751 [zio-default-async-5] INFO  a.f.a.t.b.SeqModelChecker - State 2: Checking 1 state invariants
2026-07-11T11:54:27,751 [zio-default-async-5] DEBUG a.f.a.t.b.SeqModelChecker - State 2: Checking state invariant 0
2026-07-11T11:54:27,785 [zio-default-async-5] INFO  a.f.a.t.b.SeqModelChecker - State 2: state invariant 0 holds.
2026-07-11T11:54:27,790 [zio-default-async-5] DEBUG a.f.a.t.b.t.TransitionExecutorImpl - Step #2, transition #10
2026-07-11T11:54:27,791 [zio-default-async-5] DEBUG a.f.a.t.b.t.TransitionExecutorImpl - Translating to SMT
2026-07-11T11:54:27,869 [zio-default-async-5] DEBUG a.f.a.t.b.SeqModelChecker - Step 2: Transition #10. Is it enabled?
2026-07-11T11:54:27,879 [zio-default-async-5] DEBUG a.f.a.t.b.SeqModelChecker - Step 2: Transition #10 is enabled
2026-07-11T11:54:27,880 [zio-default-async-5] INFO  a.f.a.t.b.SeqModelChecker - State 2: Checking 1 state invariants
2026-07-11T11:54:27,880 [zio-default-async-5] DEBUG a.f.a.t.b.SeqModelChecker - State 2: Checking state invariant 0
2026-07-11T11:54:27,899 [zio-default-async-5] INFO  a.f.a.t.b.SeqModelChecker - State 2: state invariant 0 holds.
2026-07-11T11:54:27,904 [zio-default-async-5] DEBUG a.f.a.t.b.t.TransitionExecutorImpl - Step #2, transition #11
2026-07-11T11:54:27,905 [zio-default-async-5] DEBUG a.f.a.t.b.t.TransitionExecutorImpl - Translating to SMT
2026-07-11T11:54:27,996 [zio-default-async-5] DEBUG a.f.a.t.b.SeqModelChecker - Step 2: Transition #11. Is it enabled?
2026-07-11T11:54:28,003 [zio-default-async-5] DEBUG a.f.a.t.b.SeqModelChecker - Step 2: Transition #11 is enabled
2026-07-11T11:54:28,005 [zio-default-async-5] INFO  a.f.a.t.b.SeqModelChecker - State 2: Checking 1 state invariants
2026-07-11T11:54:28,005 [zio-default-async-5] DEBUG a.f.a.t.b.SeqModelChecker - State 2: Checking state invariant 0
2026-07-11T11:54:28,016 [zio-default-async-5] INFO  a.f.a.t.b.SeqModelChecker - State 2: state invariant 0 holds.
2026-07-11T11:54:28,019 [zio-default-async-5] DEBUG a.f.a.t.b.t.TransitionExecutorImpl - Step #2, transition #12
2026-07-11T11:54:28,020 [zio-default-async-5] DEBUG a.f.a.t.b.t.TransitionExecutorImpl - Translating to SMT
2026-07-11T11:54:28,074 [zio-default-async-5] DEBUG a.f.a.t.b.SeqModelChecker - Step 2: Transition #12. Is it enabled?
2026-07-11T11:54:28,081 [zio-default-async-5] INFO  a.f.a.t.b.SeqModelChecker - Step 2: Transition #12 is disabled
2026-07-11T11:54:28,084 [zio-default-async-5] DEBUG a.f.a.t.b.t.TransitionExecutorImpl - Step #2, transition #13
2026-07-11T11:54:28,084 [zio-default-async-5] DEBUG a.f.a.t.b.t.TransitionExecutorImpl - Translating to SMT
2026-07-11T11:54:28,152 [zio-default-async-5] DEBUG a.f.a.t.b.SeqModelChecker - Step 2: Transition #13. Is it enabled?
2026-07-11T11:54:28,156 [zio-default-async-5] INFO  a.f.a.t.b.SeqModelChecker - Step 2: Transition #13 is disabled
2026-07-11T11:54:28,158 [zio-default-async-5] INFO  a.f.a.t.b.t.TransitionExecutorImpl - Step 2: picking a transition out of 12 transition(s)
2026-07-11T11:54:28,192 [zio-default-async-5] DEBUG a.f.a.t.b.t.TransitionExecutorImpl - Step #3, transition #0
2026-07-11T11:54:28,192 [zio-default-async-5] DEBUG a.f.a.t.b.t.TransitionExecutorImpl - Translating to SMT
2026-07-11T11:54:28,268 [zio-default-async-5] DEBUG a.f.a.t.b.SeqModelChecker - Step 3: Transition #0. Is it enabled?
2026-07-11T11:54:28,277 [zio-default-async-5] DEBUG a.f.a.t.b.SeqModelChecker - Step 3: Transition #0 is enabled
2026-07-11T11:54:28,278 [zio-default-async-5] INFO  a.f.a.t.b.SeqModelChecker - State 3: Checking 1 state invariants
2026-07-11T11:54:28,278 [zio-default-async-5] DEBUG a.f.a.t.b.SeqModelChecker - State 3: Checking state invariant 0
2026-07-11T11:54:28,295 [zio-default-async-5] INFO  a.f.a.t.b.SeqModelChecker - State 3: state invariant 0 holds.
2026-07-11T11:54:28,298 [zio-default-async-5] DEBUG a.f.a.t.b.t.TransitionExecutorImpl - Step #3, transition #1
2026-07-11T11:54:28,299 [zio-default-async-5] DEBUG a.f.a.t.b.t.TransitionExecutorImpl - Translating to SMT
2026-07-11T11:54:28,355 [zio-default-async-5] DEBUG a.f.a.t.b.SeqModelChecker - Step 3: Transition #1. Is it enabled?
2026-07-11T11:54:28,377 [zio-default-async-5] DEBUG a.f.a.t.b.SeqModelChecker - Step 3: Transition #1 is enabled
2026-07-11T11:54:28,379 [zio-default-async-5] INFO  a.f.a.t.b.SeqModelChecker - State 3: Checking 1 state invariants
2026-07-11T11:54:28,380 [zio-default-async-5] DEBUG a.f.a.t.b.SeqModelChecker - State 3: Checking state invariant 0
2026-07-11T11:54:28,408 [zio-default-async-5] INFO  a.f.a.t.b.SeqModelChecker - State 3: state invariant 0 holds.
2026-07-11T11:54:28,411 [zio-default-async-5] DEBUG a.f.a.t.b.t.TransitionExecutorImpl - Step #3, transition #2
2026-07-11T11:54:28,411 [zio-default-async-5] DEBUG a.f.a.t.b.t.TransitionExecutorImpl - Translating to SMT
2026-07-11T11:54:28,455 [zio-default-async-5] DEBUG a.f.a.t.b.SeqModelChecker - Step 3: Transition #2. Is it enabled?
2026-07-11T11:54:28,468 [zio-default-async-5] DEBUG a.f.a.t.b.SeqModelChecker - Step 3: Transition #2 is enabled
2026-07-11T11:54:28,469 [zio-default-async-5] INFO  a.f.a.t.b.SeqModelChecker - State 3: Checking 1 state invariants
2026-07-11T11:54:28,469 [zio-default-async-5] DEBUG a.f.a.t.b.SeqModelChecker - State 3: Checking state invariant 0
2026-07-11T11:54:28,486 [zio-default-async-5] INFO  a.f.a.t.b.SeqModelChecker - State 3: state invariant 0 holds.
2026-07-11T11:54:28,489 [zio-default-async-5] DEBUG a.f.a.t.b.t.TransitionExecutorImpl - Step #3, transition #3
2026-07-11T11:54:28,490 [zio-default-async-5] DEBUG a.f.a.t.b.t.TransitionExecutorImpl - Translating to SMT
2026-07-11T11:54:28,548 [zio-default-async-5] DEBUG a.f.a.t.b.SeqModelChecker - Step 3: Transition #3. Is it enabled?
2026-07-11T11:54:28,565 [zio-default-async-5] DEBUG a.f.a.t.b.SeqModelChecker - Step 3: Transition #3 is enabled
2026-07-11T11:54:28,567 [zio-default-async-5] INFO  a.f.a.t.b.SeqModelChecker - State 3: Checking 1 state invariants
2026-07-11T11:54:28,567 [zio-default-async-5] DEBUG a.f.a.t.b.SeqModelChecker - State 3: Checking state invariant 0
2026-07-11T11:54:28,576 [zio-default-async-5] INFO  a.f.a.t.b.SeqModelChecker - State 3: state invariant 0 holds.
2026-07-11T11:54:28,579 [zio-default-async-5] DEBUG a.f.a.t.b.t.TransitionExecutorImpl - Step #3, transition #4
2026-07-11T11:54:28,579 [zio-default-async-5] DEBUG a.f.a.t.b.t.TransitionExecutorImpl - Translating to SMT
2026-07-11T11:54:28,624 [zio-default-async-5] DEBUG a.f.a.t.b.SeqModelChecker - Step 3: Transition #4. Is it enabled?
2026-07-11T11:54:28,635 [zio-default-async-5] DEBUG a.f.a.t.b.SeqModelChecker - Step 3: Transition #4 is enabled
2026-07-11T11:54:28,637 [zio-default-async-5] INFO  a.f.a.t.b.SeqModelChecker - State 3: Checking 1 state invariants
2026-07-11T11:54:28,637 [zio-default-async-5] DEBUG a.f.a.t.b.SeqModelChecker - State 3: Checking state invariant 0
2026-07-11T11:54:28,661 [zio-default-async-5] INFO  a.f.a.t.b.SeqModelChecker - State 3: state invariant 0 holds.
2026-07-11T11:54:28,666 [zio-default-async-5] DEBUG a.f.a.t.b.t.TransitionExecutorImpl - Step #3, transition #5
2026-07-11T11:54:28,667 [zio-default-async-5] DEBUG a.f.a.t.b.t.TransitionExecutorImpl - Translating to SMT
2026-07-11T11:54:28,721 [zio-default-async-5] DEBUG a.f.a.t.b.SeqModelChecker - Step 3: Transition #5. Is it enabled?
2026-07-11T11:54:28,737 [zio-default-async-5] DEBUG a.f.a.t.b.SeqModelChecker - Step 3: Transition #5 is enabled
2026-07-11T11:54:28,738 [zio-default-async-5] INFO  a.f.a.t.b.SeqModelChecker - State 3: Checking 1 state invariants
2026-07-11T11:54:28,739 [zio-default-async-5] DEBUG a.f.a.t.b.SeqModelChecker - State 3: Checking state invariant 0
2026-07-11T11:54:28,748 [zio-default-async-5] INFO  a.f.a.t.b.SeqModelChecker - State 3: state invariant 0 holds.
2026-07-11T11:54:28,751 [zio-default-async-5] DEBUG a.f.a.t.b.t.TransitionExecutorImpl - Step #3, transition #6
2026-07-11T11:54:28,751 [zio-default-async-5] DEBUG a.f.a.t.b.t.TransitionExecutorImpl - Translating to SMT
2026-07-11T11:54:28,799 [zio-default-async-5] DEBUG a.f.a.t.b.SeqModelChecker - Step 3: Transition #6. Is it enabled?
2026-07-11T11:54:28,843 [zio-default-async-5] DEBUG a.f.a.t.b.SeqModelChecker - Step 3: Transition #6 is enabled
2026-07-11T11:54:28,844 [zio-default-async-5] INFO  a.f.a.t.b.SeqModelChecker - State 3: Checking 1 state invariants
2026-07-11T11:54:28,845 [zio-default-async-5] DEBUG a.f.a.t.b.SeqModelChecker - State 3: Checking state invariant 0
2026-07-11T11:54:28,901 [zio-default-async-5] INFO  a.f.a.t.b.SeqModelChecker - State 3: state invariant 0 holds.
2026-07-11T11:54:28,905 [zio-default-async-5] DEBUG a.f.a.t.b.t.TransitionExecutorImpl - Step #3, transition #7
2026-07-11T11:54:28,905 [zio-default-async-5] DEBUG a.f.a.t.b.t.TransitionExecutorImpl - Translating to SMT
2026-07-11T11:54:28,992 [zio-default-async-5] DEBUG a.f.a.t.b.SeqModelChecker - Step 3: Transition #7. Is it enabled?
2026-07-11T11:54:29,008 [zio-default-async-5] DEBUG a.f.a.t.b.SeqModelChecker - Step 3: Transition #7 is enabled
2026-07-11T11:54:29,010 [zio-default-async-5] INFO  a.f.a.t.b.SeqModelChecker - State 3: Checking 1 state invariants
2026-07-11T11:54:29,010 [zio-default-async-5] DEBUG a.f.a.t.b.SeqModelChecker - State 3: Checking state invariant 0
2026-07-11T11:54:29,044 [zio-default-async-5] INFO  a.f.a.t.b.SeqModelChecker - State 3: state invariant 0 holds.
2026-07-11T11:54:29,048 [zio-default-async-5] DEBUG a.f.a.t.b.t.TransitionExecutorImpl - Step #3, transition #8
2026-07-11T11:54:29,048 [zio-default-async-5] DEBUG a.f.a.t.b.t.TransitionExecutorImpl - Translating to SMT
2026-07-11T11:54:29,111 [zio-default-async-5] DEBUG a.f.a.t.b.SeqModelChecker - Step 3: Transition #8. Is it enabled?
2026-07-11T11:54:29,184 [zio-default-async-5] DEBUG a.f.a.t.b.SeqModelChecker - Step 3: Transition #8 is enabled
2026-07-11T11:54:29,185 [zio-default-async-5] INFO  a.f.a.t.b.SeqModelChecker - State 3: Checking 1 state invariants
2026-07-11T11:54:29,186 [zio-default-async-5] DEBUG a.f.a.t.b.SeqModelChecker - State 3: Checking state invariant 0
2026-07-11T11:54:29,289 [zio-default-async-5] INFO  a.f.a.t.b.SeqModelChecker - State 3: state invariant 0 holds.
2026-07-11T11:54:29,294 [zio-default-async-5] DEBUG a.f.a.t.b.t.TransitionExecutorImpl - Step #3, transition #9
2026-07-11T11:54:29,295 [zio-default-async-5] DEBUG a.f.a.t.b.t.TransitionExecutorImpl - Translating to SMT
2026-07-11T11:54:29,341 [zio-default-async-5] DEBUG a.f.a.t.b.SeqModelChecker - Step 3: Transition #9. Is it enabled?
2026-07-11T11:54:29,379 [zio-default-async-5] DEBUG a.f.a.t.b.SeqModelChecker - Step 3: Transition #9 is enabled
2026-07-11T11:54:29,381 [zio-default-async-5] INFO  a.f.a.t.b.SeqModelChecker - State 3: Checking 1 state invariants
2026-07-11T11:54:29,382 [zio-default-async-5] DEBUG a.f.a.t.b.SeqModelChecker - State 3: Checking state invariant 0
2026-07-11T11:54:29,428 [zio-default-async-5] INFO  a.f.a.t.b.SeqModelChecker - State 3: state invariant 0 holds.
2026-07-11T11:54:29,431 [zio-default-async-5] DEBUG a.f.a.t.b.t.TransitionExecutorImpl - Step #3, transition #10
2026-07-11T11:54:29,432 [zio-default-async-5] DEBUG a.f.a.t.b.t.TransitionExecutorImpl - Translating to SMT
2026-07-11T11:54:29,471 [zio-default-async-5] DEBUG a.f.a.t.b.SeqModelChecker - Step 3: Transition #10. Is it enabled?
2026-07-11T11:54:29,541 [zio-default-async-5] DEBUG a.f.a.t.b.SeqModelChecker - Step 3: Transition #10 is enabled
2026-07-11T11:54:29,543 [zio-default-async-5] INFO  a.f.a.t.b.SeqModelChecker - State 3: Checking 1 state invariants
2026-07-11T11:54:29,543 [zio-default-async-5] DEBUG a.f.a.t.b.SeqModelChecker - State 3: Checking state invariant 0
2026-07-11T11:54:29,640 [zio-default-async-5] INFO  a.f.a.t.b.SeqModelChecker - State 3: state invariant 0 holds.
2026-07-11T11:54:29,644 [zio-default-async-5] DEBUG a.f.a.t.b.t.TransitionExecutorImpl - Step #3, transition #11
2026-07-11T11:54:29,645 [zio-default-async-5] DEBUG a.f.a.t.b.t.TransitionExecutorImpl - Translating to SMT
2026-07-11T11:54:29,690 [zio-default-async-5] DEBUG a.f.a.t.b.SeqModelChecker - Step 3: Transition #11. Is it enabled?
2026-07-11T11:54:29,733 [zio-default-async-5] DEBUG a.f.a.t.b.SeqModelChecker - Step 3: Transition #11 is enabled
2026-07-11T11:54:29,734 [zio-default-async-5] INFO  a.f.a.t.b.SeqModelChecker - State 3: Checking 1 state invariants
2026-07-11T11:54:29,735 [zio-default-async-5] DEBUG a.f.a.t.b.SeqModelChecker - State 3: Checking state invariant 0
2026-07-11T11:54:29,798 [zio-default-async-5] INFO  a.f.a.t.b.SeqModelChecker - State 3: state invariant 0 holds.
2026-07-11T11:54:29,802 [zio-default-async-5] DEBUG a.f.a.t.b.t.TransitionExecutorImpl - Step #3, transition #12
2026-07-11T11:54:29,803 [zio-default-async-5] DEBUG a.f.a.t.b.t.TransitionExecutorImpl - Translating to SMT
2026-07-11T11:54:29,865 [zio-default-async-5] DEBUG a.f.a.t.b.SeqModelChecker - Step 3: Transition #12. Is it enabled?
2026-07-11T11:54:29,874 [zio-default-async-5] INFO  a.f.a.t.b.SeqModelChecker - Step 3: Transition #12 is disabled
2026-07-11T11:54:29,877 [zio-default-async-5] DEBUG a.f.a.t.b.t.TransitionExecutorImpl - Step #3, transition #13
2026-07-11T11:54:29,877 [zio-default-async-5] DEBUG a.f.a.t.b.t.TransitionExecutorImpl - Translating to SMT
2026-07-11T11:54:29,915 [zio-default-async-5] DEBUG a.f.a.t.b.SeqModelChecker - Step 3: Transition #13. Is it enabled?
2026-07-11T11:54:29,919 [zio-default-async-5] INFO  a.f.a.t.b.SeqModelChecker - Step 3: Transition #13 is disabled
2026-07-11T11:54:29,921 [zio-default-async-5] INFO  a.f.a.t.b.t.TransitionExecutorImpl - Step 3: picking a transition out of 12 transition(s)
2026-07-11T11:54:29,962 [zio-default-async-5] DEBUG a.f.a.t.b.t.TransitionExecutorImpl - Step #4, transition #0
2026-07-11T11:54:29,963 [zio-default-async-5] DEBUG a.f.a.t.b.t.TransitionExecutorImpl - Translating to SMT
2026-07-11T11:54:30,031 [zio-default-async-5] DEBUG a.f.a.t.b.SeqModelChecker - Step 4: Transition #0. Is it enabled?
2026-07-11T11:54:30,119 [zio-default-async-5] DEBUG a.f.a.t.b.SeqModelChecker - Step 4: Transition #0 is enabled
2026-07-11T11:54:30,121 [zio-default-async-5] INFO  a.f.a.t.b.SeqModelChecker - State 4: Checking 1 state invariants
2026-07-11T11:54:30,121 [zio-default-async-5] DEBUG a.f.a.t.b.SeqModelChecker - State 4: Checking state invariant 0
2026-07-11T11:54:30,188 [zio-default-async-5] INFO  a.f.a.t.b.SeqModelChecker - State 4: state invariant 0 holds.
2026-07-11T11:54:30,192 [zio-default-async-5] DEBUG a.f.a.t.b.t.TransitionExecutorImpl - Step #4, transition #1
2026-07-11T11:54:30,193 [zio-default-async-5] DEBUG a.f.a.t.b.t.TransitionExecutorImpl - Translating to SMT
2026-07-11T11:54:30,247 [zio-default-async-5] DEBUG a.f.a.t.b.SeqModelChecker - Step 4: Transition #1. Is it enabled?
2026-07-11T11:54:30,350 [zio-default-async-5] DEBUG a.f.a.t.b.SeqModelChecker - Step 4: Transition #1 is enabled
2026-07-11T11:54:30,352 [zio-default-async-5] INFO  a.f.a.t.b.SeqModelChecker - State 4: Checking 1 state invariants
2026-07-11T11:54:30,352 [zio-default-async-5] DEBUG a.f.a.t.b.SeqModelChecker - State 4: Checking state invariant 0
2026-07-11T11:54:30,368 [zio-default-async-5] INFO  a.f.a.t.b.SeqModelChecker - State 4: state invariant 0 holds.
2026-07-11T11:54:30,371 [zio-default-async-5] DEBUG a.f.a.t.b.t.TransitionExecutorImpl - Step #4, transition #2
2026-07-11T11:54:30,371 [zio-default-async-5] DEBUG a.f.a.t.b.t.TransitionExecutorImpl - Translating to SMT
2026-07-11T11:54:30,418 [zio-default-async-5] DEBUG a.f.a.t.b.SeqModelChecker - Step 4: Transition #2. Is it enabled?
2026-07-11T11:54:30,488 [zio-default-async-5] DEBUG a.f.a.t.b.SeqModelChecker - Step 4: Transition #2 is enabled
2026-07-11T11:54:30,490 [zio-default-async-5] INFO  a.f.a.t.b.SeqModelChecker - State 4: Checking 1 state invariants
2026-07-11T11:54:30,490 [zio-default-async-5] DEBUG a.f.a.t.b.SeqModelChecker - State 4: Checking state invariant 0
2026-07-11T11:54:30,534 [zio-default-async-5] INFO  a.f.a.t.b.SeqModelChecker - State 4: state invariant 0 holds.
2026-07-11T11:54:30,538 [zio-default-async-5] DEBUG a.f.a.t.b.t.TransitionExecutorImpl - Step #4, transition #3
2026-07-11T11:54:30,539 [zio-default-async-5] DEBUG a.f.a.t.b.t.TransitionExecutorImpl - Translating to SMT
2026-07-11T11:54:30,614 [zio-default-async-5] DEBUG a.f.a.t.b.SeqModelChecker - Step 4: Transition #3. Is it enabled?
2026-07-11T11:54:30,651 [zio-default-async-5] DEBUG a.f.a.t.b.SeqModelChecker - Step 4: Transition #3 is enabled
2026-07-11T11:54:30,653 [zio-default-async-5] INFO  a.f.a.t.b.SeqModelChecker - State 4: Checking 1 state invariants
2026-07-11T11:54:30,653 [zio-default-async-5] DEBUG a.f.a.t.b.SeqModelChecker - State 4: Checking state invariant 0
2026-07-11T11:54:30,663 [zio-default-async-5] INFO  a.f.a.t.b.SeqModelChecker - State 4: state invariant 0 holds.
2026-07-11T11:54:30,666 [zio-default-async-5] DEBUG a.f.a.t.b.t.TransitionExecutorImpl - Step #4, transition #4
2026-07-11T11:54:30,667 [zio-default-async-5] DEBUG a.f.a.t.b.t.TransitionExecutorImpl - Translating to SMT
2026-07-11T11:54:30,705 [zio-default-async-5] DEBUG a.f.a.t.b.SeqModelChecker - Step 4: Transition #4. Is it enabled?
2026-07-11T11:54:30,719 [zio-default-async-5] DEBUG a.f.a.t.b.SeqModelChecker - Step 4: Transition #4 is enabled
2026-07-11T11:54:30,721 [zio-default-async-5] INFO  a.f.a.t.b.SeqModelChecker - State 4: Checking 1 state invariants
2026-07-11T11:54:30,722 [zio-default-async-5] DEBUG a.f.a.t.b.SeqModelChecker - State 4: Checking state invariant 0
2026-07-11T11:54:30,784 [zio-default-async-5] INFO  a.f.a.t.b.SeqModelChecker - State 4: state invariant 0 holds.
2026-07-11T11:54:30,788 [zio-default-async-5] DEBUG a.f.a.t.b.t.TransitionExecutorImpl - Step #4, transition #5
2026-07-11T11:54:30,788 [zio-default-async-5] DEBUG a.f.a.t.b.t.TransitionExecutorImpl - Translating to SMT
2026-07-11T11:54:30,836 [zio-default-async-5] DEBUG a.f.a.t.b.SeqModelChecker - Step 4: Transition #5. Is it enabled?
2026-07-11T11:54:30,862 [zio-default-async-5] DEBUG a.f.a.t.b.SeqModelChecker - Step 4: Transition #5 is enabled
2026-07-11T11:54:30,864 [zio-default-async-5] INFO  a.f.a.t.b.SeqModelChecker - State 4: Checking 1 state invariants
2026-07-11T11:54:30,864 [zio-default-async-5] DEBUG a.f.a.t.b.SeqModelChecker - State 4: Checking state invariant 0
2026-07-11T11:54:30,876 [zio-default-async-5] INFO  a.f.a.t.b.SeqModelChecker - State 4: state invariant 0 holds.
2026-07-11T11:54:30,879 [zio-default-async-5] DEBUG a.f.a.t.b.t.TransitionExecutorImpl - Step #4, transition #6
2026-07-11T11:54:30,880 [zio-default-async-5] DEBUG a.f.a.t.b.t.TransitionExecutorImpl - Translating to SMT
2026-07-11T11:54:30,928 [zio-default-async-5] DEBUG a.f.a.t.b.SeqModelChecker - Step 4: Transition #6. Is it enabled?
2026-07-11T11:54:30,956 [zio-default-async-5] DEBUG a.f.a.t.b.SeqModelChecker - Step 4: Transition #6 is enabled
2026-07-11T11:54:30,958 [zio-default-async-5] INFO  a.f.a.t.b.SeqModelChecker - State 4: Checking 1 state invariants
2026-07-11T11:54:30,958 [zio-default-async-5] DEBUG a.f.a.t.b.SeqModelChecker - State 4: Checking state invariant 0
2026-07-11T11:54:31,302 [zio-default-async-5] INFO  a.f.a.t.b.SeqModelChecker - State 4: state invariant 0 holds.
2026-07-11T11:54:31,308 [zio-default-async-5] DEBUG a.f.a.t.b.t.TransitionExecutorImpl - Step #4, transition #7
2026-07-11T11:54:31,309 [zio-default-async-5] DEBUG a.f.a.t.b.t.TransitionExecutorImpl - Translating to SMT
2026-07-11T11:54:31,354 [zio-default-async-5] DEBUG a.f.a.t.b.SeqModelChecker - Step 4: Transition #7. Is it enabled?
2026-07-11T11:54:31,433 [zio-default-async-5] DEBUG a.f.a.t.b.SeqModelChecker - Step 4: Transition #7 is enabled
2026-07-11T11:54:31,435 [zio-default-async-5] INFO  a.f.a.t.b.SeqModelChecker - State 4: Checking 1 state invariants
2026-07-11T11:54:31,436 [zio-default-async-5] DEBUG a.f.a.t.b.SeqModelChecker - State 4: Checking state invariant 0
2026-07-11T11:54:31,652 [zio-default-async-5] INFO  a.f.a.t.b.SeqModelChecker - State 4: state invariant 0 holds.
2026-07-11T11:54:31,656 [zio-default-async-5] DEBUG a.f.a.t.b.t.TransitionExecutorImpl - Step #4, transition #8
2026-07-11T11:54:31,657 [zio-default-async-5] DEBUG a.f.a.t.b.t.TransitionExecutorImpl - Translating to SMT
2026-07-11T11:54:31,702 [zio-default-async-5] DEBUG a.f.a.t.b.SeqModelChecker - Step 4: Transition #8. Is it enabled?
2026-07-11T11:54:31,747 [zio-default-async-5] DEBUG a.f.a.t.b.SeqModelChecker - Step 4: Transition #8 is enabled
2026-07-11T11:54:31,748 [zio-default-async-5] INFO  a.f.a.t.b.SeqModelChecker - State 4: Checking 1 state invariants
2026-07-11T11:54:31,749 [zio-default-async-5] DEBUG a.f.a.t.b.SeqModelChecker - State 4: Checking state invariant 0
2026-07-11T11:54:32,467 [zio-default-async-5] INFO  a.f.a.t.b.SeqModelChecker - State 4: state invariant 0 holds.
2026-07-11T11:54:32,472 [zio-default-async-5] DEBUG a.f.a.t.b.t.TransitionExecutorImpl - Step #4, transition #9
2026-07-11T11:54:32,472 [zio-default-async-5] DEBUG a.f.a.t.b.t.TransitionExecutorImpl - Translating to SMT
2026-07-11T11:54:32,516 [zio-default-async-5] DEBUG a.f.a.t.b.SeqModelChecker - Step 4: Transition #9. Is it enabled?
2026-07-11T11:54:32,557 [zio-default-async-5] DEBUG a.f.a.t.b.SeqModelChecker - Step 4: Transition #9 is enabled
2026-07-11T11:54:32,558 [zio-default-async-5] INFO  a.f.a.t.b.SeqModelChecker - State 4: Checking 1 state invariants
2026-07-11T11:54:32,559 [zio-default-async-5] DEBUG a.f.a.t.b.SeqModelChecker - State 4: Checking state invariant 0
2026-07-11T11:54:32,910 [zio-default-async-5] INFO  a.f.a.t.b.SeqModelChecker - State 4: state invariant 0 holds.
2026-07-11T11:54:32,914 [zio-default-async-5] DEBUG a.f.a.t.b.t.TransitionExecutorImpl - Step #4, transition #10
2026-07-11T11:54:32,915 [zio-default-async-5] DEBUG a.f.a.t.b.t.TransitionExecutorImpl - Translating to SMT
2026-07-11T11:54:32,955 [zio-default-async-5] DEBUG a.f.a.t.b.SeqModelChecker - Step 4: Transition #10. Is it enabled?
2026-07-11T11:54:33,014 [zio-default-async-5] DEBUG a.f.a.t.b.SeqModelChecker - Step 4: Transition #10 is enabled
2026-07-11T11:54:33,016 [zio-default-async-5] INFO  a.f.a.t.b.SeqModelChecker - State 4: Checking 1 state invariants
2026-07-11T11:54:33,017 [zio-default-async-5] DEBUG a.f.a.t.b.SeqModelChecker - State 4: Checking state invariant 0
2026-07-11T11:54:33,620 [zio-default-async-5] INFO  a.f.a.t.b.SeqModelChecker - State 4: state invariant 0 holds.
2026-07-11T11:54:33,627 [zio-default-async-5] DEBUG a.f.a.t.b.t.TransitionExecutorImpl - Step #4, transition #11
2026-07-11T11:54:33,628 [zio-default-async-5] DEBUG a.f.a.t.b.t.TransitionExecutorImpl - Translating to SMT
2026-07-11T11:54:33,685 [zio-default-async-5] DEBUG a.f.a.t.b.SeqModelChecker - Step 4: Transition #11. Is it enabled?
2026-07-11T11:54:33,776 [zio-default-async-5] DEBUG a.f.a.t.b.SeqModelChecker - Step 4: Transition #11 is enabled
2026-07-11T11:54:33,778 [zio-default-async-5] INFO  a.f.a.t.b.SeqModelChecker - State 4: Checking 1 state invariants
2026-07-11T11:54:33,778 [zio-default-async-5] DEBUG a.f.a.t.b.SeqModelChecker - State 4: Checking state invariant 0
2026-07-11T11:54:34,075 [zio-default-async-5] INFO  a.f.a.t.b.SeqModelChecker - State 4: state invariant 0 holds.
2026-07-11T11:54:34,078 [zio-default-async-5] DEBUG a.f.a.t.b.t.TransitionExecutorImpl - Step #4, transition #12
2026-07-11T11:54:34,079 [zio-default-async-5] DEBUG a.f.a.t.b.t.TransitionExecutorImpl - Translating to SMT
2026-07-11T11:54:34,125 [zio-default-async-5] DEBUG a.f.a.t.b.SeqModelChecker - Step 4: Transition #12. Is it enabled?
2026-07-11T11:54:34,130 [zio-default-async-5] INFO  a.f.a.t.b.SeqModelChecker - Step 4: Transition #12 is disabled
2026-07-11T11:54:34,132 [zio-default-async-5] DEBUG a.f.a.t.b.t.TransitionExecutorImpl - Step #4, transition #13
2026-07-11T11:54:34,132 [zio-default-async-5] DEBUG a.f.a.t.b.t.TransitionExecutorImpl - Translating to SMT
2026-07-11T11:54:34,167 [zio-default-async-5] DEBUG a.f.a.t.b.SeqModelChecker - Step 4: Transition #13. Is it enabled?
2026-07-11T11:54:34,171 [zio-default-async-5] INFO  a.f.a.t.b.SeqModelChecker - Step 4: Transition #13 is disabled
2026-07-11T11:54:34,173 [zio-default-async-5] INFO  a.f.a.t.b.t.TransitionExecutorImpl - Step 4: picking a transition out of 12 transition(s)
2026-07-11T11:54:34,207 [zio-default-async-5] DEBUG a.f.a.t.b.t.TransitionExecutorImpl - Step #5, transition #0
2026-07-11T11:54:34,208 [zio-default-async-5] DEBUG a.f.a.t.b.t.TransitionExecutorImpl - Translating to SMT
2026-07-11T11:54:34,258 [zio-default-async-5] DEBUG a.f.a.t.b.SeqModelChecker - Step 5: Transition #0. Is it enabled?
2026-07-11T11:54:34,319 [zio-default-async-5] DEBUG a.f.a.t.b.SeqModelChecker - Step 5: Transition #0 is enabled
2026-07-11T11:54:34,320 [zio-default-async-5] INFO  a.f.a.t.b.SeqModelChecker - State 5: Checking 1 state invariants
2026-07-11T11:54:34,320 [zio-default-async-5] DEBUG a.f.a.t.b.SeqModelChecker - State 5: Checking state invariant 0
2026-07-11T11:54:34,445 [zio-default-async-5] INFO  a.f.a.t.b.SeqModelChecker - State 5: state invariant 0 holds.
2026-07-11T11:54:34,450 [zio-default-async-5] DEBUG a.f.a.t.b.t.TransitionExecutorImpl - Step #5, transition #1
2026-07-11T11:54:34,451 [zio-default-async-5] DEBUG a.f.a.t.b.t.TransitionExecutorImpl - Translating to SMT
2026-07-11T11:54:34,526 [zio-default-async-5] DEBUG a.f.a.t.b.SeqModelChecker - Step 5: Transition #1. Is it enabled?
2026-07-11T11:54:34,589 [zio-default-async-5] DEBUG a.f.a.t.b.SeqModelChecker - Step 5: Transition #1 is enabled
2026-07-11T11:54:34,591 [zio-default-async-5] INFO  a.f.a.t.b.SeqModelChecker - State 5: Checking 1 state invariants
2026-07-11T11:54:34,591 [zio-default-async-5] DEBUG a.f.a.t.b.SeqModelChecker - State 5: Checking state invariant 0
2026-07-11T11:54:34,616 [zio-default-async-5] INFO  a.f.a.t.b.SeqModelChecker - State 5: state invariant 0 holds.
2026-07-11T11:54:34,621 [zio-default-async-5] DEBUG a.f.a.t.b.t.TransitionExecutorImpl - Step #5, transition #2
2026-07-11T11:54:34,621 [zio-default-async-5] DEBUG a.f.a.t.b.t.TransitionExecutorImpl - Translating to SMT
2026-07-11T11:54:34,682 [zio-default-async-5] DEBUG a.f.a.t.b.SeqModelChecker - Step 5: Transition #2. Is it enabled?
2026-07-11T11:54:34,847 [zio-default-async-5] DEBUG a.f.a.t.b.SeqModelChecker - Step 5: Transition #2 is enabled
2026-07-11T11:54:34,848 [zio-default-async-5] INFO  a.f.a.t.b.SeqModelChecker - State 5: Checking 1 state invariants
2026-07-11T11:54:34,848 [zio-default-async-5] DEBUG a.f.a.t.b.SeqModelChecker - State 5: Checking state invariant 0
2026-07-11T11:54:34,912 [zio-default-async-5] INFO  a.f.a.t.b.SeqModelChecker - State 5: state invariant 0 holds.
2026-07-11T11:54:34,917 [zio-default-async-5] DEBUG a.f.a.t.b.t.TransitionExecutorImpl - Step #5, transition #3
2026-07-11T11:54:34,918 [zio-default-async-5] DEBUG a.f.a.t.b.t.TransitionExecutorImpl - Translating to SMT
2026-07-11T11:54:34,967 [zio-default-async-5] DEBUG a.f.a.t.b.SeqModelChecker - Step 5: Transition #3. Is it enabled?
2026-07-11T11:54:35,072 [zio-default-async-5] DEBUG a.f.a.t.b.SeqModelChecker - Step 5: Transition #3 is enabled
2026-07-11T11:54:35,074 [zio-default-async-5] INFO  a.f.a.t.b.SeqModelChecker - State 5: Checking 1 state invariants
2026-07-11T11:54:35,074 [zio-default-async-5] DEBUG a.f.a.t.b.SeqModelChecker - State 5: Checking state invariant 0
2026-07-11T11:54:35,093 [zio-default-async-5] INFO  a.f.a.t.b.SeqModelChecker - State 5: state invariant 0 holds.
2026-07-11T11:54:35,097 [zio-default-async-5] DEBUG a.f.a.t.b.t.TransitionExecutorImpl - Step #5, transition #4
2026-07-11T11:54:35,097 [zio-default-async-5] DEBUG a.f.a.t.b.t.TransitionExecutorImpl - Translating to SMT
2026-07-11T11:54:35,150 [zio-default-async-5] DEBUG a.f.a.t.b.SeqModelChecker - Step 5: Transition #4. Is it enabled?
2026-07-11T11:54:35,216 [zio-default-async-5] DEBUG a.f.a.t.b.SeqModelChecker - Step 5: Transition #4 is enabled
2026-07-11T11:54:35,217 [zio-default-async-5] INFO  a.f.a.t.b.SeqModelChecker - State 5: Checking 1 state invariants
2026-07-11T11:54:35,218 [zio-default-async-5] DEBUG a.f.a.t.b.SeqModelChecker - State 5: Checking state invariant 0
2026-07-11T11:54:35,310 [zio-default-async-5] INFO  a.f.a.t.b.SeqModelChecker - State 5: state invariant 0 holds.
2026-07-11T11:54:35,315 [zio-default-async-5] DEBUG a.f.a.t.b.t.TransitionExecutorImpl - Step #5, transition #5
2026-07-11T11:54:35,315 [zio-default-async-5] DEBUG a.f.a.t.b.t.TransitionExecutorImpl - Translating to SMT
2026-07-11T11:54:35,370 [zio-default-async-5] DEBUG a.f.a.t.b.SeqModelChecker - Step 5: Transition #5. Is it enabled?
2026-07-11T11:54:35,522 [zio-default-async-5] DEBUG a.f.a.t.b.SeqModelChecker - Step 5: Transition #5 is enabled
2026-07-11T11:54:35,524 [zio-default-async-5] INFO  a.f.a.t.b.SeqModelChecker - State 5: Checking 1 state invariants
2026-07-11T11:54:35,524 [zio-default-async-5] DEBUG a.f.a.t.b.SeqModelChecker - State 5: Checking state invariant 0
2026-07-11T11:54:35,538 [zio-default-async-5] INFO  a.f.a.t.b.SeqModelChecker - State 5: state invariant 0 holds.
2026-07-11T11:54:35,541 [zio-default-async-5] DEBUG a.f.a.t.b.t.TransitionExecutorImpl - Step #5, transition #6
2026-07-11T11:54:35,542 [zio-default-async-5] DEBUG a.f.a.t.b.t.TransitionExecutorImpl - Translating to SMT
2026-07-11T11:54:35,582 [zio-default-async-5] DEBUG a.f.a.t.b.SeqModelChecker - Step 5: Transition #6. Is it enabled?
2026-07-11T11:54:35,734 [zio-default-async-5] DEBUG a.f.a.t.b.SeqModelChecker - Step 5: Transition #6 is enabled
2026-07-11T11:54:35,736 [zio-default-async-5] INFO  a.f.a.t.b.SeqModelChecker - State 5: Checking 1 state invariants
2026-07-11T11:54:35,736 [zio-default-async-5] DEBUG a.f.a.t.b.SeqModelChecker - State 5: Checking state invariant 0
2026-07-11T11:54:36,966 [zio-default-async-5] INFO  a.f.a.t.b.SeqModelChecker - State 5: state invariant 0 holds.
2026-07-11T11:54:36,973 [zio-default-async-5] DEBUG a.f.a.t.b.t.TransitionExecutorImpl - Step #5, transition #7
2026-07-11T11:54:36,974 [zio-default-async-5] DEBUG a.f.a.t.b.t.TransitionExecutorImpl - Translating to SMT
2026-07-11T11:54:37,021 [zio-default-async-5] DEBUG a.f.a.t.b.SeqModelChecker - Step 5: Transition #7. Is it enabled?
2026-07-11T11:54:37,162 [zio-default-async-5] DEBUG a.f.a.t.b.SeqModelChecker - Step 5: Transition #7 is enabled
2026-07-11T11:54:37,164 [zio-default-async-5] INFO  a.f.a.t.b.SeqModelChecker - State 5: Checking 1 state invariants
2026-07-11T11:54:37,164 [zio-default-async-5] DEBUG a.f.a.t.b.SeqModelChecker - State 5: Checking state invariant 0
2026-07-11T11:54:38,041 [zio-default-async-5] INFO  a.f.a.t.b.SeqModelChecker - State 5: state invariant 0 holds.
2026-07-11T11:54:38,050 [zio-default-async-5] DEBUG a.f.a.t.b.t.TransitionExecutorImpl - Step #5, transition #8
2026-07-11T11:54:38,051 [zio-default-async-5] DEBUG a.f.a.t.b.t.TransitionExecutorImpl - Translating to SMT
2026-07-11T11:54:38,094 [zio-default-async-5] DEBUG a.f.a.t.b.SeqModelChecker - Step 5: Transition #8. Is it enabled?
2026-07-11T11:54:38,172 [zio-default-async-5] DEBUG a.f.a.t.b.SeqModelChecker - Step 5: Transition #8 is enabled
2026-07-11T11:54:38,175 [zio-default-async-5] INFO  a.f.a.t.b.SeqModelChecker - State 5: Checking 1 state invariants
2026-07-11T11:54:38,176 [zio-default-async-5] DEBUG a.f.a.t.b.SeqModelChecker - State 5: Checking state invariant 0
2026-07-11T11:54:39,728 [zio-default-async-5] INFO  a.f.a.t.b.SeqModelChecker - State 5: state invariant 0 holds.
2026-07-11T11:54:39,732 [zio-default-async-5] DEBUG a.f.a.t.b.t.TransitionExecutorImpl - Step #5, transition #9
2026-07-11T11:54:39,732 [zio-default-async-5] DEBUG a.f.a.t.b.t.TransitionExecutorImpl - Translating to SMT
2026-07-11T11:54:39,754 [zio-default-async-5] DEBUG a.f.a.t.b.SeqModelChecker - Step 5: Transition #9. Is it enabled?
2026-07-11T11:54:39,891 [zio-default-async-5] DEBUG a.f.a.t.b.SeqModelChecker - Step 5: Transition #9 is enabled
2026-07-11T11:54:39,892 [zio-default-async-5] INFO  a.f.a.t.b.SeqModelChecker - State 5: Checking 1 state invariants
2026-07-11T11:54:39,892 [zio-default-async-5] DEBUG a.f.a.t.b.SeqModelChecker - State 5: Checking state invariant 0
2026-07-11T11:54:40,656 [zio-default-async-5] INFO  a.f.a.t.b.SeqModelChecker - State 5: state invariant 0 holds.
2026-07-11T11:54:40,661 [zio-default-async-5] DEBUG a.f.a.t.b.t.TransitionExecutorImpl - Step #5, transition #10
2026-07-11T11:54:40,661 [zio-default-async-5] DEBUG a.f.a.t.b.t.TransitionExecutorImpl - Translating to SMT
2026-07-11T11:54:40,682 [zio-default-async-5] DEBUG a.f.a.t.b.SeqModelChecker - Step 5: Transition #10. Is it enabled?
2026-07-11T11:54:40,730 [zio-default-async-5] DEBUG a.f.a.t.b.SeqModelChecker - Step 5: Transition #10 is enabled
2026-07-11T11:54:40,730 [zio-default-async-5] INFO  a.f.a.t.b.SeqModelChecker - State 5: Checking 1 state invariants
2026-07-11T11:54:40,730 [zio-default-async-5] DEBUG a.f.a.t.b.SeqModelChecker - State 5: Checking state invariant 0
2026-07-11T11:54:42,246 [zio-default-async-5] INFO  a.f.a.t.b.SeqModelChecker - State 5: state invariant 0 holds.
2026-07-11T11:54:42,250 [zio-default-async-5] DEBUG a.f.a.t.b.t.TransitionExecutorImpl - Step #5, transition #11
2026-07-11T11:54:42,251 [zio-default-async-5] DEBUG a.f.a.t.b.t.TransitionExecutorImpl - Translating to SMT
2026-07-11T11:54:42,271 [zio-default-async-5] DEBUG a.f.a.t.b.SeqModelChecker - Step 5: Transition #11. Is it enabled?
2026-07-11T11:54:42,396 [zio-default-async-5] DEBUG a.f.a.t.b.SeqModelChecker - Step 5: Transition #11 is enabled
2026-07-11T11:54:42,396 [zio-default-async-5] INFO  a.f.a.t.b.SeqModelChecker - State 5: Checking 1 state invariants
2026-07-11T11:54:42,396 [zio-default-async-5] DEBUG a.f.a.t.b.SeqModelChecker - State 5: Checking state invariant 0
2026-07-11T11:54:42,838 [zio-default-async-5] INFO  a.f.a.t.b.SeqModelChecker - State 5: state invariant 0 holds.
2026-07-11T11:54:42,842 [zio-default-async-5] DEBUG a.f.a.t.b.t.TransitionExecutorImpl - Step #5, transition #12
2026-07-11T11:54:42,842 [zio-default-async-5] DEBUG a.f.a.t.b.t.TransitionExecutorImpl - Translating to SMT
2026-07-11T11:54:42,864 [zio-default-async-5] DEBUG a.f.a.t.b.SeqModelChecker - Step 5: Transition #12. Is it enabled?
2026-07-11T11:54:42,867 [zio-default-async-5] INFO  a.f.a.t.b.SeqModelChecker - Step 5: Transition #12 is disabled
2026-07-11T11:54:42,869 [zio-default-async-5] DEBUG a.f.a.t.b.t.TransitionExecutorImpl - Step #5, transition #13
2026-07-11T11:54:42,869 [zio-default-async-5] DEBUG a.f.a.t.b.t.TransitionExecutorImpl - Translating to SMT
2026-07-11T11:54:42,890 [zio-default-async-5] DEBUG a.f.a.t.b.SeqModelChecker - Step 5: Transition #13. Is it enabled?
2026-07-11T11:54:42,893 [zio-default-async-5] INFO  a.f.a.t.b.SeqModelChecker - Step 5: Transition #13 is disabled
2026-07-11T11:54:42,894 [zio-default-async-5] INFO  a.f.a.t.b.t.TransitionExecutorImpl - Step 5: picking a transition out of 12 transition(s)
2026-07-11T11:54:42,910 [zio-default-async-5] DEBUG a.f.a.t.b.t.TransitionExecutorImpl - Step #6, transition #0
2026-07-11T11:54:42,910 [zio-default-async-5] DEBUG a.f.a.t.b.t.TransitionExecutorImpl - Translating to SMT
2026-07-11T11:54:42,935 [zio-default-async-5] DEBUG a.f.a.t.b.SeqModelChecker - Step 6: Transition #0. Is it enabled?
2026-07-11T11:54:43,167 [zio-default-async-5] DEBUG a.f.a.t.b.SeqModelChecker - Step 6: Transition #0 is enabled
2026-07-11T11:54:43,167 [zio-default-async-5] INFO  a.f.a.t.b.SeqModelChecker - State 6: Checking 1 state invariants
2026-07-11T11:54:43,167 [zio-default-async-5] DEBUG a.f.a.t.b.SeqModelChecker - State 6: Checking state invariant 0
2026-07-11T11:54:43,230 [zio-default-async-5] INFO  a.f.a.t.b.SeqModelChecker - State 6: state invariant 0 holds.
2026-07-11T11:54:43,233 [zio-default-async-5] DEBUG a.f.a.t.b.t.TransitionExecutorImpl - Step #6, transition #1
2026-07-11T11:54:43,233 [zio-default-async-5] DEBUG a.f.a.t.b.t.TransitionExecutorImpl - Translating to SMT
2026-07-11T11:54:43,257 [zio-default-async-5] DEBUG a.f.a.t.b.SeqModelChecker - Step 6: Transition #1. Is it enabled?
2026-07-11T11:54:43,436 [zio-default-async-5] DEBUG a.f.a.t.b.SeqModelChecker - Step 6: Transition #1 is enabled
2026-07-11T11:54:43,436 [zio-default-async-5] INFO  a.f.a.t.b.SeqModelChecker - State 6: Checking 1 state invariants
2026-07-11T11:54:43,436 [zio-default-async-5] DEBUG a.f.a.t.b.SeqModelChecker - State 6: Checking state invariant 0
2026-07-11T11:54:43,446 [zio-default-async-5] INFO  a.f.a.t.b.SeqModelChecker - State 6: state invariant 0 holds.
2026-07-11T11:54:43,449 [zio-default-async-5] DEBUG a.f.a.t.b.t.TransitionExecutorImpl - Step #6, transition #2
2026-07-11T11:54:43,449 [zio-default-async-5] DEBUG a.f.a.t.b.t.TransitionExecutorImpl - Translating to SMT
2026-07-11T11:54:43,470 [zio-default-async-5] DEBUG a.f.a.t.b.SeqModelChecker - Step 6: Transition #2. Is it enabled?
2026-07-11T11:54:43,484 [zio-default-async-5] DEBUG a.f.a.t.b.SeqModelChecker - Step 6: Transition #2 is enabled
2026-07-11T11:54:43,484 [zio-default-async-5] INFO  a.f.a.t.b.SeqModelChecker - State 6: Checking 1 state invariants
2026-07-11T11:54:43,485 [zio-default-async-5] DEBUG a.f.a.t.b.SeqModelChecker - State 6: Checking state invariant 0
2026-07-11T11:54:43,751 [zio-default-async-5] INFO  a.f.a.t.b.SeqModelChecker - State 6: state invariant 0 holds.
2026-07-11T11:54:43,754 [zio-default-async-5] DEBUG a.f.a.t.b.t.TransitionExecutorImpl - Step #6, transition #3
2026-07-11T11:54:43,754 [zio-default-async-5] DEBUG a.f.a.t.b.t.TransitionExecutorImpl - Translating to SMT
2026-07-11T11:54:43,776 [zio-default-async-5] DEBUG a.f.a.t.b.SeqModelChecker - Step 6: Transition #3. Is it enabled?
2026-07-11T11:54:43,901 [zio-default-async-5] DEBUG a.f.a.t.b.SeqModelChecker - Step 6: Transition #3 is enabled
2026-07-11T11:54:43,902 [zio-default-async-5] INFO  a.f.a.t.b.SeqModelChecker - State 6: Checking 1 state invariants
2026-07-11T11:54:43,902 [zio-default-async-5] DEBUG a.f.a.t.b.SeqModelChecker - State 6: Checking state invariant 0
2026-07-11T11:54:43,909 [zio-default-async-5] INFO  a.f.a.t.b.SeqModelChecker - State 6: state invariant 0 holds.
2026-07-11T11:54:43,912 [zio-default-async-5] DEBUG a.f.a.t.b.t.TransitionExecutorImpl - Step #6, transition #4
2026-07-11T11:54:43,912 [zio-default-async-5] DEBUG a.f.a.t.b.t.TransitionExecutorImpl - Translating to SMT
2026-07-11T11:54:43,951 [zio-default-async-5] DEBUG a.f.a.t.b.SeqModelChecker - Step 6: Transition #4. Is it enabled?
2026-07-11T11:54:44,058 [zio-default-async-5] DEBUG a.f.a.t.b.SeqModelChecker - Step 6: Transition #4 is enabled
2026-07-11T11:54:44,059 [zio-default-async-5] INFO  a.f.a.t.b.SeqModelChecker - State 6: Checking 1 state invariants
2026-07-11T11:54:44,059 [zio-default-async-5] DEBUG a.f.a.t.b.SeqModelChecker - State 6: Checking state invariant 0
2026-07-11T11:54:44,204 [zio-default-async-5] INFO  a.f.a.t.b.SeqModelChecker - State 6: state invariant 0 holds.
2026-07-11T11:54:44,207 [zio-default-async-5] DEBUG a.f.a.t.b.t.TransitionExecutorImpl - Step #6, transition #5
2026-07-11T11:54:44,207 [zio-default-async-5] DEBUG a.f.a.t.b.t.TransitionExecutorImpl - Translating to SMT
2026-07-11T11:54:44,231 [zio-default-async-5] DEBUG a.f.a.t.b.SeqModelChecker - Step 6: Transition #5. Is it enabled?
2026-07-11T11:54:44,280 [zio-default-async-5] DEBUG a.f.a.t.b.SeqModelChecker - Step 6: Transition #5 is enabled
2026-07-11T11:54:44,281 [zio-default-async-5] INFO  a.f.a.t.b.SeqModelChecker - State 6: Checking 1 state invariants
2026-07-11T11:54:44,281 [zio-default-async-5] DEBUG a.f.a.t.b.SeqModelChecker - State 6: Checking state invariant 0
2026-07-11T11:54:44,286 [zio-default-async-5] INFO  a.f.a.t.b.SeqModelChecker - State 6: state invariant 0 holds.
2026-07-11T11:54:44,288 [zio-default-async-5] DEBUG a.f.a.t.b.t.TransitionExecutorImpl - Step #6, transition #6
2026-07-11T11:54:44,288 [zio-default-async-5] DEBUG a.f.a.t.b.t.TransitionExecutorImpl - Translating to SMT
2026-07-11T11:54:44,308 [zio-default-async-5] DEBUG a.f.a.t.b.SeqModelChecker - Step 6: Transition #6. Is it enabled?
2026-07-11T11:54:44,404 [zio-default-async-5] DEBUG a.f.a.t.b.SeqModelChecker - Step 6: Transition #6 is enabled
2026-07-11T11:54:44,404 [zio-default-async-5] INFO  a.f.a.t.b.SeqModelChecker - State 6: Checking 1 state invariants
2026-07-11T11:54:44,405 [zio-default-async-5] DEBUG a.f.a.t.b.SeqModelChecker - State 6: Checking state invariant 0
2026-07-11T11:54:45,281 [zio-default-async-5] INFO  a.f.a.t.b.SeqModelChecker - State 6: state invariant 0 holds.
2026-07-11T11:54:45,284 [zio-default-async-5] DEBUG a.f.a.t.b.t.TransitionExecutorImpl - Step #6, transition #7
2026-07-11T11:54:45,285 [zio-default-async-5] DEBUG a.f.a.t.b.t.TransitionExecutorImpl - Translating to SMT
2026-07-11T11:54:45,304 [zio-default-async-5] DEBUG a.f.a.t.b.SeqModelChecker - Step 6: Transition #7. Is it enabled?
2026-07-11T11:54:45,471 [zio-default-async-5] DEBUG a.f.a.t.b.SeqModelChecker - Step 6: Transition #7 is enabled
2026-07-11T11:54:45,471 [zio-default-async-5] INFO  a.f.a.t.b.SeqModelChecker - State 6: Checking 1 state invariants
2026-07-11T11:54:45,472 [zio-default-async-5] DEBUG a.f.a.t.b.SeqModelChecker - State 6: Checking state invariant 0
2026-07-11T11:54:46,176 [zio-default-async-5] INFO  a.f.a.t.b.SeqModelChecker - State 6: state invariant 0 holds.
2026-07-11T11:54:46,179 [zio-default-async-5] DEBUG a.f.a.t.b.t.TransitionExecutorImpl - Step #6, transition #8
2026-07-11T11:54:46,179 [zio-default-async-5] DEBUG a.f.a.t.b.t.TransitionExecutorImpl - Translating to SMT
2026-07-11T11:54:46,199 [zio-default-async-5] DEBUG a.f.a.t.b.SeqModelChecker - Step 6: Transition #8. Is it enabled?
2026-07-11T11:54:46,391 [zio-default-async-5] DEBUG a.f.a.t.b.SeqModelChecker - Step 6: Transition #8 is enabled
2026-07-11T11:54:46,391 [zio-default-async-5] INFO  a.f.a.t.b.SeqModelChecker - State 6: Checking 1 state invariants
2026-07-11T11:54:46,391 [zio-default-async-5] DEBUG a.f.a.t.b.SeqModelChecker - State 6: Checking state invariant 0
2026-07-11T11:54:48,255 [zio-default-async-5] INFO  a.f.a.t.b.SeqModelChecker - State 6: state invariant 0 holds.
2026-07-11T11:54:48,259 [zio-default-async-5] DEBUG a.f.a.t.b.t.TransitionExecutorImpl - Step #6, transition #9
2026-07-11T11:54:48,259 [zio-default-async-5] DEBUG a.f.a.t.b.t.TransitionExecutorImpl - Translating to SMT
2026-07-11T11:54:48,281 [zio-default-async-5] DEBUG a.f.a.t.b.SeqModelChecker - Step 6: Transition #9. Is it enabled?
2026-07-11T11:54:48,489 [zio-default-async-5] DEBUG a.f.a.t.b.SeqModelChecker - Step 6: Transition #9 is enabled
2026-07-11T11:54:48,489 [zio-default-async-5] INFO  a.f.a.t.b.SeqModelChecker - State 6: Checking 1 state invariants
2026-07-11T11:54:48,489 [zio-default-async-5] DEBUG a.f.a.t.b.SeqModelChecker - State 6: Checking state invariant 0
2026-07-11T11:54:49,229 [zio-default-async-5] INFO  a.f.a.t.b.SeqModelChecker - State 6: state invariant 0 holds.
2026-07-11T11:54:49,234 [zio-default-async-5] DEBUG a.f.a.t.b.t.TransitionExecutorImpl - Step #6, transition #10
2026-07-11T11:54:49,234 [zio-default-async-5] DEBUG a.f.a.t.b.t.TransitionExecutorImpl - Translating to SMT
2026-07-11T11:54:49,272 [zio-default-async-5] DEBUG a.f.a.t.b.SeqModelChecker - Step 6: Transition #10. Is it enabled?
2026-07-11T11:54:49,436 [zio-default-async-5] DEBUG a.f.a.t.b.SeqModelChecker - Step 6: Transition #10 is enabled
2026-07-11T11:54:49,437 [zio-default-async-5] INFO  a.f.a.t.b.SeqModelChecker - State 6: Checking 1 state invariants
2026-07-11T11:54:49,437 [zio-default-async-5] DEBUG a.f.a.t.b.SeqModelChecker - State 6: Checking state invariant 0
2026-07-11T11:54:50,837 [zio-default-async-5] INFO  a.f.a.t.b.SeqModelChecker - State 6: state invariant 0 holds.
2026-07-11T11:54:50,841 [zio-default-async-5] DEBUG a.f.a.t.b.t.TransitionExecutorImpl - Step #6, transition #11
2026-07-11T11:54:50,842 [zio-default-async-5] DEBUG a.f.a.t.b.t.TransitionExecutorImpl - Translating to SMT
2026-07-11T11:54:50,861 [zio-default-async-5] DEBUG a.f.a.t.b.SeqModelChecker - Step 6: Transition #11. Is it enabled?
2026-07-11T11:54:50,976 [zio-default-async-5] DEBUG a.f.a.t.b.SeqModelChecker - Step 6: Transition #11 is enabled
2026-07-11T11:54:50,976 [zio-default-async-5] INFO  a.f.a.t.b.SeqModelChecker - State 6: Checking 1 state invariants
2026-07-11T11:54:50,976 [zio-default-async-5] DEBUG a.f.a.t.b.SeqModelChecker - State 6: Checking state invariant 0
2026-07-11T11:54:51,603 [zio-default-async-5] INFO  a.f.a.t.b.SeqModelChecker - State 6: state invariant 0 holds.
2026-07-11T11:54:51,608 [zio-default-async-5] DEBUG a.f.a.t.b.t.TransitionExecutorImpl - Step #6, transition #12
2026-07-11T11:54:51,608 [zio-default-async-5] DEBUG a.f.a.t.b.t.TransitionExecutorImpl - Translating to SMT
2026-07-11T11:54:51,644 [zio-default-async-5] DEBUG a.f.a.t.b.SeqModelChecker - Step 6: Transition #12. Is it enabled?
2026-07-11T11:54:51,646 [zio-default-async-5] INFO  a.f.a.t.b.SeqModelChecker - Step 6: Transition #12 is disabled
2026-07-11T11:54:51,648 [zio-default-async-5] DEBUG a.f.a.t.b.t.TransitionExecutorImpl - Step #6, transition #13
2026-07-11T11:54:51,648 [zio-default-async-5] DEBUG a.f.a.t.b.t.TransitionExecutorImpl - Translating to SMT
2026-07-11T11:54:51,668 [zio-default-async-5] DEBUG a.f.a.t.b.SeqModelChecker - Step 6: Transition #13. Is it enabled?
2026-07-11T11:54:51,670 [zio-default-async-5] INFO  a.f.a.t.b.SeqModelChecker - Step 6: Transition #13 is disabled
2026-07-11T11:54:51,672 [zio-default-async-5] INFO  a.f.a.t.b.t.TransitionExecutorImpl - Step 6: picking a transition out of 12 transition(s)
2026-07-11T11:54:51,687 [zio-default-async-5] DEBUG a.f.a.t.b.t.TransitionExecutorImpl - Step #7, transition #0
2026-07-11T11:54:51,687 [zio-default-async-5] DEBUG a.f.a.t.b.t.TransitionExecutorImpl - Translating to SMT
2026-07-11T11:54:51,710 [zio-default-async-5] DEBUG a.f.a.t.b.SeqModelChecker - Step 7: Transition #0. Is it enabled?
2026-07-11T11:54:52,003 [zio-default-async-5] DEBUG a.f.a.t.b.SeqModelChecker - Step 7: Transition #0 is enabled
2026-07-11T11:54:52,003 [zio-default-async-5] INFO  a.f.a.t.b.SeqModelChecker - State 7: Checking 1 state invariants
2026-07-11T11:54:52,004 [zio-default-async-5] DEBUG a.f.a.t.b.SeqModelChecker - State 7: Checking state invariant 0
2026-07-11T11:54:52,106 [zio-default-async-5] INFO  a.f.a.t.b.SeqModelChecker - State 7: state invariant 0 holds.
2026-07-11T11:54:52,110 [zio-default-async-5] DEBUG a.f.a.t.b.t.TransitionExecutorImpl - Step #7, transition #1
2026-07-11T11:54:52,110 [zio-default-async-5] DEBUG a.f.a.t.b.t.TransitionExecutorImpl - Translating to SMT
2026-07-11T11:54:52,133 [zio-default-async-5] DEBUG a.f.a.t.b.SeqModelChecker - Step 7: Transition #1. Is it enabled?
2026-07-11T11:54:52,258 [zio-default-async-5] DEBUG a.f.a.t.b.SeqModelChecker - Step 7: Transition #1 is enabled
2026-07-11T11:54:52,258 [zio-default-async-5] INFO  a.f.a.t.b.SeqModelChecker - State 7: Checking 1 state invariants
2026-07-11T11:54:52,259 [zio-default-async-5] DEBUG a.f.a.t.b.SeqModelChecker - State 7: Checking state invariant 0
2026-07-11T11:54:52,269 [zio-default-async-5] INFO  a.f.a.t.b.SeqModelChecker - State 7: state invariant 0 holds.
2026-07-11T11:54:52,271 [zio-default-async-5] DEBUG a.f.a.t.b.t.TransitionExecutorImpl - Step #7, transition #2
2026-07-11T11:54:52,271 [zio-default-async-5] DEBUG a.f.a.t.b.t.TransitionExecutorImpl - Translating to SMT
2026-07-11T11:54:52,292 [zio-default-async-5] DEBUG a.f.a.t.b.SeqModelChecker - Step 7: Transition #2. Is it enabled?
2026-07-11T11:54:52,504 [zio-default-async-5] DEBUG a.f.a.t.b.SeqModelChecker - Step 7: Transition #2 is enabled
2026-07-11T11:54:52,504 [zio-default-async-5] INFO  a.f.a.t.b.SeqModelChecker - State 7: Checking 1 state invariants
2026-07-11T11:54:52,504 [zio-default-async-5] DEBUG a.f.a.t.b.SeqModelChecker - State 7: Checking state invariant 0
2026-07-11T11:54:52,631 [zio-default-async-5] INFO  a.f.a.t.b.SeqModelChecker - State 7: state invariant 0 holds.
2026-07-11T11:54:52,634 [zio-default-async-5] DEBUG a.f.a.t.b.t.TransitionExecutorImpl - Step #7, transition #3
2026-07-11T11:54:52,634 [zio-default-async-5] DEBUG a.f.a.t.b.t.TransitionExecutorImpl - Translating to SMT
2026-07-11T11:54:52,654 [zio-default-async-5] DEBUG a.f.a.t.b.SeqModelChecker - Step 7: Transition #3. Is it enabled?
2026-07-11T11:54:52,937 [zio-default-async-5] DEBUG a.f.a.t.b.SeqModelChecker - Step 7: Transition #3 is enabled
2026-07-11T11:54:52,938 [zio-default-async-5] INFO  a.f.a.t.b.SeqModelChecker - State 7: Checking 1 state invariants
2026-07-11T11:54:52,938 [zio-default-async-5] DEBUG a.f.a.t.b.SeqModelChecker - State 7: Checking state invariant 0
2026-07-11T11:54:52,943 [zio-default-async-5] INFO  a.f.a.t.b.SeqModelChecker - State 7: state invariant 0 holds.
2026-07-11T11:54:52,947 [zio-default-async-5] DEBUG a.f.a.t.b.t.TransitionExecutorImpl - Step #7, transition #4
2026-07-11T11:54:52,948 [zio-default-async-5] DEBUG a.f.a.t.b.t.TransitionExecutorImpl - Translating to SMT
2026-07-11T11:54:52,968 [zio-default-async-5] DEBUG a.f.a.t.b.SeqModelChecker - Step 7: Transition #4. Is it enabled?
2026-07-11T11:54:53,289 [zio-default-async-5] DEBUG a.f.a.t.b.SeqModelChecker - Step 7: Transition #4 is enabled
2026-07-11T11:54:53,289 [zio-default-async-5] INFO  a.f.a.t.b.SeqModelChecker - State 7: Checking 1 state invariants
2026-07-11T11:54:53,289 [zio-default-async-5] DEBUG a.f.a.t.b.SeqModelChecker - State 7: Checking state invariant 0
2026-07-11T11:54:53,501 [zio-default-async-5] INFO  a.f.a.t.b.SeqModelChecker - State 7: state invariant 0 holds.
2026-07-11T11:54:53,505 [zio-default-async-5] DEBUG a.f.a.t.b.t.TransitionExecutorImpl - Step #7, transition #5
2026-07-11T11:54:53,506 [zio-default-async-5] DEBUG a.f.a.t.b.t.TransitionExecutorImpl - Translating to SMT
2026-07-11T11:54:53,530 [zio-default-async-5] DEBUG a.f.a.t.b.SeqModelChecker - Step 7: Transition #5. Is it enabled?
2026-07-11T11:54:53,675 [zio-default-async-5] DEBUG a.f.a.t.b.SeqModelChecker - Step 7: Transition #5 is enabled
2026-07-11T11:54:53,675 [zio-default-async-5] INFO  a.f.a.t.b.SeqModelChecker - State 7: Checking 1 state invariants
2026-07-11T11:54:53,675 [zio-default-async-5] DEBUG a.f.a.t.b.SeqModelChecker - State 7: Checking state invariant 0
2026-07-11T11:54:53,689 [zio-default-async-5] INFO  a.f.a.t.b.SeqModelChecker - State 7: state invariant 0 holds.
2026-07-11T11:54:53,693 [zio-default-async-5] DEBUG a.f.a.t.b.t.TransitionExecutorImpl - Step #7, transition #6
2026-07-11T11:54:53,693 [zio-default-async-5] DEBUG a.f.a.t.b.t.TransitionExecutorImpl - Translating to SMT
2026-07-11T11:54:53,726 [zio-default-async-5] DEBUG a.f.a.t.b.SeqModelChecker - Step 7: Transition #6. Is it enabled?
2026-07-11T11:54:53,751 [zio-default-async-5] DEBUG a.f.a.t.b.SeqModelChecker - Step 7: Transition #6 is enabled
2026-07-11T11:54:53,751 [zio-default-async-5] INFO  a.f.a.t.b.SeqModelChecker - State 7: Checking 1 state invariants
2026-07-11T11:54:53,751 [zio-default-async-5] DEBUG a.f.a.t.b.SeqModelChecker - State 7: Checking state invariant 0
2026-07-11T11:54:56,055 [zio-default-async-5] INFO  a.f.a.t.b.SeqModelChecker - State 7: state invariant 0 holds.
2026-07-11T11:54:56,060 [zio-default-async-5] DEBUG a.f.a.t.b.t.TransitionExecutorImpl - Step #7, transition #7
2026-07-11T11:54:56,060 [zio-default-async-5] DEBUG a.f.a.t.b.t.TransitionExecutorImpl - Translating to SMT
2026-07-11T11:54:56,080 [zio-default-async-5] DEBUG a.f.a.t.b.SeqModelChecker - Step 7: Transition #7. Is it enabled?
2026-07-11T11:54:56,246 [zio-default-async-5] DEBUG a.f.a.t.b.SeqModelChecker - Step 7: Transition #7 is enabled
2026-07-11T11:54:56,246 [zio-default-async-5] INFO  a.f.a.t.b.SeqModelChecker - State 7: Checking 1 state invariants
2026-07-11T11:54:56,247 [zio-default-async-5] DEBUG a.f.a.t.b.SeqModelChecker - State 7: Checking state invariant 0
2026-07-11T11:54:57,605 [zio-default-async-5] INFO  a.f.a.t.b.SeqModelChecker - State 7: state invariant 0 holds.
2026-07-11T11:54:57,610 [zio-default-async-5] DEBUG a.f.a.t.b.t.TransitionExecutorImpl - Step #7, transition #8
2026-07-11T11:54:57,610 [zio-default-async-5] DEBUG a.f.a.t.b.t.TransitionExecutorImpl - Translating to SMT
2026-07-11T11:54:57,629 [zio-default-async-5] DEBUG a.f.a.t.b.SeqModelChecker - Step 7: Transition #8. Is it enabled?
2026-07-11T11:54:57,815 [zio-default-async-5] DEBUG a.f.a.t.b.SeqModelChecker - Step 7: Transition #8 is enabled
2026-07-11T11:54:57,815 [zio-default-async-5] INFO  a.f.a.t.b.SeqModelChecker - State 7: Checking 1 state invariants
2026-07-11T11:54:57,815 [zio-default-async-5] DEBUG a.f.a.t.b.SeqModelChecker - State 7: Checking state invariant 0
2026-07-11T11:55:01,705 [zio-default-async-5] INFO  a.f.a.t.b.SeqModelChecker - State 7: state invariant 0 holds.
2026-07-11T11:55:01,712 [zio-default-async-5] DEBUG a.f.a.t.b.t.TransitionExecutorImpl - Step #7, transition #9
2026-07-11T11:55:01,712 [zio-default-async-5] DEBUG a.f.a.t.b.t.TransitionExecutorImpl - Translating to SMT
2026-07-11T11:55:01,732 [zio-default-async-5] DEBUG a.f.a.t.b.SeqModelChecker - Step 7: Transition #9. Is it enabled?
2026-07-11T11:55:02,032 [zio-default-async-5] DEBUG a.f.a.t.b.SeqModelChecker - Step 7: Transition #9 is enabled
2026-07-11T11:55:02,032 [zio-default-async-5] INFO  a.f.a.t.b.SeqModelChecker - State 7: Checking 1 state invariants
2026-07-11T11:55:02,033 [zio-default-async-5] DEBUG a.f.a.t.b.SeqModelChecker - State 7: Checking state invariant 0
2026-07-11T11:55:02,643 [zio-default-async-5] INFO  a.f.a.t.b.SeqModelChecker - State 7: state invariant 0 holds.
2026-07-11T11:55:02,650 [zio-default-async-5] DEBUG a.f.a.t.b.t.TransitionExecutorImpl - Step #7, transition #10
2026-07-11T11:55:02,650 [zio-default-async-5] DEBUG a.f.a.t.b.t.TransitionExecutorImpl - Translating to SMT
2026-07-11T11:55:02,670 [zio-default-async-5] DEBUG a.f.a.t.b.SeqModelChecker - Step 7: Transition #10. Is it enabled?
2026-07-11T11:55:02,795 [zio-default-async-5] DEBUG a.f.a.t.b.SeqModelChecker - Step 7: Transition #10 is enabled
2026-07-11T11:55:02,795 [zio-default-async-5] INFO  a.f.a.t.b.SeqModelChecker - State 7: Checking 1 state invariants
2026-07-11T11:55:02,796 [zio-default-async-5] DEBUG a.f.a.t.b.SeqModelChecker - State 7: Checking state invariant 0
2026-07-11T11:55:06,306 [zio-default-async-5] INFO  a.f.a.t.b.SeqModelChecker - State 7: state invariant 0 holds.
2026-07-11T11:55:06,312 [zio-default-async-5] DEBUG a.f.a.t.b.t.TransitionExecutorImpl - Step #7, transition #11
2026-07-11T11:55:06,312 [zio-default-async-5] DEBUG a.f.a.t.b.t.TransitionExecutorImpl - Translating to SMT
2026-07-11T11:55:06,341 [zio-default-async-5] DEBUG a.f.a.t.b.SeqModelChecker - Step 7: Transition #11. Is it enabled?
2026-07-11T11:55:06,823 [zio-default-async-5] DEBUG a.f.a.t.b.SeqModelChecker - Step 7: Transition #11 is enabled
2026-07-11T11:55:06,824 [zio-default-async-5] INFO  a.f.a.t.b.SeqModelChecker - State 7: Checking 1 state invariants
2026-07-11T11:55:06,824 [zio-default-async-5] DEBUG a.f.a.t.b.SeqModelChecker - State 7: Checking state invariant 0
2026-07-11T11:55:07,548 [zio-default-async-5] INFO  a.f.a.t.b.SeqModelChecker - State 7: state invariant 0 holds.
2026-07-11T11:55:07,554 [zio-default-async-5] DEBUG a.f.a.t.b.t.TransitionExecutorImpl - Step #7, transition #12
2026-07-11T11:55:07,554 [zio-default-async-5] DEBUG a.f.a.t.b.t.TransitionExecutorImpl - Translating to SMT
2026-07-11T11:55:07,575 [zio-default-async-5] DEBUG a.f.a.t.b.SeqModelChecker - Step 7: Transition #12. Is it enabled?
2026-07-11T11:55:07,577 [zio-default-async-5] INFO  a.f.a.t.b.SeqModelChecker - Step 7: Transition #12 is disabled
2026-07-11T11:55:07,579 [zio-default-async-5] DEBUG a.f.a.t.b.t.TransitionExecutorImpl - Step #7, transition #13
2026-07-11T11:55:07,579 [zio-default-async-5] DEBUG a.f.a.t.b.t.TransitionExecutorImpl - Translating to SMT
2026-07-11T11:55:07,599 [zio-default-async-5] DEBUG a.f.a.t.b.SeqModelChecker - Step 7: Transition #13. Is it enabled?
2026-07-11T11:55:07,601 [zio-default-async-5] INFO  a.f.a.t.b.SeqModelChecker - Step 7: Transition #13 is disabled
2026-07-11T11:55:07,602 [zio-default-async-5] INFO  a.f.a.t.b.t.TransitionExecutorImpl - Step 7: picking a transition out of 12 transition(s)
2026-07-11T11:55:07,617 [zio-default-async-5] DEBUG a.f.a.t.b.t.TransitionExecutorImpl - Step #8, transition #0
2026-07-11T11:55:07,617 [zio-default-async-5] DEBUG a.f.a.t.b.t.TransitionExecutorImpl - Translating to SMT
2026-07-11T11:55:07,640 [zio-default-async-5] DEBUG a.f.a.t.b.SeqModelChecker - Step 8: Transition #0. Is it enabled?
2026-07-11T11:55:07,914 [zio-default-async-5] DEBUG a.f.a.t.b.SeqModelChecker - Step 8: Transition #0 is enabled
2026-07-11T11:55:07,914 [zio-default-async-5] INFO  a.f.a.t.b.SeqModelChecker - State 8: Checking 1 state invariants
2026-07-11T11:55:07,914 [zio-default-async-5] DEBUG a.f.a.t.b.SeqModelChecker - State 8: Checking state invariant 0
2026-07-11T11:55:08,091 [zio-default-async-5] INFO  a.f.a.t.b.SeqModelChecker - State 8: state invariant 0 holds.
2026-07-11T11:55:08,095 [zio-default-async-5] DEBUG a.f.a.t.b.t.TransitionExecutorImpl - Step #8, transition #1
2026-07-11T11:55:08,095 [zio-default-async-5] DEBUG a.f.a.t.b.t.TransitionExecutorImpl - Translating to SMT
2026-07-11T11:55:08,118 [zio-default-async-5] DEBUG a.f.a.t.b.SeqModelChecker - Step 8: Transition #1. Is it enabled?
2026-07-11T11:55:08,553 [zio-default-async-5] DEBUG a.f.a.t.b.SeqModelChecker - Step 8: Transition #1 is enabled
2026-07-11T11:55:08,554 [zio-default-async-5] INFO  a.f.a.t.b.SeqModelChecker - State 8: Checking 1 state invariants
2026-07-11T11:55:08,554 [zio-default-async-5] DEBUG a.f.a.t.b.SeqModelChecker - State 8: Checking state invariant 0
2026-07-11T11:55:08,564 [zio-default-async-5] INFO  a.f.a.t.b.SeqModelChecker - State 8: state invariant 0 holds.
2026-07-11T11:55:08,568 [zio-default-async-5] DEBUG a.f.a.t.b.t.TransitionExecutorImpl - Step #8, transition #2
2026-07-11T11:55:08,568 [zio-default-async-5] DEBUG a.f.a.t.b.t.TransitionExecutorImpl - Translating to SMT
2026-07-11T11:55:08,588 [zio-default-async-5] DEBUG a.f.a.t.b.SeqModelChecker - Step 8: Transition #2. Is it enabled?
2026-07-11T11:55:08,953 [zio-default-async-5] DEBUG a.f.a.t.b.SeqModelChecker - Step 8: Transition #2 is enabled
2026-07-11T11:55:08,954 [zio-default-async-5] INFO  a.f.a.t.b.SeqModelChecker - State 8: Checking 1 state invariants
2026-07-11T11:55:08,954 [zio-default-async-5] DEBUG a.f.a.t.b.SeqModelChecker - State 8: Checking state invariant 0
2026-07-11T11:55:09,054 [zio-default-async-5] INFO  a.f.a.t.b.SeqModelChecker - State 8: state invariant 0 holds.
2026-07-11T11:55:09,058 [zio-default-async-5] DEBUG a.f.a.t.b.t.TransitionExecutorImpl - Step #8, transition #3
2026-07-11T11:55:09,058 [zio-default-async-5] DEBUG a.f.a.t.b.t.TransitionExecutorImpl - Translating to SMT
2026-07-11T11:55:09,098 [zio-default-async-5] DEBUG a.f.a.t.b.SeqModelChecker - Step 8: Transition #3. Is it enabled?
2026-07-11T11:55:09,282 [zio-default-async-5] DEBUG a.f.a.t.b.SeqModelChecker - Step 8: Transition #3 is enabled
2026-07-11T11:55:09,282 [zio-default-async-5] INFO  a.f.a.t.b.SeqModelChecker - State 8: Checking 1 state invariants
2026-07-11T11:55:09,282 [zio-default-async-5] DEBUG a.f.a.t.b.SeqModelChecker - State 8: Checking state invariant 0
2026-07-11T11:55:09,289 [zio-default-async-5] INFO  a.f.a.t.b.SeqModelChecker - State 8: state invariant 0 holds.
2026-07-11T11:55:09,293 [zio-default-async-5] DEBUG a.f.a.t.b.t.TransitionExecutorImpl - Step #8, transition #4
2026-07-11T11:55:09,293 [zio-default-async-5] DEBUG a.f.a.t.b.t.TransitionExecutorImpl - Translating to SMT
2026-07-11T11:55:09,314 [zio-default-async-5] DEBUG a.f.a.t.b.SeqModelChecker - Step 8: Transition #4. Is it enabled?
2026-07-11T11:55:09,647 [zio-default-async-5] DEBUG a.f.a.t.b.SeqModelChecker - Step 8: Transition #4 is enabled
2026-07-11T11:55:09,647 [zio-default-async-5] INFO  a.f.a.t.b.SeqModelChecker - State 8: Checking 1 state invariants
2026-07-11T11:55:09,647 [zio-default-async-5] DEBUG a.f.a.t.b.SeqModelChecker - State 8: Checking state invariant 0
2026-07-11T11:55:09,944 [zio-default-async-5] INFO  a.f.a.t.b.SeqModelChecker - State 8: state invariant 0 holds.
2026-07-11T11:55:09,947 [zio-default-async-5] DEBUG a.f.a.t.b.t.TransitionExecutorImpl - Step #8, transition #5
2026-07-11T11:55:09,947 [zio-default-async-5] DEBUG a.f.a.t.b.t.TransitionExecutorImpl - Translating to SMT
2026-07-11T11:55:09,968 [zio-default-async-5] DEBUG a.f.a.t.b.SeqModelChecker - Step 8: Transition #5. Is it enabled?
2026-07-11T11:55:10,106 [zio-default-async-5] DEBUG a.f.a.t.b.SeqModelChecker - Step 8: Transition #5 is enabled
2026-07-11T11:55:10,107 [zio-default-async-5] INFO  a.f.a.t.b.SeqModelChecker - State 8: Checking 1 state invariants
2026-07-11T11:55:10,107 [zio-default-async-5] DEBUG a.f.a.t.b.SeqModelChecker - State 8: Checking state invariant 0
2026-07-11T11:55:10,116 [zio-default-async-5] INFO  a.f.a.t.b.SeqModelChecker - State 8: state invariant 0 holds.
2026-07-11T11:55:10,119 [zio-default-async-5] DEBUG a.f.a.t.b.t.TransitionExecutorImpl - Step #8, transition #6
2026-07-11T11:55:10,119 [zio-default-async-5] DEBUG a.f.a.t.b.t.TransitionExecutorImpl - Translating to SMT
2026-07-11T11:55:10,139 [zio-default-async-5] DEBUG a.f.a.t.b.SeqModelChecker - Step 8: Transition #6. Is it enabled?
2026-07-11T11:55:10,175 [zio-default-async-5] DEBUG a.f.a.t.b.SeqModelChecker - Step 8: Transition #6 is enabled
2026-07-11T11:55:10,175 [zio-default-async-5] INFO  a.f.a.t.b.SeqModelChecker - State 8: Checking 1 state invariants
2026-07-11T11:55:10,175 [zio-default-async-5] DEBUG a.f.a.t.b.SeqModelChecker - State 8: Checking state invariant 0
2026-07-11T11:55:11,837 [zio-default-async-5] INFO  a.f.a.t.b.SeqModelChecker - State 8: state invariant 0 holds.
2026-07-11T11:55:11,844 [zio-default-async-5] DEBUG a.f.a.t.b.t.TransitionExecutorImpl - Step #8, transition #7
2026-07-11T11:55:11,844 [zio-default-async-5] DEBUG a.f.a.t.b.t.TransitionExecutorImpl - Translating to SMT
2026-07-11T11:55:11,864 [zio-default-async-5] DEBUG a.f.a.t.b.SeqModelChecker - Step 8: Transition #7. Is it enabled?
2026-07-11T11:55:12,046 [zio-default-async-5] DEBUG a.f.a.t.b.SeqModelChecker - Step 8: Transition #7 is enabled
2026-07-11T11:55:12,047 [zio-default-async-5] INFO  a.f.a.t.b.SeqModelChecker - State 8: Checking 1 state invariants
2026-07-11T11:55:12,047 [zio-default-async-5] DEBUG a.f.a.t.b.SeqModelChecker - State 8: Checking state invariant 0
2026-07-11T11:55:13,467 [zio-default-async-5] INFO  a.f.a.t.b.SeqModelChecker - State 8: state invariant 0 holds.
2026-07-11T11:55:13,473 [zio-default-async-5] DEBUG a.f.a.t.b.t.TransitionExecutorImpl - Step #8, transition #8
2026-07-11T11:55:13,473 [zio-default-async-5] DEBUG a.f.a.t.b.t.TransitionExecutorImpl - Translating to SMT
2026-07-11T11:55:13,492 [zio-default-async-5] DEBUG a.f.a.t.b.SeqModelChecker - Step 8: Transition #8. Is it enabled?
2026-07-11T11:55:13,928 [zio-default-async-5] DEBUG a.f.a.t.b.SeqModelChecker - Step 8: Transition #8 is enabled
2026-07-11T11:55:13,928 [zio-default-async-5] INFO  a.f.a.t.b.SeqModelChecker - State 8: Checking 1 state invariants
2026-07-11T11:55:13,928 [zio-default-async-5] DEBUG a.f.a.t.b.SeqModelChecker - State 8: Checking state invariant 0
2026-07-11T11:55:16,562 [zio-default-async-5] INFO  a.f.a.t.b.SeqModelChecker - State 8: state invariant 0 holds.
2026-07-11T11:55:16,568 [zio-default-async-5] DEBUG a.f.a.t.b.t.TransitionExecutorImpl - Step #8, transition #9
2026-07-11T11:55:16,568 [zio-default-async-5] DEBUG a.f.a.t.b.t.TransitionExecutorImpl - Translating to SMT
2026-07-11T11:55:16,598 [zio-default-async-5] DEBUG a.f.a.t.b.SeqModelChecker - Step 8: Transition #9. Is it enabled?
2026-07-11T11:55:17,163 [zio-default-async-5] DEBUG a.f.a.t.b.SeqModelChecker - Step 8: Transition #9 is enabled
2026-07-11T11:55:17,163 [zio-default-async-5] INFO  a.f.a.t.b.SeqModelChecker - State 8: Checking 1 state invariants
2026-07-11T11:55:17,163 [zio-default-async-5] DEBUG a.f.a.t.b.SeqModelChecker - State 8: Checking state invariant 0
2026-07-11T11:55:18,371 [zio-default-async-5] INFO  a.f.a.t.b.SeqModelChecker - State 8: state invariant 0 holds.
2026-07-11T11:55:18,377 [zio-default-async-5] DEBUG a.f.a.t.b.t.TransitionExecutorImpl - Step #8, transition #10
2026-07-11T11:55:18,377 [zio-default-async-5] DEBUG a.f.a.t.b.t.TransitionExecutorImpl - Translating to SMT
2026-07-11T11:55:18,395 [zio-default-async-5] DEBUG a.f.a.t.b.SeqModelChecker - Step 8: Transition #10. Is it enabled?
2026-07-11T11:55:18,637 [zio-default-async-5] DEBUG a.f.a.t.b.SeqModelChecker - Step 8: Transition #10 is enabled
2026-07-11T11:55:18,638 [zio-default-async-5] INFO  a.f.a.t.b.SeqModelChecker - State 8: Checking 1 state invariants
2026-07-11T11:55:18,638 [zio-default-async-5] DEBUG a.f.a.t.b.SeqModelChecker - State 8: Checking state invariant 0
2026-07-11T11:55:21,236 [zio-default-async-5] INFO  a.f.a.t.b.SeqModelChecker - State 8: state invariant 0 holds.
2026-07-11T11:55:21,243 [zio-default-async-5] DEBUG a.f.a.t.b.t.TransitionExecutorImpl - Step #8, transition #11
2026-07-11T11:55:21,243 [zio-default-async-5] DEBUG a.f.a.t.b.t.TransitionExecutorImpl - Translating to SMT
2026-07-11T11:55:21,262 [zio-default-async-5] DEBUG a.f.a.t.b.SeqModelChecker - Step 8: Transition #11. Is it enabled?
2026-07-11T11:55:21,537 [zio-default-async-5] DEBUG a.f.a.t.b.SeqModelChecker - Step 8: Transition #11 is enabled
2026-07-11T11:55:21,537 [zio-default-async-5] INFO  a.f.a.t.b.SeqModelChecker - State 8: Checking 1 state invariants
2026-07-11T11:55:21,537 [zio-default-async-5] DEBUG a.f.a.t.b.SeqModelChecker - State 8: Checking state invariant 0
2026-07-11T11:55:22,801 [zio-default-async-5] INFO  a.f.a.t.b.SeqModelChecker - State 8: state invariant 0 holds.
2026-07-11T11:55:22,808 [zio-default-async-5] DEBUG a.f.a.t.b.t.TransitionExecutorImpl - Step #8, transition #12
2026-07-11T11:55:22,808 [zio-default-async-5] DEBUG a.f.a.t.b.t.TransitionExecutorImpl - Translating to SMT
2026-07-11T11:55:22,828 [zio-default-async-5] DEBUG a.f.a.t.b.SeqModelChecker - Step 8: Transition #12. Is it enabled?
2026-07-11T11:55:22,830 [zio-default-async-5] INFO  a.f.a.t.b.SeqModelChecker - Step 8: Transition #12 is disabled
2026-07-11T11:55:22,832 [zio-default-async-5] DEBUG a.f.a.t.b.t.TransitionExecutorImpl - Step #8, transition #13
2026-07-11T11:55:22,832 [zio-default-async-5] DEBUG a.f.a.t.b.t.TransitionExecutorImpl - Translating to SMT
2026-07-11T11:55:22,851 [zio-default-async-5] DEBUG a.f.a.t.b.SeqModelChecker - Step 8: Transition #13. Is it enabled?
2026-07-11T11:55:22,853 [zio-default-async-5] INFO  a.f.a.t.b.SeqModelChecker - Step 8: Transition #13 is disabled
2026-07-11T11:55:22,855 [zio-default-async-5] INFO  a.f.a.t.b.t.TransitionExecutorImpl - Step 8: picking a transition out of 12 transition(s)
2026-07-11T11:55:22,871 [zio-default-async-5] DEBUG a.f.a.t.b.t.TransitionExecutorImpl - Step #9, transition #0
2026-07-11T11:55:22,871 [zio-default-async-5] DEBUG a.f.a.t.b.t.TransitionExecutorImpl - Translating to SMT
2026-07-11T11:55:22,894 [zio-default-async-5] DEBUG a.f.a.t.b.SeqModelChecker - Step 9: Transition #0. Is it enabled?
2026-07-11T11:55:23,211 [zio-default-async-5] DEBUG a.f.a.t.b.SeqModelChecker - Step 9: Transition #0 is enabled
2026-07-11T11:55:23,212 [zio-default-async-5] INFO  a.f.a.t.b.SeqModelChecker - State 9: Checking 1 state invariants
2026-07-11T11:55:23,212 [zio-default-async-5] DEBUG a.f.a.t.b.SeqModelChecker - State 9: Checking state invariant 0
2026-07-11T11:55:23,659 [zio-default-async-5] INFO  a.f.a.t.b.SeqModelChecker - State 9: state invariant 0 holds.
2026-07-11T11:55:23,665 [zio-default-async-5] DEBUG a.f.a.t.b.t.TransitionExecutorImpl - Step #9, transition #1
2026-07-11T11:55:23,665 [zio-default-async-5] DEBUG a.f.a.t.b.t.TransitionExecutorImpl - Translating to SMT
2026-07-11T11:55:23,701 [zio-default-async-5] DEBUG a.f.a.t.b.SeqModelChecker - Step 9: Transition #1. Is it enabled?
2026-07-11T11:55:24,351 [zio-default-async-5] DEBUG a.f.a.t.b.SeqModelChecker - Step 9: Transition #1 is enabled
2026-07-11T11:55:24,351 [zio-default-async-5] INFO  a.f.a.t.b.SeqModelChecker - State 9: Checking 1 state invariants
2026-07-11T11:55:24,352 [zio-default-async-5] DEBUG a.f.a.t.b.SeqModelChecker - State 9: Checking state invariant 0
2026-07-11T11:55:24,362 [zio-default-async-5] INFO  a.f.a.t.b.SeqModelChecker - State 9: state invariant 0 holds.
2026-07-11T11:55:24,367 [zio-default-async-5] DEBUG a.f.a.t.b.t.TransitionExecutorImpl - Step #9, transition #2
2026-07-11T11:55:24,367 [zio-default-async-5] DEBUG a.f.a.t.b.t.TransitionExecutorImpl - Translating to SMT
2026-07-11T11:55:24,391 [zio-default-async-5] DEBUG a.f.a.t.b.SeqModelChecker - Step 9: Transition #2. Is it enabled?
2026-07-11T11:55:24,801 [zio-default-async-5] DEBUG a.f.a.t.b.SeqModelChecker - Step 9: Transition #2 is enabled
2026-07-11T11:55:24,802 [zio-default-async-5] INFO  a.f.a.t.b.SeqModelChecker - State 9: Checking 1 state invariants
2026-07-11T11:55:24,802 [zio-default-async-5] DEBUG a.f.a.t.b.SeqModelChecker - State 9: Checking state invariant 0
2026-07-11T11:55:24,887 [zio-default-async-5] INFO  a.f.a.t.b.SeqModelChecker - State 9: state invariant 0 holds.
2026-07-11T11:55:24,893 [zio-default-async-5] DEBUG a.f.a.t.b.t.TransitionExecutorImpl - Step #9, transition #3
2026-07-11T11:55:24,894 [zio-default-async-5] DEBUG a.f.a.t.b.t.TransitionExecutorImpl - Translating to SMT
2026-07-11T11:55:24,914 [zio-default-async-5] DEBUG a.f.a.t.b.SeqModelChecker - Step 9: Transition #3. Is it enabled?
2026-07-11T11:55:25,267 [zio-default-async-5] DEBUG a.f.a.t.b.SeqModelChecker - Step 9: Transition #3 is enabled
2026-07-11T11:55:25,267 [zio-default-async-5] INFO  a.f.a.t.b.SeqModelChecker - State 9: Checking 1 state invariants
2026-07-11T11:55:25,267 [zio-default-async-5] DEBUG a.f.a.t.b.SeqModelChecker - State 9: Checking state invariant 0
2026-07-11T11:55:25,277 [zio-default-async-5] INFO  a.f.a.t.b.SeqModelChecker - State 9: state invariant 0 holds.
2026-07-11T11:55:25,281 [zio-default-async-5] DEBUG a.f.a.t.b.t.TransitionExecutorImpl - Step #9, transition #4
2026-07-11T11:55:25,281 [zio-default-async-5] DEBUG a.f.a.t.b.t.TransitionExecutorImpl - Translating to SMT
2026-07-11T11:55:25,303 [zio-default-async-5] DEBUG a.f.a.t.b.SeqModelChecker - Step 9: Transition #4. Is it enabled?
2026-07-11T11:55:25,715 [zio-default-async-5] DEBUG a.f.a.t.b.SeqModelChecker - Step 9: Transition #4 is enabled
2026-07-11T11:55:25,716 [zio-default-async-5] INFO  a.f.a.t.b.SeqModelChecker - State 9: Checking 1 state invariants
2026-07-11T11:55:25,716 [zio-default-async-5] DEBUG a.f.a.t.b.SeqModelChecker - State 9: Checking state invariant 0
2026-07-11T11:55:26,049 [zio-default-async-5] INFO  a.f.a.t.b.SeqModelChecker - State 9: state invariant 0 holds.
2026-07-11T11:55:26,058 [zio-default-async-5] DEBUG a.f.a.t.b.t.TransitionExecutorImpl - Step #9, transition #5
2026-07-11T11:55:26,058 [zio-default-async-5] DEBUG a.f.a.t.b.t.TransitionExecutorImpl - Translating to SMT
2026-07-11T11:55:26,081 [zio-default-async-5] DEBUG a.f.a.t.b.SeqModelChecker - Step 9: Transition #5. Is it enabled?
2026-07-11T11:55:26,452 [zio-default-async-5] DEBUG a.f.a.t.b.SeqModelChecker - Step 9: Transition #5 is enabled
2026-07-11T11:55:26,452 [zio-default-async-5] INFO  a.f.a.t.b.SeqModelChecker - State 9: Checking 1 state invariants
2026-07-11T11:55:26,452 [zio-default-async-5] DEBUG a.f.a.t.b.SeqModelChecker - State 9: Checking state invariant 0
2026-07-11T11:55:26,463 [zio-default-async-5] INFO  a.f.a.t.b.SeqModelChecker - State 9: state invariant 0 holds.
2026-07-11T11:55:26,469 [zio-default-async-5] DEBUG a.f.a.t.b.t.TransitionExecutorImpl - Step #9, transition #6
2026-07-11T11:55:26,469 [zio-default-async-5] DEBUG a.f.a.t.b.t.TransitionExecutorImpl - Translating to SMT
2026-07-11T11:55:26,501 [zio-default-async-5] DEBUG a.f.a.t.b.SeqModelChecker - Step 9: Transition #6. Is it enabled?
2026-07-11T11:55:26,595 [zio-default-async-5] DEBUG a.f.a.t.b.SeqModelChecker - Step 9: Transition #6 is enabled
2026-07-11T11:55:26,595 [zio-default-async-5] INFO  a.f.a.t.b.SeqModelChecker - State 9: Checking 1 state invariants
2026-07-11T11:55:26,595 [zio-default-async-5] DEBUG a.f.a.t.b.SeqModelChecker - State 9: Checking state invariant 0
2026-07-11T11:55:28,557 [zio-default-async-5] INFO  a.f.a.t.b.SeqModelChecker - State 9: state invariant 0 holds.
2026-07-11T11:55:28,564 [zio-default-async-5] DEBUG a.f.a.t.b.t.TransitionExecutorImpl - Step #9, transition #7
2026-07-11T11:55:28,564 [zio-default-async-5] DEBUG a.f.a.t.b.t.TransitionExecutorImpl - Translating to SMT
2026-07-11T11:55:28,584 [zio-default-async-5] DEBUG a.f.a.t.b.SeqModelChecker - Step 9: Transition #7. Is it enabled?
2026-07-11T11:55:28,924 [zio-default-async-5] DEBUG a.f.a.t.b.SeqModelChecker - Step 9: Transition #7 is enabled
2026-07-11T11:55:28,924 [zio-default-async-5] INFO  a.f.a.t.b.SeqModelChecker - State 9: Checking 1 state invariants
2026-07-11T11:55:28,924 [zio-default-async-5] DEBUG a.f.a.t.b.SeqModelChecker - State 9: Checking state invariant 0
2026-07-11T11:55:30,211 [zio-default-async-5] INFO  a.f.a.t.b.SeqModelChecker - State 9: state invariant 0 holds.
2026-07-11T11:55:30,227 [zio-default-async-5] DEBUG a.f.a.t.b.t.TransitionExecutorImpl - Step #9, transition #8
2026-07-11T11:55:30,227 [zio-default-async-5] DEBUG a.f.a.t.b.t.TransitionExecutorImpl - Translating to SMT
2026-07-11T11:55:30,246 [zio-default-async-5] DEBUG a.f.a.t.b.SeqModelChecker - Step 9: Transition #8. Is it enabled?
2026-07-11T11:55:30,622 [zio-default-async-5] DEBUG a.f.a.t.b.SeqModelChecker - Step 9: Transition #8 is enabled
2026-07-11T11:55:30,622 [zio-default-async-5] INFO  a.f.a.t.b.SeqModelChecker - State 9: Checking 1 state invariants
2026-07-11T11:55:30,622 [zio-default-async-5] DEBUG a.f.a.t.b.SeqModelChecker - State 9: Checking state invariant 0
2026-07-11T11:55:33,544 [zio-default-async-5] INFO  a.f.a.t.b.SeqModelChecker - State 9: state invariant 0 holds.
2026-07-11T11:55:33,552 [zio-default-async-5] DEBUG a.f.a.t.b.t.TransitionExecutorImpl - Step #9, transition #9
2026-07-11T11:55:33,552 [zio-default-async-5] DEBUG a.f.a.t.b.t.TransitionExecutorImpl - Translating to SMT
2026-07-11T11:55:33,571 [zio-default-async-5] DEBUG a.f.a.t.b.SeqModelChecker - Step 9: Transition #9. Is it enabled?
2026-07-11T11:55:33,947 [zio-default-async-5] DEBUG a.f.a.t.b.SeqModelChecker - Step 9: Transition #9 is enabled
2026-07-11T11:55:33,947 [zio-default-async-5] INFO  a.f.a.t.b.SeqModelChecker - State 9: Checking 1 state invariants
2026-07-11T11:55:33,947 [zio-default-async-5] DEBUG a.f.a.t.b.SeqModelChecker - State 9: Checking state invariant 0
2026-07-11T11:55:35,450 [zio-default-async-5] INFO  a.f.a.t.b.SeqModelChecker - State 9: state invariant 0 holds.
2026-07-11T11:55:35,458 [zio-default-async-5] DEBUG a.f.a.t.b.t.TransitionExecutorImpl - Step #9, transition #10
2026-07-11T11:55:35,458 [zio-default-async-5] DEBUG a.f.a.t.b.t.TransitionExecutorImpl - Translating to SMT
2026-07-11T11:55:35,476 [zio-default-async-5] DEBUG a.f.a.t.b.SeqModelChecker - Step 9: Transition #10. Is it enabled?
2026-07-11T11:55:35,783 [zio-default-async-5] DEBUG a.f.a.t.b.SeqModelChecker - Step 9: Transition #10 is enabled
2026-07-11T11:55:35,783 [zio-default-async-5] INFO  a.f.a.t.b.SeqModelChecker - State 9: Checking 1 state invariants
2026-07-11T11:55:35,783 [zio-default-async-5] DEBUG a.f.a.t.b.SeqModelChecker - State 9: Checking state invariant 0
2026-07-11T11:55:41,064 [zio-default-async-5] INFO  a.f.a.t.b.SeqModelChecker - State 9: state invariant 0 holds.
2026-07-11T11:55:41,071 [zio-default-async-5] DEBUG a.f.a.t.b.t.TransitionExecutorImpl - Step #9, transition #11
2026-07-11T11:55:41,072 [zio-default-async-5] DEBUG a.f.a.t.b.t.TransitionExecutorImpl - Translating to SMT
2026-07-11T11:55:41,091 [zio-default-async-5] DEBUG a.f.a.t.b.SeqModelChecker - Step 9: Transition #11. Is it enabled?
2026-07-11T11:55:41,694 [zio-default-async-5] DEBUG a.f.a.t.b.SeqModelChecker - Step 9: Transition #11 is enabled
2026-07-11T11:55:41,694 [zio-default-async-5] INFO  a.f.a.t.b.SeqModelChecker - State 9: Checking 1 state invariants
2026-07-11T11:55:41,694 [zio-default-async-5] DEBUG a.f.a.t.b.SeqModelChecker - State 9: Checking state invariant 0
2026-07-11T11:55:43,910 [zio-default-async-5] INFO  a.f.a.t.b.SeqModelChecker - State 9: state invariant 0 holds.
2026-07-11T11:55:43,918 [zio-default-async-5] DEBUG a.f.a.t.b.t.TransitionExecutorImpl - Step #9, transition #12
2026-07-11T11:55:43,918 [zio-default-async-5] DEBUG a.f.a.t.b.t.TransitionExecutorImpl - Translating to SMT
2026-07-11T11:55:43,939 [zio-default-async-5] DEBUG a.f.a.t.b.SeqModelChecker - Step 9: Transition #12. Is it enabled?
2026-07-11T11:55:43,941 [zio-default-async-5] INFO  a.f.a.t.b.SeqModelChecker - Step 9: Transition #12 is disabled
2026-07-11T11:55:43,944 [zio-default-async-5] DEBUG a.f.a.t.b.t.TransitionExecutorImpl - Step #9, transition #13
2026-07-11T11:55:43,944 [zio-default-async-5] DEBUG a.f.a.t.b.t.TransitionExecutorImpl - Translating to SMT
2026-07-11T11:55:43,964 [zio-default-async-5] DEBUG a.f.a.t.b.SeqModelChecker - Step 9: Transition #13. Is it enabled?
2026-07-11T11:55:43,966 [zio-default-async-5] INFO  a.f.a.t.b.SeqModelChecker - Step 9: Transition #13 is disabled
2026-07-11T11:55:43,969 [zio-default-async-5] INFO  a.f.a.t.b.t.TransitionExecutorImpl - Step 9: picking a transition out of 12 transition(s)
2026-07-11T11:55:43,985 [zio-default-async-5] DEBUG a.f.a.t.b.t.TransitionExecutorImpl - Step #10, transition #0
2026-07-11T11:55:43,985 [zio-default-async-5] DEBUG a.f.a.t.b.t.TransitionExecutorImpl - Translating to SMT
2026-07-11T11:55:44,010 [zio-default-async-5] DEBUG a.f.a.t.b.SeqModelChecker - Step 10: Transition #0. Is it enabled?
2026-07-11T11:55:44,797 [zio-default-async-5] DEBUG a.f.a.t.b.SeqModelChecker - Step 10: Transition #0 is enabled
2026-07-11T11:55:44,797 [zio-default-async-5] INFO  a.f.a.t.b.SeqModelChecker - State 10: Checking 1 state invariants
2026-07-11T11:55:44,797 [zio-default-async-5] DEBUG a.f.a.t.b.SeqModelChecker - State 10: Checking state invariant 0
2026-07-11T11:55:45,180 [zio-default-async-5] INFO  a.f.a.t.b.SeqModelChecker - State 10: state invariant 0 holds.
2026-07-11T11:55:45,186 [zio-default-async-5] DEBUG a.f.a.t.b.t.TransitionExecutorImpl - Step #10, transition #1
2026-07-11T11:55:45,186 [zio-default-async-5] DEBUG a.f.a.t.b.t.TransitionExecutorImpl - Translating to SMT
2026-07-11T11:55:45,227 [zio-default-async-5] DEBUG a.f.a.t.b.SeqModelChecker - Step 10: Transition #1. Is it enabled?
2026-07-11T11:55:45,684 [zio-default-async-5] DEBUG a.f.a.t.b.SeqModelChecker - Step 10: Transition #1 is enabled
2026-07-11T11:55:45,684 [zio-default-async-5] INFO  a.f.a.t.b.SeqModelChecker - State 10: Checking 1 state invariants
2026-07-11T11:55:45,684 [zio-default-async-5] DEBUG a.f.a.t.b.SeqModelChecker - State 10: Checking state invariant 0
2026-07-11T11:55:45,696 [zio-default-async-5] INFO  a.f.a.t.b.SeqModelChecker - State 10: state invariant 0 holds.
2026-07-11T11:55:45,701 [zio-default-async-5] DEBUG a.f.a.t.b.t.TransitionExecutorImpl - Step #10, transition #2
2026-07-11T11:55:45,701 [zio-default-async-5] DEBUG a.f.a.t.b.t.TransitionExecutorImpl - Translating to SMT
2026-07-11T11:55:45,721 [zio-default-async-5] DEBUG a.f.a.t.b.SeqModelChecker - Step 10: Transition #2. Is it enabled?
2026-07-11T11:55:46,096 [zio-default-async-5] DEBUG a.f.a.t.b.SeqModelChecker - Step 10: Transition #2 is enabled
2026-07-11T11:55:46,096 [zio-default-async-5] INFO  a.f.a.t.b.SeqModelChecker - State 10: Checking 1 state invariants
2026-07-11T11:55:46,096 [zio-default-async-5] DEBUG a.f.a.t.b.SeqModelChecker - State 10: Checking state invariant 0
2026-07-11T11:55:46,427 [zio-default-async-5] INFO  a.f.a.t.b.SeqModelChecker - State 10: state invariant 0 holds.
2026-07-11T11:55:46,434 [zio-default-async-5] DEBUG a.f.a.t.b.t.TransitionExecutorImpl - Step #10, transition #3
2026-07-11T11:55:46,435 [zio-default-async-5] DEBUG a.f.a.t.b.t.TransitionExecutorImpl - Translating to SMT
2026-07-11T11:55:46,456 [zio-default-async-5] DEBUG a.f.a.t.b.SeqModelChecker - Step 10: Transition #3. Is it enabled?
2026-07-11T11:55:47,006 [zio-default-async-5] DEBUG a.f.a.t.b.SeqModelChecker - Step 10: Transition #3 is enabled
2026-07-11T11:55:47,007 [zio-default-async-5] INFO  a.f.a.t.b.SeqModelChecker - State 10: Checking 1 state invariants
2026-07-11T11:55:47,007 [zio-default-async-5] DEBUG a.f.a.t.b.SeqModelChecker - State 10: Checking state invariant 0
2026-07-11T11:55:47,016 [zio-default-async-5] INFO  a.f.a.t.b.SeqModelChecker - State 10: state invariant 0 holds.
2026-07-11T11:55:47,021 [zio-default-async-5] DEBUG a.f.a.t.b.t.TransitionExecutorImpl - Step #10, transition #4
2026-07-11T11:55:47,021 [zio-default-async-5] DEBUG a.f.a.t.b.t.TransitionExecutorImpl - Translating to SMT
2026-07-11T11:55:47,041 [zio-default-async-5] DEBUG a.f.a.t.b.SeqModelChecker - Step 10: Transition #4. Is it enabled?
2026-07-11T11:55:47,515 [zio-default-async-5] DEBUG a.f.a.t.b.SeqModelChecker - Step 10: Transition #4 is enabled
2026-07-11T11:55:47,515 [zio-default-async-5] INFO  a.f.a.t.b.SeqModelChecker - State 10: Checking 1 state invariants
2026-07-11T11:55:47,515 [zio-default-async-5] DEBUG a.f.a.t.b.SeqModelChecker - State 10: Checking state invariant 0
2026-07-11T11:55:47,986 [zio-default-async-5] INFO  a.f.a.t.b.SeqModelChecker - State 10: state invariant 0 holds.
2026-07-11T11:55:47,992 [zio-default-async-5] DEBUG a.f.a.t.b.t.TransitionExecutorImpl - Step #10, transition #5
2026-07-11T11:55:47,992 [zio-default-async-5] DEBUG a.f.a.t.b.t.TransitionExecutorImpl - Translating to SMT
2026-07-11T11:55:48,012 [zio-default-async-5] DEBUG a.f.a.t.b.SeqModelChecker - Step 10: Transition #5. Is it enabled?
2026-07-11T11:55:48,640 [zio-default-async-5] DEBUG a.f.a.t.b.SeqModelChecker - Step 10: Transition #5 is enabled
2026-07-11T11:55:48,640 [zio-default-async-5] INFO  a.f.a.t.b.SeqModelChecker - State 10: Checking 1 state invariants
2026-07-11T11:55:48,640 [zio-default-async-5] DEBUG a.f.a.t.b.SeqModelChecker - State 10: Checking state invariant 0
2026-07-11T11:55:48,650 [zio-default-async-5] INFO  a.f.a.t.b.SeqModelChecker - State 10: state invariant 0 holds.
2026-07-11T11:55:48,659 [zio-default-async-5] DEBUG a.f.a.t.b.t.TransitionExecutorImpl - Step #10, transition #6
2026-07-11T11:55:48,659 [zio-default-async-5] DEBUG a.f.a.t.b.t.TransitionExecutorImpl - Translating to SMT
2026-07-11T11:55:48,679 [zio-default-async-5] DEBUG a.f.a.t.b.SeqModelChecker - Step 10: Transition #6. Is it enabled?
2026-07-11T11:55:48,975 [zio-default-async-5] DEBUG a.f.a.t.b.SeqModelChecker - Step 10: Transition #6 is enabled
2026-07-11T11:55:48,975 [zio-default-async-5] INFO  a.f.a.t.b.SeqModelChecker - State 10: Checking 1 state invariants
2026-07-11T11:55:48,975 [zio-default-async-5] DEBUG a.f.a.t.b.SeqModelChecker - State 10: Checking state invariant 0
2026-07-11T11:55:51,631 [zio-default-async-5] INFO  a.f.a.t.b.SeqModelChecker - State 10: state invariant 0 holds.
2026-07-11T11:55:51,641 [zio-default-async-5] DEBUG a.f.a.t.b.t.TransitionExecutorImpl - Step #10, transition #7
2026-07-11T11:55:51,641 [zio-default-async-5] DEBUG a.f.a.t.b.t.TransitionExecutorImpl - Translating to SMT
2026-07-11T11:55:51,661 [zio-default-async-5] DEBUG a.f.a.t.b.SeqModelChecker - Step 10: Transition #7. Is it enabled?
2026-07-11T11:55:52,465 [zio-default-async-5] DEBUG a.f.a.t.b.SeqModelChecker - Step 10: Transition #7 is enabled
2026-07-11T11:55:52,466 [zio-default-async-5] INFO  a.f.a.t.b.SeqModelChecker - State 10: Checking 1 state invariants
2026-07-11T11:55:52,466 [zio-default-async-5] DEBUG a.f.a.t.b.SeqModelChecker - State 10: Checking state invariant 0
2026-07-11T11:55:56,002 [zio-default-async-5] INFO  a.f.a.t.b.SeqModelChecker - State 10: state invariant 0 holds.
2026-07-11T11:55:56,019 [zio-default-async-5] DEBUG a.f.a.t.b.t.TransitionExecutorImpl - Step #10, transition #8
2026-07-11T11:55:56,019 [zio-default-async-5] DEBUG a.f.a.t.b.t.TransitionExecutorImpl - Translating to SMT
2026-07-11T11:55:56,116 [zio-default-async-5] DEBUG a.f.a.t.b.SeqModelChecker - Step 10: Transition #8. Is it enabled?
2026-07-11T11:55:57,065 [zio-default-async-5] DEBUG a.f.a.t.b.SeqModelChecker - Step 10: Transition #8 is enabled
2026-07-11T11:55:57,066 [zio-default-async-5] INFO  a.f.a.t.b.SeqModelChecker - State 10: Checking 1 state invariants
2026-07-11T11:55:57,066 [zio-default-async-5] DEBUG a.f.a.t.b.SeqModelChecker - State 10: Checking state invariant 0
2026-07-11T11:56:01,781 [zio-default-async-5] INFO  a.f.a.t.b.SeqModelChecker - State 10: state invariant 0 holds.
2026-07-11T11:56:01,792 [zio-default-async-5] DEBUG a.f.a.t.b.t.TransitionExecutorImpl - Step #10, transition #9
2026-07-11T11:56:01,792 [zio-default-async-5] DEBUG a.f.a.t.b.t.TransitionExecutorImpl - Translating to SMT
2026-07-11T11:56:01,813 [zio-default-async-5] DEBUG a.f.a.t.b.SeqModelChecker - Step 10: Transition #9. Is it enabled?
2026-07-11T11:56:02,383 [zio-default-async-5] DEBUG a.f.a.t.b.SeqModelChecker - Step 10: Transition #9 is enabled
2026-07-11T11:56:02,383 [zio-default-async-5] INFO  a.f.a.t.b.SeqModelChecker - State 10: Checking 1 state invariants
2026-07-11T11:56:02,383 [zio-default-async-5] DEBUG a.f.a.t.b.SeqModelChecker - State 10: Checking state invariant 0
2026-07-11T11:56:04,339 [zio-default-async-5] INFO  a.f.a.t.b.SeqModelChecker - State 10: state invariant 0 holds.
2026-07-11T11:56:04,349 [zio-default-async-5] DEBUG a.f.a.t.b.t.TransitionExecutorImpl - Step #10, transition #10
2026-07-11T11:56:04,349 [zio-default-async-5] DEBUG a.f.a.t.b.t.TransitionExecutorImpl - Translating to SMT
2026-07-11T11:56:04,370 [zio-default-async-5] DEBUG a.f.a.t.b.SeqModelChecker - Step 10: Transition #10. Is it enabled?
2026-07-11T11:56:04,550 [zio-default-async-5] DEBUG a.f.a.t.b.SeqModelChecker - Step 10: Transition #10 is enabled
2026-07-11T11:56:04,551 [zio-default-async-5] INFO  a.f.a.t.b.SeqModelChecker - State 10: Checking 1 state invariants
2026-07-11T11:56:04,551 [zio-default-async-5] DEBUG a.f.a.t.b.SeqModelChecker - State 10: Checking state invariant 0
2026-07-11T11:56:11,890 [zio-default-async-5] INFO  a.f.a.t.b.SeqModelChecker - State 10: state invariant 0 holds.
2026-07-11T11:56:11,898 [zio-default-async-5] DEBUG a.f.a.t.b.t.TransitionExecutorImpl - Step #10, transition #11
2026-07-11T11:56:11,898 [zio-default-async-5] DEBUG a.f.a.t.b.t.TransitionExecutorImpl - Translating to SMT
2026-07-11T11:56:11,923 [zio-default-async-5] DEBUG a.f.a.t.b.SeqModelChecker - Step 10: Transition #11. Is it enabled?
2026-07-11T11:56:12,615 [zio-default-async-5] DEBUG a.f.a.t.b.SeqModelChecker - Step 10: Transition #11 is enabled
2026-07-11T11:56:12,615 [zio-default-async-5] INFO  a.f.a.t.b.SeqModelChecker - State 10: Checking 1 state invariants
2026-07-11T11:56:12,615 [zio-default-async-5] DEBUG a.f.a.t.b.SeqModelChecker - State 10: Checking state invariant 0
2026-07-11T11:56:13,873 [zio-default-async-5] INFO  a.f.a.t.b.SeqModelChecker - State 10: state invariant 0 holds.
2026-07-11T11:56:13,887 [zio-default-async-5] DEBUG a.f.a.t.b.t.TransitionExecutorImpl - Step #10, transition #12
2026-07-11T11:56:13,887 [zio-default-async-5] DEBUG a.f.a.t.b.t.TransitionExecutorImpl - Translating to SMT
2026-07-11T11:56:13,908 [zio-default-async-5] DEBUG a.f.a.t.b.SeqModelChecker - Step 10: Transition #12. Is it enabled?
2026-07-11T11:56:13,910 [zio-default-async-5] INFO  a.f.a.t.b.SeqModelChecker - Step 10: Transition #12 is disabled
2026-07-11T11:56:13,912 [zio-default-async-5] DEBUG a.f.a.t.b.t.TransitionExecutorImpl - Step #10, transition #13
2026-07-11T11:56:13,912 [zio-default-async-5] DEBUG a.f.a.t.b.t.TransitionExecutorImpl - Translating to SMT
2026-07-11T11:56:13,932 [zio-default-async-5] DEBUG a.f.a.t.b.SeqModelChecker - Step 10: Transition #13. Is it enabled?
2026-07-11T11:56:13,934 [zio-default-async-5] INFO  a.f.a.t.b.SeqModelChecker - Step 10: Transition #13 is disabled
2026-07-11T11:56:13,936 [zio-default-async-5] INFO  a.f.a.t.b.t.TransitionExecutorImpl - Step 10: picking a transition out of 12 transition(s)
2026-07-11T11:56:13,951 [zio-default-async-5] DEBUG a.f.a.t.b.s.Z3SolverContext - Disposing Z3 solver context 0
2026-07-11T11:56:13,996 [zio-default-async-5] INFO  a.f.a.t.b.p.BoundedCheckerPassImpl - The outcome is: NoError
2026-07-11T11:56:13,996 [zio-default-async-5] DEBUG a.f.a.i.p.PassChainExecutor - PASS #13: BoundedChecker [OK]
